realBuyLink,description,expired
https://slickdeals.net/?sdtrk=SiteSearchV2Algo1&afsrc=1&trd=Get%20Deal%20at%20Amazon&sdtid=17122243&tid=17122243&pno=895198&prop=diavail-true%7Cdincp-1%7Cdinpd-0%7Cdipgavail-true&pv=997aca98930511eeb5e5967b084cc5f5&au=c24077ff18404e7fb83b7e5c2091c910,This item has no description,
https://slickdeals.net/?sdtrk=SiteSearchV2Algo1&afsrc=1&trd=Get%20Deal%20at%20Chewy&sdtid=17137240&tid=17137240&pno=897673&prop=diavail-false%7Cdincp-0%7Cdinpd-0%7Cdipgavail-false&pv=9f1b3af0930511ee8a530e6aeaa7f2d9&au=c24077ff18404e7fb83b7e5c2091c910,"Make your kitty’s gift unforgettable this year with a special holiday-themed Goody Box by Chewy.
This holiday Goody Box includes a penguin plush kicker toy; a pack of 10 bouncy, holiday-colored spring toys; a foldable play tunnel; and delicious treats from Temptations and Hartz Delectables. Plus, all three toys include catnip, for maxed-out holiday excitement.
Each item has been hand-picked by the pet-obsessed experts at Chewy.
Save up to 35% by bundling all these cat-approved products together.
Provides an opportunity to strengthen your bond and make this holiday the best one yet.",
https://slickdeals.net/?sdtrk=SiteSearchV2Algo1&afsrc=1&trd=Get%20Deal%20at%20Amazon&sdtid=17124952&tid=17124952&prop=diavail-true%7Cdincp-3%7Cdinpd-0%7Cdipgavail-true&pv=a1fc9fe8930511ee926b96097eac0713&au=c24077ff18404e7fb83b7e5c2091c910,This item has no description,
https://slickdeals.net/?sdtrk=SiteSearchV2Algo1&afsrc=1&trd=Get%20Deal%20at%20Amazon&sdtid=17089180&tid=17089180&pno=891052&prop=diavail-true%7Cdincp-1%7Cdinpd-1%7Cdipgavail-false&pv=a6dfcc88930511eea18736a3be4491b7&au=c24077ff18404e7fb83b7e5c2091c910,This item has no description,
https://slickdeals.net/?sdtrk=SiteSearchV2Algo1&afsrc=1&trd=Get%20Deal%20at%20Amazon&sdtid=17053432&tid=17053432&pno=886408&prop=diavail-true%7Cdincp-3%7Cdinpd-5%7Cdipgavail-true&pv=ab99fc8a930511eeb7bfbafcfc572079&au=c24077ff18404e7fb83b7e5c2091c910,This item has no description,
https://slickdeals.net/?sdtrk=SiteSearchV2Algo1&afsrc=1&trd=Get%20Deal%20at%20Amazon&sdtid=17094664&tid=17094664&pno=891637&prop=diavail-true%7Cdincp-3%7Cdinpd-7%7Cdipgavail-true&pv=b08ed63e930511eeaf152a34d537341f&au=c24077ff18404e7fb83b7e5c2091c910,This item has no description,
https://slickdeals.net/?sdtrk=SiteSearchV2Algo1&afsrc=1&trd=Get%20Deal%20at%20Chewy&sdtid=17043058&tid=17043058&pno=885532&prop=diavail-false%7Cdincp-0%7Cdinpd-0%7Cdipgavail-false&pv=b51732c8930511eeb1850a985dc1f53e&au=c24077ff18404e7fb83b7e5c2091c910,This item has no description,
https://slickdeals.net/?sdtrk=SiteSearchV2Algo1&afsrc=1&trd=Get%20Deal%20at%20Amazon&sdtid=17077678&tid=17077678&prop=diavail-false%7Cdincp-0%7Cdinpd-0%7Cdipgavail-false&pv=b9bc8558930511ee8a439aec81e22f08&au=c24077ff18404e7fb83b7e5c2091c910,This item has no description,
https://slickdeals.net/?sdtrk=SiteSearchV2Algo1&afsrc=1&trd=Get%20Deal%20at%20Amazon&sdtid=16987027&tid=16987027&pno=875758&prop=diavail-false%7Cdincp-0%7Cdinpd-0%7Cdipgavail-false&pv=be2ceace930511ee8cc9a66a415f3ee7&au=c24077ff18404e7fb83b7e5c2091c910,This item has no description,
https://slickdeals.net/?sdtrk=SiteSearchV2Algo1&afsrc=1&trd=Get%20Deal%20at%20Chewy&sdtid=17083981&tid=17083981&prop=diavail-false%7Cdincp-0%7Cdinpd-0%7Cdipgavail-false&pv=c2cc6d98930511ee99dfae84f36f74ac&au=c24077ff18404e7fb83b7e5c2091c910,This item has no description,
https://slickdeals.net/?sdtrk=SiteSearchV2Algo1&afsrc=1&trd=Get%20Deal%20at%20Target&sdtid=17126050&tid=17126050&prop=diavail-false%7Cdincp-0%7Cdinpd-0%7Cdipgavail-false&pv=c75bc8a4930511eea5bf7a43b6270382&au=c24077ff18404e7fb83b7e5c2091c910,This item has no description,
https://slickdeals.net/?sdtrk=SiteSearchV2Algo1&afsrc=1&trd=Get%20Deal%20at%20Chewy&sdtid=17068570&tid=17068570&prop=diavail-false%7Cdincp-0%7Cdinpd-0%7Cdipgavail-false&pv=cbb458bc930511ee8fda2a34d537341f&au=c24077ff18404e7fb83b7e5c2091c910,This item has no description,
https://slickdeals.net/?sdtrk=SiteSearchV2Algo1&afsrc=1&trd=Get%20Deal%20at%20Chewy&sdtid=17084221&tid=17084221&prop=diavail-false%7Cdincp-0%7Cdinpd-0%7Cdipgavail-false&pv=d049bdd6930511ee9d00f6836995d55b&au=c24077ff18404e7fb83b7e5c2091c910,"100% nutritionally and complete rewards for adult cats.
Each piece has under two calories per treat, so your cat can enjoy more, and you don’t have to feel guilty about giving her more!
Delivers a variety of textures with a crunchy outside and a soft and creamy inside.
Made with a unique pocket shape and a lip-smacking tuna, shrimp and salmon flavors that will have your pal purring for more.
Crafted with vitamins and taurine—an amino acid that helps support your cat’s overall health and well-being.",
https://slickdeals.net/?sdtrk=SiteSearchV2Algo1&afsrc=1&trd=Get%20Deal%20at%20Amazon&sdtid=17043874&tid=17043874&prop=diavail-true%7Cdincp-1%7Cdinpd-1%7Cdipgavail-true&pv=d3536b76930511ee94e70e774cf9d669&au=c24077ff18404e7fb83b7e5c2091c910,This item has no description,
https://slickdeals.net/?sdtrk=SiteSearchV2Algo1&afsrc=1&trd=Get%20Deal%20at%20Amazon&sdtid=17085571&tid=17085571&prop=diavail-true%7Cdincp-3%7Cdinpd-0%7Cdipgavail-true&pv=d80ddda4930511eeb233c258c79c7091&au=c24077ff18404e7fb83b7e5c2091c910,This item has no description,
https://slickdeals.net/?sdtrk=SiteSearchV2Algo1&afsrc=1&trd=Get%20Deal%20at%20Chewy&sdtid=16985176&tid=16985176&prop=diavail-false%7Cdincp-0%7Cdinpd-0%7Cdipgavail-false&pv=dcb71b5e930511ee8054162af5eba7fc&au=c24077ff18404e7fb83b7e5c2091c910,This item has no description,
https://slickdeals.net/?sdtrk=SiteSearchV2Algo1&afsrc=1&trd=Get%20Deal%20at%20PetSmart&sdtid=16970122&tid=16970122&prop=diavail-false%7Cdincp-0%7Cdinpd-0%7Cdipgavail-false&pv=e13858b4930511ee80a6868ec6c9cf1a&au=c24077ff18404e7fb83b7e5c2091c910,This item has no description,
https://slickdeals.net/?sdtrk=SiteSearchV2Algo1&afsrc=1&trd=Get%20Deal%20at%20Amazon&sdtid=17059657&tid=17059657&prop=diavail-true%7Cdincp-3%7Cdinpd-6%7Cdipgavail-true&pv=e5b8ab8c930511eea44e6ea02c65049f&au=c24077ff18404e7fb83b7e5c2091c910,This item has no description,
https://slickdeals.net/?sdtrk=SiteSearchV2Algo1&afsrc=1&trd=Get%20Deal%20at%20Amazon&sdtid=16994641&tid=16994641&prop=diavail-true%7Cdincp-2%7Cdinpd-0%7Cdipgavail-true&pv=ea399f54930511ee93ac8230a98a4655&au=c24077ff18404e7fb83b7e5c2091c910,This item has no description,
https://slickdeals.net/?sdtrk=SiteSearchV2Algo1&afsrc=1&trd=Get%20Deal%20at%20Amazon&sdtid=17095798&tid=17095798&prop=diavail-false%7Cdincp-0%7Cdinpd-0%7Cdipgavail-false&pv=f00778b6930511eebf7f8280f768462e&au=c24077ff18404e7fb83b7e5c2091c910,This item has no description,
https://slickdeals.net/?sdtrk=SiteSearchV2Algo1&afsrc=1&trd=Get%20Deal%20at%20Amazon&sdtid=17122243&tid=17122243&pno=895198&prop=diavail-true%7Cdincp-1%7Cdinpd-0%7Cdipgavail-true&pv=f4877490930511ee839fa66a415f3ee7&au=c24077ff18404e7fb83b7e5c2091c910,This item has no description,
https://slickdeals.net/?sdtrk=SiteSearchV2Algo1&afsrc=1&trd=Get%20Deal%20at%20Chewy&sdtid=17137240&tid=17137240&pno=897673&prop=diavail-false%7Cdincp-0%7Cdinpd-0%7Cdipgavail-false&pv=f9079590930511eeaafe2a338d338185&au=c24077ff18404e7fb83b7e5c2091c910,"Make your kitty’s gift unforgettable this year with a special holiday-themed Goody Box by Chewy.
This holiday Goody Box includes a penguin plush kicker toy; a pack of 10 bouncy, holiday-colored spring toys; a foldable play tunnel; and delicious treats from Temptations and Hartz Delectables. Plus, all three toys include catnip, for maxed-out holiday excitement.
Each item has been hand-picked by the pet-obsessed experts at Chewy.
Save up to 35% by bundling all these cat-approved products together.
Provides an opportunity to strengthen your bond and make this holiday the best one yet.",
https://slickdeals.net/?sdtrk=SiteSearchV2Algo1&afsrc=1&trd=Get%20Deal%20at%20Amazon&sdtid=17124952&tid=17124952&prop=diavail-true%7Cdincp-3%7Cdinpd-0%7Cdipgavail-true&pv=fb83267c930511eebbdfea10a259d0d4&au=c24077ff18404e7fb83b7e5c2091c910,This item has no description,
https://slickdeals.net/?sdtrk=SiteSearchV2Algo1&afsrc=1&trd=Get%20Deal%20at%20Amazon&sdtid=17089180&tid=17089180&pno=891052&prop=diavail-true%7Cdincp-1%7Cdinpd-1%7Cdipgavail-false&pv=ffd6cef4930511eea2788e47b639583f&au=c24077ff18404e7fb83b7e5c2091c910,This item has no description,
https://slickdeals.net/?sdtrk=SiteSearchV2Algo1&afsrc=1&trd=Get%20Deal%20at%20Amazon&sdtid=17053432&tid=17053432&pno=886408&prop=diavail-true%7Cdincp-3%7Cdinpd-5%7Cdipgavail-true&pv=043acb6c930611ee8aa646a353a83649&au=c24077ff18404e7fb83b7e5c2091c910,This item has no description,
https://slickdeals.net/?sdtrk=SiteSearchV2Algo1&afsrc=1&trd=Get%20Deal%20at%20Amazon&sdtid=17094664&tid=17094664&pno=891637&prop=diavail-true%7Cdincp-3%7Cdinpd-7%7Cdipgavail-true&pv=08903cba930611ee95e6aeb9af6f605e&au=c24077ff18404e7fb83b7e5c2091c910,This item has no description,
https://slickdeals.net/?sdtrk=SiteSearchV2Algo1&afsrc=1&trd=Get%20Deal%20at%20Chewy&sdtid=17043058&tid=17043058&pno=885532&prop=diavail-false%7Cdincp-0%7Cdinpd-0%7Cdipgavail-false&pv=0cf37c18930611eeaa9812735a8b63a5&au=c24077ff18404e7fb83b7e5c2091c910,This item has no description,
https://slickdeals.net/?sdtrk=SiteSearchV2Algo1&afsrc=1&trd=Get%20Deal%20at%20Amazon&sdtid=17077678&tid=17077678&prop=diavail-false%7Cdincp-0%7Cdinpd-0%7Cdipgavail-false&pv=1158ccc2930611ee8a5196bc129f10c7&au=c24077ff18404e7fb83b7e5c2091c910,This item has no description,
https://slickdeals.net/?sdtrk=SiteSearchV2Algo1&afsrc=1&trd=Get%20Deal%20at%20Amazon&sdtid=16987027&tid=16987027&pno=875758&prop=diavail-false%7Cdincp-0%7Cdinpd-0%7Cdipgavail-false&pv=15b598d6930611eea50c5a85c909964f&au=c24077ff18404e7fb83b7e5c2091c910,This item has no description,
https://slickdeals.net/?sdtrk=SiteSearchV2Algo1&afsrc=1&trd=Get%20Deal%20at%20Chewy&sdtid=17083981&tid=17083981&prop=diavail-false%7Cdincp-0%7Cdinpd-0%7Cdipgavail-false&pv=1a088574930611ee8d900e6aeaa7f2d9&au=c24077ff18404e7fb83b7e5c2091c910,This item has no description,
https://slickdeals.net/?sdtrk=SiteSearchV2Algo1&afsrc=1&trd=Get%20Deal%20at%20Target&sdtid=17126050&tid=17126050&prop=diavail-false%7Cdincp-0%7Cdinpd-0%7Cdipgavail-false&pv=1e50fed6930611eea446326a88790afe&au=c24077ff18404e7fb83b7e5c2091c910,This item has no description,
https://slickdeals.net/?sdtrk=SiteSearchV2Algo1&afsrc=1&trd=Get%20Deal%20at%20Chewy&sdtid=17068570&tid=17068570&prop=diavail-false%7Cdincp-0%7Cdinpd-0%7Cdipgavail-false&pv=22730c48930611ee940c3e364c14c401&au=c24077ff18404e7fb83b7e5c2091c910,This item has no description,
https://slickdeals.net/?sdtrk=SiteSearchV2Algo1&afsrc=1&trd=Get%20Deal%20at%20Chewy&sdtid=17084221&tid=17084221&prop=diavail-false%7Cdincp-0%7Cdinpd-0%7Cdipgavail-false&pv=26ad1f7e930611ee85d7ba76352d654b&au=c24077ff18404e7fb83b7e5c2091c910,"100% nutritionally and complete rewards for adult cats.
Each piece has under two calories per treat, so your cat can enjoy more, and you don’t have to feel guilty about giving her more!
Delivers a variety of textures with a crunchy outside and a soft and creamy inside.
Made with a unique pocket shape and a lip-smacking tuna, shrimp and salmon flavors that will have your pal purring for more.
Crafted with vitamins and taurine—an amino acid that helps support your cat’s overall health and well-being.",
https://slickdeals.net/?sdtrk=SiteSearchV2Algo1&afsrc=1&trd=Get%20Deal%20at%20Amazon&sdtid=17043874&tid=17043874&prop=diavail-true%7Cdincp-1%7Cdinpd-1%7Cdipgavail-true&pv=291b303e930611ee8060266c2775f9cb&au=c24077ff18404e7fb83b7e5c2091c910,This item has no description,
https://slickdeals.net/?sdtrk=SiteSearchV2Algo1&afsrc=1&trd=Get%20Deal%20at%20Amazon&sdtid=17085571&tid=17085571&prop=diavail-true%7Cdincp-3%7Cdinpd-0%7Cdipgavail-true&pv=2d71704e930611eeb2822a338d338185&au=c24077ff18404e7fb83b7e5c2091c910,This item has no description,
https://slickdeals.net/?sdtrk=SiteSearchV2Algo1&afsrc=1&trd=Get%20Deal%20at%20Chewy&sdtid=16985176&tid=16985176&prop=diavail-false%7Cdincp-0%7Cdinpd-0%7Cdipgavail-false&pv=33506416930611eea77d32155b593741&au=c24077ff18404e7fb83b7e5c2091c910,This item has no description,
https://slickdeals.net/?sdtrk=SiteSearchV2Algo1&afsrc=1&trd=Get%20Deal%20at%20PetSmart&sdtid=16970122&tid=16970122&prop=diavail-false%7Cdincp-0%7Cdinpd-0%7Cdipgavail-false&pv=37c81ade930611eeb5c632e1bb81e18c&au=c24077ff18404e7fb83b7e5c2091c910,This item has no description,
https://slickdeals.net/?sdtrk=SiteSearchV2Algo1&afsrc=1&trd=Get%20Deal%20at%20Amazon&sdtid=17059657&tid=17059657&prop=diavail-true%7Cdincp-3%7Cdinpd-6%7Cdipgavail-true&pv=3c29fa84930611eeb4207e1b23435637&au=c24077ff18404e7fb83b7e5c2091c910,This item has no description,
https://slickdeals.net/?sdtrk=SiteSearchV2Algo1&afsrc=1&trd=Get%20Deal%20at%20Amazon&sdtid=16994641&tid=16994641&prop=diavail-true%7Cdincp-2%7Cdinpd-0%7Cdipgavail-true&pv=408072fc930611eeb38d12735a8b63a5&au=c24077ff18404e7fb83b7e5c2091c910,This item has no description,
https://slickdeals.net/?sdtrk=SiteSearchV2Algo1&afsrc=1&trd=Get%20Deal%20at%20Amazon&sdtid=17095798&tid=17095798&prop=diavail-false%7Cdincp-0%7Cdinpd-0%7Cdipgavail-false&pv=44e16964930611ee972c96097eac0713&au=c24077ff18404e7fb83b7e5c2091c910,This item has no description,
https://slickdeals.net/?sdtrk=SiteSearchV2Algo1&afsrc=1&trd=Get%20Deal%20at%20Amazon&sdtid=17122243&tid=17122243&pno=895198&prop=diavail-true%7Cdincp-1%7Cdinpd-0%7Cdipgavail-true&pv=4931ff88930611ee8cf412735a8b63a5&au=c24077ff18404e7fb83b7e5c2091c910,This item has no description,
https://slickdeals.net/?sdtrk=SiteSearchV2Algo1&afsrc=1&trd=Get%20Deal%20at%20Chewy&sdtid=17137240&tid=17137240&pno=897673&prop=diavail-false%7Cdincp-0%7Cdinpd-0%7Cdipgavail-false&pv=4da999fe930611ee8fef9a140b1569d6&au=c24077ff18404e7fb83b7e5c2091c910,"Make your kitty’s gift unforgettable this year with a special holiday-themed Goody Box by Chewy.
This holiday Goody Box includes a penguin plush kicker toy; a pack of 10 bouncy, holiday-colored spring toys; a foldable play tunnel; and delicious treats from Temptations and Hartz Delectables. Plus, all three toys include catnip, for maxed-out holiday excitement.
Each item has been hand-picked by the pet-obsessed experts at Chewy.
Save up to 35% by bundling all these cat-approved products together.
Provides an opportunity to strengthen your bond and make this holiday the best one yet.",
https://slickdeals.net/?sdtrk=SiteSearchV2Algo1&afsrc=1&trd=Get%20Deal%20at%20Amazon&sdtid=17124952&tid=17124952&prop=diavail-true%7Cdincp-3%7Cdinpd-0%7Cdipgavail-true&pv=5019387a930611eebb71f23d550c2941&au=c24077ff18404e7fb83b7e5c2091c910,This item has no description,
https://slickdeals.net/?sdtrk=SiteSearchV2Algo1&afsrc=1&trd=Get%20Deal%20at%20Amazon&sdtid=17089180&tid=17089180&pno=891052&prop=diavail-true%7Cdincp-1%7Cdinpd-1%7Cdipgavail-false&pv=546bfae8930611ee83d1dafb51a00520&au=c24077ff18404e7fb83b7e5c2091c910,This item has no description,
https://slickdeals.net/?sdtrk=SiteSearchV2Algo1&afsrc=1&trd=Get%20Deal%20at%20Amazon&sdtid=17053432&tid=17053432&pno=886408&prop=diavail-true%7Cdincp-3%7Cdinpd-5%7Cdipgavail-true&pv=58ee1e5c930611eeaaf1ea7718e137e0&au=c24077ff18404e7fb83b7e5c2091c910,This item has no description,
https://slickdeals.net/?sdtrk=SiteSearchV2Algo1&afsrc=1&trd=Get%20Deal%20at%20Amazon&sdtid=17094664&tid=17094664&pno=891637&prop=diavail-true%7Cdincp-3%7Cdinpd-7%7Cdipgavail-true&pv=5d62c96a930611eeb84a76a70f53cfb2&au=c24077ff18404e7fb83b7e5c2091c910,This item has no description,
https://slickdeals.net/?sdtrk=SiteSearchV2Algo1&afsrc=1&trd=Get%20Deal%20at%20Chewy&sdtid=17043058&tid=17043058&pno=885532&prop=diavail-false%7Cdincp-0%7Cdinpd-0%7Cdipgavail-false&pv=61c631c2930611ee8a87aeb9af6f605e&au=c24077ff18404e7fb83b7e5c2091c910,This item has no description,
https://slickdeals.net/?sdtrk=SiteSearchV2Algo1&afsrc=1&trd=Get%20Deal%20at%20Amazon&sdtid=17077678&tid=17077678&prop=diavail-false%7Cdincp-0%7Cdinpd-0%7Cdipgavail-false&pv=662368de930611eeaf31ced5612574d3&au=c24077ff18404e7fb83b7e5c2091c910,This item has no description,
https://slickdeals.net/?sdtrk=SiteSearchV2Algo1&afsrc=1&trd=Get%20Deal%20at%20Amazon&sdtid=16987027&tid=16987027&pno=875758&prop=diavail-false%7Cdincp-0%7Cdinpd-0%7Cdipgavail-false&pv=6a5bf038930611eeb1c5dafb51a00520&au=c24077ff18404e7fb83b7e5c2091c910,This item has no description,
https://slickdeals.net/?sdtrk=SiteSearchV2Algo1&afsrc=1&trd=Get%20Deal%20at%20Chewy&sdtid=17083981&tid=17083981&prop=diavail-false%7Cdincp-0%7Cdinpd-0%7Cdipgavail-false&pv=6ec1b270930611eeae539edbf881296a&au=c24077ff18404e7fb83b7e5c2091c910,This item has no description,
https://slickdeals.net/?sdtrk=SiteSearchV2Algo1&afsrc=1&trd=Get%20Deal%20at%20Target&sdtid=17126050&tid=17126050&prop=diavail-false%7Cdincp-0%7Cdinpd-0%7Cdipgavail-false&pv=7318739a930611ee9d3942e834a7e014&au=c24077ff18404e7fb83b7e5c2091c910,This item has no description,
https://slickdeals.net/?sdtrk=SiteSearchV2Algo1&afsrc=1&trd=Get%20Deal%20at%20Chewy&sdtid=17068570&tid=17068570&prop=diavail-false%7Cdincp-0%7Cdinpd-0%7Cdipgavail-false&pv=7787dbfa930611eeb9e9ee446ae44d1d&au=c24077ff18404e7fb83b7e5c2091c910,This item has no description,
https://slickdeals.net/?sdtrk=SiteSearchV2Algo1&afsrc=1&trd=Get%20Deal%20at%20Chewy&sdtid=17084221&tid=17084221&prop=diavail-false%7Cdincp-0%7Cdinpd-0%7Cdipgavail-false&pv=7bcc88f0930611ee8615e645f6083ee1&au=c24077ff18404e7fb83b7e5c2091c910,"100% nutritionally and complete rewards for adult cats.
Each piece has under two calories per treat, so your cat can enjoy more, and you don’t have to feel guilty about giving her more!
Delivers a variety of textures with a crunchy outside and a soft and creamy inside.
Made with a unique pocket shape and a lip-smacking tuna, shrimp and salmon flavors that will have your pal purring for more.
Crafted with vitamins and taurine—an amino acid that helps support your cat’s overall health and well-being.",
https://slickdeals.net/?sdtrk=SiteSearchV2Algo1&afsrc=1&trd=Get%20Deal%20at%20Amazon&sdtid=17043874&tid=17043874&prop=diavail-true%7Cdincp-1%7Cdinpd-1%7Cdipgavail-true&pv=7e3b1e9e930611ee8ec1aeb9af6f605e&au=c24077ff18404e7fb83b7e5c2091c910,This item has no description,
https://slickdeals.net/?sdtrk=SiteSearchV2Algo1&afsrc=1&trd=Get%20Deal%20at%20Amazon&sdtid=17085571&tid=17085571&prop=diavail-true%7Cdincp-3%7Cdinpd-0%7Cdipgavail-true&pv=826d478a930611ee98839277d926bb46&au=c24077ff18404e7fb83b7e5c2091c910,This item has no description,
https://slickdeals.net/?sdtrk=SiteSearchV2Algo1&afsrc=1&trd=Get%20Deal%20at%20Chewy&sdtid=16985176&tid=16985176&prop=diavail-false%7Cdincp-0%7Cdinpd-0%7Cdipgavail-false&pv=86c3b904930611ee95af2ecf0bfff0bf&au=c24077ff18404e7fb83b7e5c2091c910,This item has no description,
https://slickdeals.net/?sdtrk=SiteSearchV2Algo1&afsrc=1&trd=Get%20Deal%20at%20PetSmart&sdtid=16970122&tid=16970122&prop=diavail-false%7Cdincp-0%7Cdinpd-0%7Cdipgavail-false&pv=8b081d0c930611eebd9f7eba4bb8dbe8&au=c24077ff18404e7fb83b7e5c2091c910,This item has no description,
https://slickdeals.net/?sdtrk=SiteSearchV2Algo1&afsrc=1&trd=Get%20Deal%20at%20Amazon&sdtid=17059657&tid=17059657&prop=diavail-true%7Cdincp-3%7Cdinpd-6%7Cdipgavail-true&pv=8f3cc83c930611eeb199bafcfc572079&au=c24077ff18404e7fb83b7e5c2091c910,This item has no description,
https://slickdeals.net/?sdtrk=SiteSearchV2Algo1&afsrc=1&trd=Get%20Deal%20at%20Amazon&sdtid=16994641&tid=16994641&prop=diavail-true%7Cdincp-2%7Cdinpd-0%7Cdipgavail-true&pv=938b9e40930611ee85baf2b6c0bebaaf&au=c24077ff18404e7fb83b7e5c2091c910,This item has no description,
https://slickdeals.net/?sdtrk=SiteSearchV2Algo1&afsrc=1&trd=Get%20Deal%20at%20Amazon&sdtid=17095798&tid=17095798&prop=diavail-false%7Cdincp-0%7Cdinpd-0%7Cdipgavail-false&pv=97d84c78930611eeb228ee7b3f3e8d1f&au=c24077ff18404e7fb83b7e5c2091c910,This item has no description,
https://slickdeals.net/?sdtrk=SiteSearchV2Algo1&afsrc=1&trd=Get%20Deal%20at%20Amazon&sdtid=17122243&tid=17122243&pno=895198&prop=diavail-true%7Cdincp-1%7Cdinpd-0%7Cdipgavail-true&pv=9c3eb220930611ee9d44362f91a0a8f9&au=c24077ff18404e7fb83b7e5c2091c910,This item has no description,
https://slickdeals.net/?sdtrk=SiteSearchV2Algo1&afsrc=1&trd=Get%20Deal%20at%20Chewy&sdtid=17137240&tid=17137240&pno=897673&prop=diavail-false%7Cdincp-0%7Cdinpd-0%7Cdipgavail-false&pv=a0d9a218930611ee9d2dfae05afd5f94&au=c24077ff18404e7fb83b7e5c2091c910,"Make your kitty’s gift unforgettable this year with a special holiday-themed Goody Box by Chewy.
This holiday Goody Box includes a penguin plush kicker toy; a pack of 10 bouncy, holiday-colored spring toys; a foldable play tunnel; and delicious treats from Temptations and Hartz Delectables. Plus, all three toys include catnip, for maxed-out holiday excitement.
Each item has been hand-picked by the pet-obsessed experts at Chewy.
Save up to 35% by bundling all these cat-approved products together.
Provides an opportunity to strengthen your bond and make this holiday the best one yet.",
https://slickdeals.net/?sdtrk=SiteSearchV2Algo1&afsrc=1&trd=Get%20Deal%20at%20Amazon&sdtid=17124952&tid=17124952&prop=diavail-true%7Cdincp-3%7Cdinpd-0%7Cdipgavail-true&pv=a3ce06d0930611eeb92e363f2c00ba5d&au=c24077ff18404e7fb83b7e5c2091c910,This item has no description,
https://slickdeals.net/?sdtrk=SiteSearchV2Algo1&afsrc=1&trd=Get%20Deal%20at%20Amazon&sdtid=17089180&tid=17089180&pno=891052&prop=diavail-true%7Cdincp-1%7Cdinpd-1%7Cdipgavail-false&pv=a828c6d4930611eea3cef68da10d4181&au=c24077ff18404e7fb83b7e5c2091c910,This item has no description,
https://slickdeals.net/?sdtrk=SiteSearchV2Algo1&afsrc=1&trd=Get%20Deal%20at%20Amazon&sdtid=17053432&tid=17053432&pno=886408&prop=diavail-true%7Cdincp-3%7Cdinpd-5%7Cdipgavail-true&pv=ac6a42fe930611ee872d36987a0a01ff&au=c24077ff18404e7fb83b7e5c2091c910,This item has no description,
https://slickdeals.net/?sdtrk=SiteSearchV2Algo1&afsrc=1&trd=Get%20Deal%20at%20Amazon&sdtid=17094664&tid=17094664&pno=891637&prop=diavail-true%7Cdincp-3%7Cdinpd-7%7Cdipgavail-true&pv=b0d9a92e930611eebde602d4353d21bf&au=c24077ff18404e7fb83b7e5c2091c910,This item has no description,
https://slickdeals.net/?sdtrk=SiteSearchV2Algo1&afsrc=1&trd=Get%20Deal%20at%20Chewy&sdtid=17043058&tid=17043058&pno=885532&prop=diavail-false%7Cdincp-0%7Cdinpd-0%7Cdipgavail-false&pv=b55d67b0930611eeac3cbafcfc572079&au=c24077ff18404e7fb83b7e5c2091c910,This item has no description,
https://slickdeals.net/?sdtrk=SiteSearchV2Algo1&afsrc=1&trd=Get%20Deal%20at%20Amazon&sdtid=17077678&tid=17077678&prop=diavail-false%7Cdincp-0%7Cdinpd-0%7Cdipgavail-false&pv=b9d84684930611ee8a18162af5eba7fc&au=c24077ff18404e7fb83b7e5c2091c910,This item has no description,
https://slickdeals.net/?sdtrk=SiteSearchV2Algo1&afsrc=1&trd=Get%20Deal%20at%20Amazon&sdtid=16987027&tid=16987027&pno=875758&prop=diavail-false%7Cdincp-0%7Cdinpd-0%7Cdipgavail-false&pv=be2360c0930611ee9a315281c35caba3&au=c24077ff18404e7fb83b7e5c2091c910,This item has no description,
https://slickdeals.net/?sdtrk=SiteSearchV2Algo1&afsrc=1&trd=Get%20Deal%20at%20Chewy&sdtid=17083981&tid=17083981&prop=diavail-false%7Cdincp-0%7Cdinpd-0%7Cdipgavail-false&pv=c263b1bc930611ee86d8dee7c78a78dc&au=c24077ff18404e7fb83b7e5c2091c910,This item has no description,
https://slickdeals.net/?sdtrk=SiteSearchV2Algo1&afsrc=1&trd=Get%20Deal%20at%20Target&sdtid=17126050&tid=17126050&prop=diavail-false%7Cdincp-0%7Cdinpd-0%7Cdipgavail-false&pv=c6ad627c930611eea0215a85c909964f&au=c24077ff18404e7fb83b7e5c2091c910,This item has no description,
https://slickdeals.net/?sdtrk=SiteSearchV2Algo1&afsrc=1&trd=Get%20Deal%20at%20Chewy&sdtid=17068570&tid=17068570&prop=diavail-false%7Cdincp-0%7Cdinpd-0%7Cdipgavail-false&pv=cad894a2930611ee835a9ee15ae9a4c5&au=c24077ff18404e7fb83b7e5c2091c910,This item has no description,
https://slickdeals.net/?sdtrk=SiteSearchV2Algo1&afsrc=1&trd=Get%20Deal%20at%20Chewy&sdtid=17084221&tid=17084221&prop=diavail-false%7Cdincp-0%7Cdinpd-0%7Cdipgavail-false&pv=cf084ff4930611eea127324be198f591&au=c24077ff18404e7fb83b7e5c2091c910,"100% nutritionally and complete rewards for adult cats.
Each piece has under two calories per treat, so your cat can enjoy more, and you don’t have to feel guilty about giving her more!
Delivers a variety of textures with a crunchy outside and a soft and creamy inside.
Made with a unique pocket shape and a lip-smacking tuna, shrimp and salmon flavors that will have your pal purring for more.
Crafted with vitamins and taurine—an amino acid that helps support your cat’s overall health and well-being.",
https://slickdeals.net/?sdtrk=SiteSearchV2Algo1&afsrc=1&trd=Get%20Deal%20at%20Amazon&sdtid=17043874&tid=17043874&prop=diavail-true%7Cdincp-1%7Cdinpd-1%7Cdipgavail-true&pv=d183478e930611eeb321d28e2e2cc546&au=c24077ff18404e7fb83b7e5c2091c910,This item has no description,
https://slickdeals.net/?sdtrk=SiteSearchV2Algo1&afsrc=1&trd=Get%20Deal%20at%20Amazon&sdtid=17085571&tid=17085571&prop=diavail-true%7Cdincp-3%7Cdinpd-0%7Cdipgavail-true&pv=d5d7373c930611ee89889e6251c4153f&au=c24077ff18404e7fb83b7e5c2091c910,This item has no description,
https://slickdeals.net/?sdtrk=SiteSearchV2Algo1&afsrc=1&trd=Get%20Deal%20at%20Chewy&sdtid=16985176&tid=16985176&prop=diavail-false%7Cdincp-0%7Cdinpd-0%7Cdipgavail-false&pv=d9ff1ab4930611ee8ba8aa402ec8805f&au=c24077ff18404e7fb83b7e5c2091c910,This item has no description,
https://slickdeals.net/?sdtrk=SiteSearchV2Algo1&afsrc=1&trd=Get%20Deal%20at%20Amazon&sdtid=17059657&tid=17059657&prop=diavail-true%7Cdincp-3%7Cdinpd-6%7Cdipgavail-true&pv=de47cce2930611ee976dd289d02817d7&au=c24077ff18404e7fb83b7e5c2091c910,This item has no description,
https://slickdeals.net/?sdtrk=SiteSearchV2Algo1&afsrc=1&trd=Get%20Deal%20at%20PetSmart&sdtid=16970122&tid=16970122&prop=diavail-false%7Cdincp-0%7Cdinpd-0%7Cdipgavail-false&pv=e287c97e930611ee8e46324be198f591&au=c24077ff18404e7fb83b7e5c2091c910,This item has no description,
https://slickdeals.net/?sdtrk=SiteSearchV2Algo1&afsrc=1&trd=Get%20Deal%20at%20Amazon&sdtid=16994641&tid=16994641&prop=diavail-true%7Cdincp-2%7Cdinpd-0%7Cdipgavail-true&pv=e6c308c8930611ee94e09ae98ab22c26&au=c24077ff18404e7fb83b7e5c2091c910,This item has no description,
https://slickdeals.net/?sdtrk=SiteSearchV2Algo1&afsrc=1&trd=Get%20Deal%20at%20Amazon&sdtid=17095798&tid=17095798&prop=diavail-false%7Cdincp-0%7Cdinpd-0%7Cdipgavail-false&pv=eb06bd6c930611eea4b39edbf881296a&au=c24077ff18404e7fb83b7e5c2091c910,This item has no description,
https://slickdeals.net/?sdtrk=SiteSearchV2Algo1&afsrc=1&trd=Get%20Deal%20at%20Amazon&sdtid=17122243&tid=17122243&pno=895198&prop=diavail-true%7Cdincp-1%7Cdinpd-0%7Cdipgavail-true&pv=ef54c044930611ee87b652d99aef8a32&au=c24077ff18404e7fb83b7e5c2091c910,This item has no description,
https://slickdeals.net/?sdtrk=SiteSearchV2Algo1&afsrc=1&trd=Get%20Deal%20at%20Chewy&sdtid=17137240&tid=17137240&pno=897673&prop=diavail-false%7Cdincp-0%7Cdinpd-0%7Cdipgavail-false&pv=f3c44604930611ee88719e51afe3efdb&au=c24077ff18404e7fb83b7e5c2091c910,"Make your kitty’s gift unforgettable this year with a special holiday-themed Goody Box by Chewy.
This holiday Goody Box includes a penguin plush kicker toy; a pack of 10 bouncy, holiday-colored spring toys; a foldable play tunnel; and delicious treats from Temptations and Hartz Delectables. Plus, all three toys include catnip, for maxed-out holiday excitement.
Each item has been hand-picked by the pet-obsessed experts at Chewy.
Save up to 35% by bundling all these cat-approved products together.
Provides an opportunity to strengthen your bond and make this holiday the best one yet.",
https://slickdeals.net/?sdtrk=SiteSearchV2Algo1&afsrc=1&trd=Get%20Deal%20at%20Amazon&sdtid=17124952&tid=17124952&prop=diavail-true%7Cdincp-3%7Cdinpd-0%7Cdipgavail-true&pv=f66170bc930611eea84052d99aef8a32&au=c24077ff18404e7fb83b7e5c2091c910,This item has no description,
https://slickdeals.net/?sdtrk=SiteSearchV2Algo1&afsrc=1&trd=Get%20Deal%20at%20Amazon&sdtid=17089180&tid=17089180&pno=891052&prop=diavail-true%7Cdincp-1%7Cdinpd-1%7Cdipgavail-false&pv=fa9fdc04930611ee80bece95ad32fc49&au=c24077ff18404e7fb83b7e5c2091c910,This item has no description,
https://slickdeals.net/?sdtrk=SiteSearchV2Algo1&afsrc=1&trd=Get%20Deal%20at%20Amazon&sdtid=17053432&tid=17053432&pno=886408&prop=diavail-true%7Cdincp-3%7Cdinpd-5%7Cdipgavail-true&pv=ff0043ce930611ee8d413e364c14c401&au=c24077ff18404e7fb83b7e5c2091c910,This item has no description,
https://slickdeals.net/?sdtrk=SiteSearchV2Algo1&afsrc=1&trd=Get%20Deal%20at%20Amazon&sdtid=17094664&tid=17094664&pno=891637&prop=diavail-true%7Cdincp-3%7Cdinpd-7%7Cdipgavail-true&pv=035de8c2930711eea5c7d265bfc59192&au=c24077ff18404e7fb83b7e5c2091c910,This item has no description,
https://slickdeals.net/?sdtrk=SiteSearchV2Algo1&afsrc=1&trd=Get%20Deal%20at%20Chewy&sdtid=17043058&tid=17043058&pno=885532&prop=diavail-false%7Cdincp-0%7Cdinpd-0%7Cdipgavail-false&pv=07d0ba6a930711eeac705217dadf8f51&au=c24077ff18404e7fb83b7e5c2091c910,This item has no description,
https://slickdeals.net/?sdtrk=SiteSearchV2Algo1&afsrc=1&trd=Get%20Deal%20at%20Amazon&sdtid=17077678&tid=17077678&prop=diavail-false%7Cdincp-0%7Cdinpd-0%7Cdipgavail-false&pv=0c1bfe7c930711ee9b292ecf0bfff0bf&au=c24077ff18404e7fb83b7e5c2091c910,This item has no description,
https://slickdeals.net/?sdtrk=SiteSearchV2Algo1&afsrc=1&trd=Get%20Deal%20at%20Amazon&sdtid=16987027&tid=16987027&pno=875758&prop=diavail-false%7Cdincp-0%7Cdinpd-0%7Cdipgavail-false&pv=1043e82a930711eea0db52891ca1aa11&au=c24077ff18404e7fb83b7e5c2091c910,This item has no description,
https://slickdeals.net/?sdtrk=SiteSearchV2Algo1&afsrc=1&trd=Get%20Deal%20at%20Chewy&sdtid=17083981&tid=17083981&prop=diavail-false%7Cdincp-0%7Cdinpd-0%7Cdipgavail-false&pv=149d597e930711eeb6c6d265bfc59192&au=c24077ff18404e7fb83b7e5c2091c910,This item has no description,
https://slickdeals.net/?sdtrk=SiteSearchV2Algo1&afsrc=1&trd=Get%20Deal%20at%20Target&sdtid=17126050&tid=17126050&prop=diavail-false%7Cdincp-0%7Cdinpd-0%7Cdipgavail-false&pv=18ef091e930711eeb72446a353a83649&au=c24077ff18404e7fb83b7e5c2091c910,This item has no description,
https://slickdeals.net/?sdtrk=SiteSearchV2Algo1&afsrc=1&trd=Get%20Deal%20at%20Chewy&sdtid=17068570&tid=17068570&prop=diavail-false%7Cdincp-0%7Cdinpd-0%7Cdipgavail-false&pv=1d237b50930711eeaa15c63f9671413d&au=c24077ff18404e7fb83b7e5c2091c910,This item has no description,
https://slickdeals.net/?sdtrk=SiteSearchV2Algo1&afsrc=1&trd=Get%20Deal%20at%20Chewy&sdtid=17084221&tid=17084221&prop=diavail-false%7Cdincp-0%7Cdinpd-0%7Cdipgavail-false&pv=216c714e930711eead2ec63f9671413d&au=c24077ff18404e7fb83b7e5c2091c910,"100% nutritionally and complete rewards for adult cats.
Each piece has under two calories per treat, so your cat can enjoy more, and you don’t have to feel guilty about giving her more!
Delivers a variety of textures with a crunchy outside and a soft and creamy inside.
Made with a unique pocket shape and a lip-smacking tuna, shrimp and salmon flavors that will have your pal purring for more.
Crafted with vitamins and taurine—an amino acid that helps support your cat’s overall health and well-being.",
https://slickdeals.net/?sdtrk=SiteSearchV2Algo1&afsrc=1&trd=Get%20Deal%20at%20Amazon&sdtid=17043874&tid=17043874&prop=diavail-true%7Cdincp-1%7Cdinpd-1%7Cdipgavail-true&pv=23e48100930711eebb7fa66a415f3ee7&au=c24077ff18404e7fb83b7e5c2091c910,This item has no description,
https://slickdeals.net/?sdtrk=SiteSearchV2Algo1&afsrc=1&trd=Get%20Deal%20at%20Amazon&sdtid=17085571&tid=17085571&prop=diavail-true%7Cdincp-3%7Cdinpd-0%7Cdipgavail-true&pv=2830f4c8930711ee834d9277d926bb46&au=c24077ff18404e7fb83b7e5c2091c910,This item has no description,
https://slickdeals.net/?sdtrk=SiteSearchV2Algo1&afsrc=1&trd=Get%20Deal%20at%20Chewy&sdtid=16985176&tid=16985176&prop=diavail-false%7Cdincp-0%7Cdinpd-0%7Cdipgavail-false&pv=2c82a224930711eebc64c258c79c7091&au=c24077ff18404e7fb83b7e5c2091c910,This item has no description,
https://slickdeals.net/?sdtrk=SiteSearchV2Algo1&afsrc=1&trd=Get%20Deal%20at%20PetSmart&sdtid=16970122&tid=16970122&prop=diavail-false%7Cdincp-0%7Cdinpd-0%7Cdipgavail-false&pv=30cfa232930711ee98a0e61b785c285b&au=c24077ff18404e7fb83b7e5c2091c910,This item has no description,
https://slickdeals.net/?sdtrk=SiteSearchV2Algo1&afsrc=1&trd=Get%20Deal%20at%20Amazon&sdtid=17059657&tid=17059657&prop=diavail-true%7Cdincp-3%7Cdinpd-6%7Cdipgavail-true&pv=352567ae930711ee9a5c9aec81e22f08&au=c24077ff18404e7fb83b7e5c2091c910,This item has no description,
https://slickdeals.net/?sdtrk=SiteSearchV2Algo1&afsrc=1&trd=Get%20Deal%20at%20Amazon&sdtid=16994641&tid=16994641&prop=diavail-true%7Cdincp-2%7Cdinpd-0%7Cdipgavail-true&pv=39771820930711eea670eef2e093f679&au=c24077ff18404e7fb83b7e5c2091c910,This item has no description,
https://slickdeals.net/?sdtrk=SiteSearchV2Algo1&afsrc=1&trd=Get%20Deal%20at%20Amazon&sdtid=17095798&tid=17095798&prop=diavail-false%7Cdincp-0%7Cdinpd-0%7Cdipgavail-false&pv=3db78604930711eeb92b2a70558bfcd6&au=c24077ff18404e7fb83b7e5c2091c910,This item has no description,
https://slickdeals.net/?sdtrk=SiteSearchV2Algo1&afsrc=1&trd=Get%20Deal%20at%20Amazon&sdtid=17122243&tid=17122243&pno=895198&prop=diavail-true%7Cdincp-1%7Cdinpd-0%7Cdipgavail-true&pv=42072f02930711ee8e888e7a0d52cbc4&au=c24077ff18404e7fb83b7e5c2091c910,This item has no description,
https://slickdeals.net/?sdtrk=SiteSearchV2Algo1&afsrc=1&trd=Get%20Deal%20at%20Chewy&sdtid=17137240&tid=17137240&pno=897673&prop=diavail-false%7Cdincp-0%7Cdinpd-0%7Cdipgavail-false&pv=465e86c2930711eeb1050e86e249807d&au=c24077ff18404e7fb83b7e5c2091c910,"Make your kitty’s gift unforgettable this year with a special holiday-themed Goody Box by Chewy.
This holiday Goody Box includes a penguin plush kicker toy; a pack of 10 bouncy, holiday-colored spring toys; a foldable play tunnel; and delicious treats from Temptations and Hartz Delectables. Plus, all three toys include catnip, for maxed-out holiday excitement.
Each item has been hand-picked by the pet-obsessed experts at Chewy.
Save up to 35% by bundling all these cat-approved products together.
Provides an opportunity to strengthen your bond and make this holiday the best one yet.",
https://slickdeals.net/?sdtrk=SiteSearchV2Algo1&afsrc=1&trd=Get%20Deal%20at%20Amazon&sdtid=17124952&tid=17124952&prop=diavail-true%7Cdincp-3%7Cdinpd-0%7Cdipgavail-true&pv=48fc905e930711eeb09332155b593741&au=c24077ff18404e7fb83b7e5c2091c910,This item has no description,
https://slickdeals.net/?sdtrk=SiteSearchV2Algo1&afsrc=1&trd=Get%20Deal%20at%20Amazon&sdtid=17089180&tid=17089180&pno=891052&prop=diavail-true%7Cdincp-1%7Cdinpd-1%7Cdipgavail-false&pv=4d6b9388930711eeb8e2763100633dd8&au=c24077ff18404e7fb83b7e5c2091c910,This item has no description,
https://slickdeals.net/?sdtrk=SiteSearchV2Algo1&afsrc=1&trd=Get%20Deal%20at%20Amazon&sdtid=17053432&tid=17053432&pno=886408&prop=diavail-true%7Cdincp-3%7Cdinpd-5%7Cdipgavail-true&pv=51e94ae0930711eeb4c59298aa044935&au=c24077ff18404e7fb83b7e5c2091c910,This item has no description,
https://slickdeals.net/?sdtrk=SiteSearchV2Algo1&afsrc=1&trd=Get%20Deal%20at%20Amazon&sdtid=17094664&tid=17094664&pno=891637&prop=diavail-true%7Cdincp-3%7Cdinpd-7%7Cdipgavail-true&pv=56711732930711eebcb48e7a0d52cbc4&au=c24077ff18404e7fb83b7e5c2091c910,This item has no description,
https://slickdeals.net/?sdtrk=SiteSearchV2Algo1&afsrc=1&trd=Get%20Deal%20at%20Chewy&sdtid=17043058&tid=17043058&pno=885532&prop=diavail-false%7Cdincp-0%7Cdinpd-0%7Cdipgavail-false&pv=5ac576ca930711ee9463be70f872a18d&au=c24077ff18404e7fb83b7e5c2091c910,This item has no description,
https://slickdeals.net/?sdtrk=SiteSearchV2Algo1&afsrc=1&trd=Get%20Deal%20at%20Amazon&sdtid=17077678&tid=17077678&prop=diavail-false%7Cdincp-0%7Cdinpd-0%7Cdipgavail-false&pv=5f24282e930711eeb046aeddf160804c&au=c24077ff18404e7fb83b7e5c2091c910,This item has no description,
https://slickdeals.net/?sdtrk=SiteSearchV2Algo1&afsrc=1&trd=Get%20Deal%20at%20Amazon&sdtid=16987027&tid=16987027&pno=875758&prop=diavail-false%7Cdincp-0%7Cdinpd-0%7Cdipgavail-false&pv=6378db36930711ee97410e6aeaa7f2d9&au=c24077ff18404e7fb83b7e5c2091c910,This item has no description,
https://slickdeals.net/?sdtrk=SiteSearchV2Algo1&afsrc=1&trd=Get%20Deal%20at%20Chewy&sdtid=17083981&tid=17083981&prop=diavail-false%7Cdincp-0%7Cdinpd-0%7Cdipgavail-false&pv=68035988930711eeafc2fae05afd5f94&au=c24077ff18404e7fb83b7e5c2091c910,This item has no description,
https://slickdeals.net/?sdtrk=SiteSearchV2Algo1&afsrc=1&trd=Get%20Deal%20at%20Target&sdtid=17126050&tid=17126050&prop=diavail-false%7Cdincp-0%7Cdinpd-0%7Cdipgavail-false&pv=6c70f764930711ee829056cb78a039dc&au=c24077ff18404e7fb83b7e5c2091c910,This item has no description,
https://slickdeals.net/?sdtrk=SiteSearchV2Algo1&afsrc=1&trd=Get%20Deal%20at%20Chewy&sdtid=17068570&tid=17068570&prop=diavail-false%7Cdincp-0%7Cdinpd-0%7Cdipgavail-false&pv=70b29170930711ee8cdb266c2775f9cb&au=c24077ff18404e7fb83b7e5c2091c910,This item has no description,
https://slickdeals.net/?sdtrk=SiteSearchV2Algo1&afsrc=1&trd=Get%20Deal%20at%20Chewy&sdtid=17084221&tid=17084221&prop=diavail-false%7Cdincp-0%7Cdinpd-0%7Cdipgavail-false&pv=753d7f02930711ee93a8763100633dd8&au=c24077ff18404e7fb83b7e5c2091c910,"100% nutritionally and complete rewards for adult cats.
Each piece has under two calories per treat, so your cat can enjoy more, and you don’t have to feel guilty about giving her more!
Delivers a variety of textures with a crunchy outside and a soft and creamy inside.
Made with a unique pocket shape and a lip-smacking tuna, shrimp and salmon flavors that will have your pal purring for more.
Crafted with vitamins and taurine—an amino acid that helps support your cat’s overall health and well-being.",
https://slickdeals.net/?sdtrk=SiteSearchV2Algo1&afsrc=1&trd=Get%20Deal%20at%20Amazon&sdtid=17043874&tid=17043874&prop=diavail-true%7Cdincp-1%7Cdinpd-1%7Cdipgavail-true&pv=78cda9da930711eeb8e85281c35caba3&au=c24077ff18404e7fb83b7e5c2091c910,This item has no description,
https://slickdeals.net/?sdtrk=SiteSearchV2Algo1&afsrc=1&trd=Get%20Deal%20at%20Amazon&sdtid=17085571&tid=17085571&prop=diavail-true%7Cdincp-3%7Cdinpd-0%7Cdipgavail-true&pv=7d2895a8930711eeab212ab9d51e9d18&au=c24077ff18404e7fb83b7e5c2091c910,This item has no description,
https://slickdeals.net/?sdtrk=SiteSearchV2Algo1&afsrc=1&trd=Get%20Deal%20at%20Chewy&sdtid=16985176&tid=16985176&prop=diavail-false%7Cdincp-0%7Cdinpd-0%7Cdipgavail-false&pv=818ab022930711eea96c42e834a7e014&au=c24077ff18404e7fb83b7e5c2091c910,This item has no description,
https://slickdeals.net/?sdtrk=SiteSearchV2Algo1&afsrc=1&trd=Get%20Deal%20at%20PetSmart&sdtid=16970122&tid=16970122&prop=diavail-false%7Cdincp-0%7Cdinpd-0%7Cdipgavail-false&pv=86128958930711ee93d80640c0794e28&au=c24077ff18404e7fb83b7e5c2091c910,This item has no description,
https://slickdeals.net/?sdtrk=SiteSearchV2Algo1&afsrc=1&trd=Get%20Deal%20at%20Amazon&sdtid=17059657&tid=17059657&prop=diavail-true%7Cdincp-3%7Cdinpd-6%7Cdipgavail-true&pv=8abed9fc930711ee930902ced187688b&au=c24077ff18404e7fb83b7e5c2091c910,This item has no description,
https://slickdeals.net/?sdtrk=SiteSearchV2Algo1&afsrc=1&trd=Get%20Deal%20at%20Amazon&sdtid=16994641&tid=16994641&prop=diavail-true%7Cdincp-2%7Cdinpd-0%7Cdipgavail-true&pv=8f2475ba930711eeb6883a4e4378d870&au=c24077ff18404e7fb83b7e5c2091c910,This item has no description,
https://slickdeals.net/?sdtrk=SiteSearchV2Algo1&afsrc=1&trd=Get%20Deal%20at%20Amazon&sdtid=17095798&tid=17095798&prop=diavail-false%7Cdincp-0%7Cdinpd-0%7Cdipgavail-false&pv=939774f8930711eea1d7fae05afd5f94&au=c24077ff18404e7fb83b7e5c2091c910,This item has no description,
https://slickdeals.net/?sdtrk=SiteSearchV2Algo1&afsrc=1&trd=Get%20Deal%20at%20Amazon&sdtid=17122243&tid=17122243&pno=895198&prop=diavail-true%7Cdincp-1%7Cdinpd-0%7Cdipgavail-true&pv=982e3a7e930711eebdb45a783dfab57c&au=c24077ff18404e7fb83b7e5c2091c910,This item has no description,
https://slickdeals.net/?sdtrk=SiteSearchV2Algo1&afsrc=1&trd=Get%20Deal%20at%20Chewy&sdtid=17137240&tid=17137240&pno=897673&prop=diavail-false%7Cdincp-0%7Cdinpd-0%7Cdipgavail-false&pv=9c892f20930711eeab288a8c03570672&au=c24077ff18404e7fb83b7e5c2091c910,"Make your kitty’s gift unforgettable this year with a special holiday-themed Goody Box by Chewy.
This holiday Goody Box includes a penguin plush kicker toy; a pack of 10 bouncy, holiday-colored spring toys; a foldable play tunnel; and delicious treats from Temptations and Hartz Delectables. Plus, all three toys include catnip, for maxed-out holiday excitement.
Each item has been hand-picked by the pet-obsessed experts at Chewy.
Save up to 35% by bundling all these cat-approved products together.
Provides an opportunity to strengthen your bond and make this holiday the best one yet.",
https://slickdeals.net/?sdtrk=SiteSearchV2Algo1&afsrc=1&trd=Get%20Deal%20at%20Amazon&sdtid=17124952&tid=17124952&prop=diavail-true%7Cdincp-3%7Cdinpd-0%7Cdipgavail-true&pv=9ff196e8930711ee80db967b084cc5f5&au=c24077ff18404e7fb83b7e5c2091c910,This item has no description,
https://slickdeals.net/?sdtrk=SiteSearchV2Algo1&afsrc=1&trd=Get%20Deal%20at%20Amazon&sdtid=17089180&tid=17089180&pno=891052&prop=diavail-true%7Cdincp-1%7Cdinpd-1%7Cdipgavail-false&pv=a49d75b8930711eeb3497a1b1e43ba39&au=c24077ff18404e7fb83b7e5c2091c910,This item has no description,
https://slickdeals.net/?sdtrk=SiteSearchV2Algo1&afsrc=1&trd=Get%20Deal%20at%20Amazon&sdtid=17053432&tid=17053432&pno=886408&prop=diavail-true%7Cdincp-3%7Cdinpd-5%7Cdipgavail-true&pv=aa04932e930711ee80eab624ff9acd3a&au=c24077ff18404e7fb83b7e5c2091c910,This item has no description,
https://slickdeals.net/?sdtrk=SiteSearchV2Algo1&afsrc=1&trd=Get%20Deal%20at%20Amazon&sdtid=17094664&tid=17094664&pno=891637&prop=diavail-true%7Cdincp-3%7Cdinpd-7%7Cdipgavail-true&pv=af1d4068930711eea93a52891ca1aa11&au=c24077ff18404e7fb83b7e5c2091c910,This item has no description,
https://slickdeals.net/?sdtrk=SiteSearchV2Algo1&afsrc=1&trd=Get%20Deal%20at%20Chewy&sdtid=17043058&tid=17043058&pno=885532&prop=diavail-false%7Cdincp-0%7Cdinpd-0%7Cdipgavail-false&pv=b4027076930711ee8b0d266c2775f9cb&au=c24077ff18404e7fb83b7e5c2091c910,This item has no description,
https://slickdeals.net/?sdtrk=SiteSearchV2Algo1&afsrc=1&trd=Get%20Deal%20at%20Amazon&sdtid=17077678&tid=17077678&prop=diavail-false%7Cdincp-0%7Cdinpd-0%7Cdipgavail-false&pv=b8cd2c90930711eeb3beaa569a0b14b4&au=c24077ff18404e7fb83b7e5c2091c910,This item has no description,
https://slickdeals.net/?sdtrk=SiteSearchV2Algo1&afsrc=1&trd=Get%20Deal%20at%20Amazon&sdtid=16987027&tid=16987027&pno=875758&prop=diavail-false%7Cdincp-0%7Cdinpd-0%7Cdipgavail-false&pv=bd5f5422930711ee81047e1fa6f2e8ad&au=c24077ff18404e7fb83b7e5c2091c910,This item has no description,
https://slickdeals.net/?sdtrk=SiteSearchV2Algo1&afsrc=1&trd=Get%20Deal%20at%20Chewy&sdtid=17083981&tid=17083981&prop=diavail-false%7Cdincp-0%7Cdinpd-0%7Cdipgavail-false&pv=c2234b58930711ee81336eb946fa210e&au=c24077ff18404e7fb83b7e5c2091c910,This item has no description,
https://slickdeals.net/?sdtrk=SiteSearchV2Algo1&afsrc=1&trd=Get%20Deal%20at%20Target&sdtid=17126050&tid=17126050&prop=diavail-false%7Cdincp-0%7Cdinpd-0%7Cdipgavail-false&pv=c75a02a6930711ee9cfd8a8c03570672&au=c24077ff18404e7fb83b7e5c2091c910,This item has no description,
https://slickdeals.net/?sdtrk=SiteSearchV2Algo1&afsrc=1&trd=Get%20Deal%20at%20Chewy&sdtid=17068570&tid=17068570&prop=diavail-false%7Cdincp-0%7Cdinpd-0%7Cdipgavail-false&pv=cbf34660930711eea7ce5217dadf8f51&au=c24077ff18404e7fb83b7e5c2091c910,This item has no description,
https://slickdeals.net/?sdtrk=SiteSearchV2Algo1&afsrc=1&trd=Get%20Deal%20at%20Chewy&sdtid=17084221&tid=17084221&prop=diavail-false%7Cdincp-0%7Cdinpd-0%7Cdipgavail-false&pv=d1d02b84930711ee95d26ea02c65049f&au=c24077ff18404e7fb83b7e5c2091c910,"100% nutritionally and complete rewards for adult cats.
Each piece has under two calories per treat, so your cat can enjoy more, and you don’t have to feel guilty about giving her more!
Delivers a variety of textures with a crunchy outside and a soft and creamy inside.
Made with a unique pocket shape and a lip-smacking tuna, shrimp and salmon flavors that will have your pal purring for more.
Crafted with vitamins and taurine—an amino acid that helps support your cat’s overall health and well-being.",
https://slickdeals.net/?sdtrk=SiteSearchV2Algo1&afsrc=1&trd=Get%20Deal%20at%20Amazon&sdtid=17043874&tid=17043874&prop=diavail-true%7Cdincp-1%7Cdinpd-1%7Cdipgavail-true&pv=d4c9a612930711eeb5d9ee446ae44d1d&au=c24077ff18404e7fb83b7e5c2091c910,This item has no description,
https://slickdeals.net/?sdtrk=SiteSearchV2Algo1&afsrc=1&trd=Get%20Deal%20at%20Amazon&sdtid=17085571&tid=17085571&prop=diavail-true%7Cdincp-3%7Cdinpd-0%7Cdipgavail-true&pv=d97cf39e930711ee9e8d5217dadf8f51&au=c24077ff18404e7fb83b7e5c2091c910,This item has no description,
https://slickdeals.net/?sdtrk=SiteSearchV2Algo1&afsrc=1&trd=Get%20Deal%20at%20Chewy&sdtid=16985176&tid=16985176&prop=diavail-false%7Cdincp-0%7Cdinpd-0%7Cdipgavail-false&pv=de7d6c52930711eeb60ba6d63f35ac30&au=c24077ff18404e7fb83b7e5c2091c910,This item has no description,
https://slickdeals.net/?sdtrk=SiteSearchV2Algo1&afsrc=1&trd=Get%20Deal%20at%20PetSmart&sdtid=16970122&tid=16970122&prop=diavail-false%7Cdincp-0%7Cdinpd-0%7Cdipgavail-false&pv=e3804bfc930711ee91bc42e8039dc599&au=c24077ff18404e7fb83b7e5c2091c910,This item has no description,
https://slickdeals.net/?sdtrk=SiteSearchV2Algo1&afsrc=1&trd=Get%20Deal%20at%20Amazon&sdtid=17059657&tid=17059657&prop=diavail-true%7Cdincp-3%7Cdinpd-6%7Cdipgavail-true&pv=e8fa5de8930711eebbfae2ff9c0aef19&au=c24077ff18404e7fb83b7e5c2091c910,This item has no description,
https://slickdeals.net/?sdtrk=SiteSearchV2Algo1&afsrc=1&trd=Get%20Deal%20at%20Amazon&sdtid=16994641&tid=16994641&prop=diavail-true%7Cdincp-2%7Cdinpd-0%7Cdipgavail-true&pv=edcbc14a930711ee82b2661e7a0f8795&au=c24077ff18404e7fb83b7e5c2091c910,This item has no description,
https://slickdeals.net/?sdtrk=SiteSearchV2Algo1&afsrc=1&trd=Get%20Deal%20at%20Amazon&sdtid=17095798&tid=17095798&prop=diavail-false%7Cdincp-0%7Cdinpd-0%7Cdipgavail-false&pv=f2961950930711ee9fd8c63f9671413d&au=c24077ff18404e7fb83b7e5c2091c910,This item has no description,
https://slickdeals.net/?sdtrk=SiteSearchV2Algo1&afsrc=1&trd=Get%20Deal%20at%20Amazon&sdtid=17122243&tid=17122243&pno=895198&prop=diavail-true%7Cdincp-1%7Cdinpd-0%7Cdipgavail-true&pv=f7736ab8930711ee8caa363f2c00ba5d&au=c24077ff18404e7fb83b7e5c2091c910,This item has no description,
https://slickdeals.net/?sdtrk=SiteSearchV2Algo1&afsrc=1&trd=Get%20Deal%20at%20Chewy&sdtid=17137240&tid=17137240&pno=897673&prop=diavail-false%7Cdincp-0%7Cdinpd-0%7Cdipgavail-false&pv=fcbc75e6930711eeaf64ae84f36f74ac&au=c24077ff18404e7fb83b7e5c2091c910,"Make your kitty’s gift unforgettable this year with a special holiday-themed Goody Box by Chewy.
This holiday Goody Box includes a penguin plush kicker toy; a pack of 10 bouncy, holiday-colored spring toys; a foldable play tunnel; and delicious treats from Temptations and Hartz Delectables. Plus, all three toys include catnip, for maxed-out holiday excitement.
Each item has been hand-picked by the pet-obsessed experts at Chewy.
Save up to 35% by bundling all these cat-approved products together.
Provides an opportunity to strengthen your bond and make this holiday the best one yet.",
https://slickdeals.net/?sdtrk=SiteSearchV2Algo1&afsrc=1&trd=Get%20Deal%20at%20Amazon&sdtid=17124952&tid=17124952&prop=diavail-true%7Cdincp-3%7Cdinpd-0%7Cdipgavail-true&pv=003a051c930811eeb91f0640c0794e28&au=c24077ff18404e7fb83b7e5c2091c910,This item has no description,
https://slickdeals.net/?sdtrk=SiteSearchV2Algo1&afsrc=1&trd=Get%20Deal%20at%20Amazon&sdtid=17089180&tid=17089180&pno=891052&prop=diavail-true%7Cdincp-1%7Cdinpd-1%7Cdipgavail-false&pv=050c405a930811ee9f8a96097eac0713&au=c24077ff18404e7fb83b7e5c2091c910,This item has no description,
https://slickdeals.net/?sdtrk=SiteSearchV2Algo1&afsrc=1&trd=Get%20Deal%20at%20Amazon&sdtid=17053432&tid=17053432&pno=886408&prop=diavail-true%7Cdincp-3%7Cdinpd-5%7Cdipgavail-true&pv=0a340fae930811ee899c0e2c2394bcf6&au=c24077ff18404e7fb83b7e5c2091c910,This item has no description,
https://slickdeals.net/?sdtrk=SiteSearchV2Algo1&afsrc=1&trd=Get%20Deal%20at%20Amazon&sdtid=17094664&tid=17094664&pno=891637&prop=diavail-true%7Cdincp-3%7Cdinpd-7%7Cdipgavail-true&pv=0f7615b6930811ee9d5b7a1b1e43ba39&au=c24077ff18404e7fb83b7e5c2091c910,This item has no description,
https://slickdeals.net/?sdtrk=SiteSearchV2Algo1&afsrc=1&trd=Get%20Deal%20at%20Chewy&sdtid=17043058&tid=17043058&pno=885532&prop=diavail-false%7Cdincp-0%7Cdinpd-0%7Cdipgavail-false&pv=13e1aeee930811eebcfa2a70558bfcd6&au=c24077ff18404e7fb83b7e5c2091c910,This item has no description,
https://slickdeals.net/?sdtrk=SiteSearchV2Algo1&afsrc=1&trd=Get%20Deal%20at%20Amazon&sdtid=17077678&tid=17077678&prop=diavail-false%7Cdincp-0%7Cdinpd-0%7Cdipgavail-false&pv=185631fc930811eeb7866e29dea6a24e&au=c24077ff18404e7fb83b7e5c2091c910,This item has no description,
https://slickdeals.net/?sdtrk=SiteSearchV2Algo1&afsrc=1&trd=Get%20Deal%20at%20Amazon&sdtid=16987027&tid=16987027&pno=875758&prop=diavail-false%7Cdincp-0%7Cdinpd-0%7Cdipgavail-false&pv=1c92e968930811eea470324be198f591&au=c24077ff18404e7fb83b7e5c2091c910,This item has no description,
https://slickdeals.net/?sdtrk=SiteSearchV2Algo1&afsrc=1&trd=Get%20Deal%20at%20Chewy&sdtid=17083981&tid=17083981&prop=diavail-false%7Cdincp-0%7Cdinpd-0%7Cdipgavail-false&pv=20faba3a930811ee9e917a43b6270382&au=c24077ff18404e7fb83b7e5c2091c910,This item has no description,
https://slickdeals.net/?sdtrk=SiteSearchV2Algo1&afsrc=1&trd=Get%20Deal%20at%20Target&sdtid=17126050&tid=17126050&prop=diavail-false%7Cdincp-0%7Cdinpd-0%7Cdipgavail-false&pv=2547c844930811ee819bd2917961b292&au=c24077ff18404e7fb83b7e5c2091c910,This item has no description,
https://slickdeals.net/?sdtrk=SiteSearchV2Algo1&afsrc=1&trd=Get%20Deal%20at%20Chewy&sdtid=17068570&tid=17068570&prop=diavail-false%7Cdincp-0%7Cdinpd-0%7Cdipgavail-false&pv=29772f40930811ee8d4be645f6083ee1&au=c24077ff18404e7fb83b7e5c2091c910,This item has no description,
https://slickdeals.net/?sdtrk=SiteSearchV2Algo1&afsrc=1&trd=Get%20Deal%20at%20Chewy&sdtid=17084221&tid=17084221&prop=diavail-false%7Cdincp-0%7Cdinpd-0%7Cdipgavail-false&pv=2dc0237c930811ee80462a70558bfcd6&au=c24077ff18404e7fb83b7e5c2091c910,"100% nutritionally and complete rewards for adult cats.
Each piece has under two calories per treat, so your cat can enjoy more, and you don’t have to feel guilty about giving her more!
Delivers a variety of textures with a crunchy outside and a soft and creamy inside.
Made with a unique pocket shape and a lip-smacking tuna, shrimp and salmon flavors that will have your pal purring for more.
Crafted with vitamins and taurine—an amino acid that helps support your cat’s overall health and well-being.",
https://slickdeals.net/?sdtrk=SiteSearchV2Algo1&afsrc=1&trd=Get%20Deal%20at%20Amazon&sdtid=17043874&tid=17043874&prop=diavail-true%7Cdincp-1%7Cdinpd-1%7Cdipgavail-true&pv=3032274a930811eea3cef68da10d4181&au=c24077ff18404e7fb83b7e5c2091c910,This item has no description,
https://slickdeals.net/?sdtrk=SiteSearchV2Algo1&afsrc=1&trd=Get%20Deal%20at%20Amazon&sdtid=17085571&tid=17085571&prop=diavail-true%7Cdincp-3%7Cdinpd-0%7Cdipgavail-true&pv=34b736e8930811eeba1686ac4273965d&au=c24077ff18404e7fb83b7e5c2091c910,This item has no description,
https://slickdeals.net/?sdtrk=SiteSearchV2Algo1&afsrc=1&trd=Get%20Deal%20at%20Chewy&sdtid=16985176&tid=16985176&prop=diavail-false%7Cdincp-0%7Cdinpd-0%7Cdipgavail-false&pv=38f5fdd4930811eebce77e9685b86d34&au=c24077ff18404e7fb83b7e5c2091c910,This item has no description,
https://slickdeals.net/?sdtrk=SiteSearchV2Algo1&afsrc=1&trd=Get%20Deal%20at%20PetSmart&sdtid=16970122&tid=16970122&prop=diavail-false%7Cdincp-0%7Cdinpd-0%7Cdipgavail-false&pv=3d5121f6930811ee9fa802fafdfe0186&au=c24077ff18404e7fb83b7e5c2091c910,This item has no description,
https://slickdeals.net/?sdtrk=SiteSearchV2Algo1&afsrc=1&trd=Get%20Deal%20at%20Amazon&sdtid=17059657&tid=17059657&prop=diavail-true%7Cdincp-3%7Cdinpd-6%7Cdipgavail-true&pv=41a9963e930811ee85269ad162da6e65&au=c24077ff18404e7fb83b7e5c2091c910,This item has no description,
https://slickdeals.net/?sdtrk=SiteSearchV2Algo1&afsrc=1&trd=Get%20Deal%20at%20Amazon&sdtid=16994641&tid=16994641&prop=diavail-true%7Cdincp-2%7Cdinpd-0%7Cdipgavail-true&pv=45ef88d4930811eea83cb2322e436896&au=c24077ff18404e7fb83b7e5c2091c910,This item has no description,
https://slickdeals.net/?sdtrk=SiteSearchV2Algo1&afsrc=1&trd=Get%20Deal%20at%20Amazon&sdtid=17095798&tid=17095798&prop=diavail-false%7Cdincp-0%7Cdinpd-0%7Cdipgavail-false&pv=4a6bfda2930811eea5badafb51a00520&au=c24077ff18404e7fb83b7e5c2091c910,This item has no description,
https://slickdeals.net/?sdtrk=SiteSearchV2Algo1&afsrc=1&trd=Get%20Deal%20at%20Amazon&sdtid=17122243&tid=17122243&pno=895198&prop=diavail-true%7Cdincp-1%7Cdinpd-0%7Cdipgavail-true&pv=4eaff77e930811eeb26a12b0c970275b&au=c24077ff18404e7fb83b7e5c2091c910,This item has no description,
https://slickdeals.net/?sdtrk=SiteSearchV2Algo1&afsrc=1&trd=Get%20Deal%20at%20Chewy&sdtid=17137240&tid=17137240&pno=897673&prop=diavail-false%7Cdincp-0%7Cdinpd-0%7Cdipgavail-false&pv=52ee0f60930811eeb6ddaa67884b6253&au=c24077ff18404e7fb83b7e5c2091c910,"Make your kitty’s gift unforgettable this year with a special holiday-themed Goody Box by Chewy.
This holiday Goody Box includes a penguin plush kicker toy; a pack of 10 bouncy, holiday-colored spring toys; a foldable play tunnel; and delicious treats from Temptations and Hartz Delectables. Plus, all three toys include catnip, for maxed-out holiday excitement.
Each item has been hand-picked by the pet-obsessed experts at Chewy.
Save up to 35% by bundling all these cat-approved products together.
Provides an opportunity to strengthen your bond and make this holiday the best one yet.",
https://slickdeals.net/?sdtrk=SiteSearchV2Algo1&afsrc=1&trd=Get%20Deal%20at%20Amazon&sdtid=17124952&tid=17124952&prop=diavail-true%7Cdincp-3%7Cdinpd-0%7Cdipgavail-true&pv=5574a10e930811ee95b29298aa044935&au=c24077ff18404e7fb83b7e5c2091c910,This item has no description,
https://slickdeals.net/?sdtrk=SiteSearchV2Algo1&afsrc=1&trd=Get%20Deal%20at%20Amazon&sdtid=17089180&tid=17089180&pno=891052&prop=diavail-true%7Cdincp-1%7Cdinpd-1%7Cdipgavail-false&pv=59d29cb0930811eeae241a5de5c8a3b2&au=c24077ff18404e7fb83b7e5c2091c910,This item has no description,
https://slickdeals.net/?sdtrk=SiteSearchV2Algo1&afsrc=1&trd=Get%20Deal%20at%20Amazon&sdtid=17053432&tid=17053432&pno=886408&prop=diavail-true%7Cdincp-3%7Cdinpd-5%7Cdipgavail-true&pv=5e43a1a4930811eeac6a2ecf0bfff0bf&au=c24077ff18404e7fb83b7e5c2091c910,This item has no description,
https://slickdeals.net/?sdtrk=SiteSearchV2Algo1&afsrc=1&trd=Get%20Deal%20at%20Amazon&sdtid=17094664&tid=17094664&pno=891637&prop=diavail-true%7Cdincp-3%7Cdinpd-7%7Cdipgavail-true&pv=62cfdfd0930811ee963712b6eb2019a4&au=c24077ff18404e7fb83b7e5c2091c910,This item has no description,
https://slickdeals.net/?sdtrk=SiteSearchV2Algo1&afsrc=1&trd=Get%20Deal%20at%20Chewy&sdtid=17043058&tid=17043058&pno=885532&prop=diavail-false%7Cdincp-0%7Cdinpd-0%7Cdipgavail-false&pv=6750d032930811eea18faa67884b6253&au=c24077ff18404e7fb83b7e5c2091c910,This item has no description,
https://slickdeals.net/?sdtrk=SiteSearchV2Algo1&afsrc=1&trd=Get%20Deal%20at%20Amazon&sdtid=17077678&tid=17077678&prop=diavail-false%7Cdincp-0%7Cdinpd-0%7Cdipgavail-false&pv=6bd092a0930811eeb0f8d2652e8437d7&au=c24077ff18404e7fb83b7e5c2091c910,This item has no description,
https://slickdeals.net/?sdtrk=SiteSearchV2Algo1&afsrc=1&trd=Get%20Deal%20at%20Amazon&sdtid=16987027&tid=16987027&pno=875758&prop=diavail-false%7Cdincp-0%7Cdinpd-0%7Cdipgavail-false&pv=702f9d0a930811ee886c0e2c2394bcf6&au=c24077ff18404e7fb83b7e5c2091c910,This item has no description,
https://slickdeals.net/?sdtrk=SiteSearchV2Algo1&afsrc=1&trd=Get%20Deal%20at%20Chewy&sdtid=17083981&tid=17083981&prop=diavail-false%7Cdincp-0%7Cdinpd-0%7Cdipgavail-false&pv=74d5f232930811ee822686ac4273965d&au=c24077ff18404e7fb83b7e5c2091c910,This item has no description,
https://slickdeals.net/?sdtrk=SiteSearchV2Algo1&afsrc=1&trd=Get%20Deal%20at%20Target&sdtid=17126050&tid=17126050&prop=diavail-false%7Cdincp-0%7Cdinpd-0%7Cdipgavail-false&pv=7931f9de930811eeaf5d2a338d338185&au=c24077ff18404e7fb83b7e5c2091c910,This item has no description,
https://slickdeals.net/?sdtrk=SiteSearchV2Algo1&afsrc=1&trd=Get%20Deal%20at%20Chewy&sdtid=17068570&tid=17068570&prop=diavail-false%7Cdincp-0%7Cdinpd-0%7Cdipgavail-false&pv=7d78dd78930811ee92349ee15ae9a4c5&au=c24077ff18404e7fb83b7e5c2091c910,This item has no description,
https://slickdeals.net/?sdtrk=SiteSearchV2Algo1&afsrc=1&trd=Get%20Deal%20at%20Chewy&sdtid=17084221&tid=17084221&prop=diavail-false%7Cdincp-0%7Cdinpd-0%7Cdipgavail-false&pv=81beea76930811ee87dd26bedd00fd3a&au=c24077ff18404e7fb83b7e5c2091c910,"100% nutritionally and complete rewards for adult cats.
Each piece has under two calories per treat, so your cat can enjoy more, and you don’t have to feel guilty about giving her more!
Delivers a variety of textures with a crunchy outside and a soft and creamy inside.
Made with a unique pocket shape and a lip-smacking tuna, shrimp and salmon flavors that will have your pal purring for more.
Crafted with vitamins and taurine—an amino acid that helps support your cat’s overall health and well-being.",
https://slickdeals.net/?sdtrk=SiteSearchV2Algo1&afsrc=1&trd=Get%20Deal%20at%20Amazon&sdtid=17043874&tid=17043874&prop=diavail-true%7Cdincp-1%7Cdinpd-1%7Cdipgavail-true&pv=84066066930811eea106264570c22ffb&au=c24077ff18404e7fb83b7e5c2091c910,This item has no description,
https://slickdeals.net/?sdtrk=SiteSearchV2Algo1&afsrc=1&trd=Get%20Deal%20at%20Amazon&sdtid=17085571&tid=17085571&prop=diavail-true%7Cdincp-3%7Cdinpd-0%7Cdipgavail-true&pv=881820cc930811eebcba1a5de5c8a3b2&au=c24077ff18404e7fb83b7e5c2091c910,This item has no description,
https://slickdeals.net/?sdtrk=SiteSearchV2Algo1&afsrc=1&trd=Get%20Deal%20at%20Chewy&sdtid=16985176&tid=16985176&prop=diavail-false%7Cdincp-0%7Cdinpd-0%7Cdipgavail-false&pv=8c6992d2930811ee9fae9277d926bb46&au=c24077ff18404e7fb83b7e5c2091c910,This item has no description,
https://slickdeals.net/?sdtrk=SiteSearchV2Algo1&afsrc=1&trd=Get%20Deal%20at%20PetSmart&sdtid=16970122&tid=16970122&prop=diavail-false%7Cdincp-0%7Cdinpd-0%7Cdipgavail-false&pv=90b68a66930811eea8a19ae98ab22c26&au=c24077ff18404e7fb83b7e5c2091c910,This item has no description,
https://slickdeals.net/?sdtrk=SiteSearchV2Algo1&afsrc=1&trd=Get%20Deal%20at%20Amazon&sdtid=17059657&tid=17059657&prop=diavail-true%7Cdincp-3%7Cdinpd-6%7Cdipgavail-true&pv=95168f66930811ee9fdb12b6eb2019a4&au=c24077ff18404e7fb83b7e5c2091c910,This item has no description,
https://slickdeals.net/?sdtrk=SiteSearchV2Algo1&afsrc=1&trd=Get%20Deal%20at%20Amazon&sdtid=16994641&tid=16994641&prop=diavail-true%7Cdincp-2%7Cdinpd-0%7Cdipgavail-true&pv=9968ff2c930811ee8e20ce12c7b6dd9e&au=c24077ff18404e7fb83b7e5c2091c910,This item has no description,
https://slickdeals.net/?sdtrk=SiteSearchV2Algo1&afsrc=1&trd=Get%20Deal%20at%20Amazon&sdtid=17095798&tid=17095798&prop=diavail-false%7Cdincp-0%7Cdinpd-0%7Cdipgavail-false&pv=9ddd5382930811eea5ae42e8039dc599&au=c24077ff18404e7fb83b7e5c2091c910,This item has no description,
https://slickdeals.net/?sdtrk=SiteSearchV2Algo1&afsrc=1&trd=Get%20Deal%20at%20Amazon&sdtid=17122243&tid=17122243&pno=895198&prop=diavail-true%7Cdincp-1%7Cdinpd-0%7Cdipgavail-true&pv=a415a6d2930811ee92349ee15ae9a4c5&au=c24077ff18404e7fb83b7e5c2091c910,This item has no description,
https://slickdeals.net/?sdtrk=SiteSearchV2Algo1&afsrc=1&trd=Get%20Deal%20at%20Chewy&sdtid=17137240&tid=17137240&pno=897673&prop=diavail-false%7Cdincp-0%7Cdinpd-0%7Cdipgavail-false&pv=a878e59a930811ee8be4560a8f91e575&au=c24077ff18404e7fb83b7e5c2091c910,"Make your kitty’s gift unforgettable this year with a special holiday-themed Goody Box by Chewy.
This holiday Goody Box includes a penguin plush kicker toy; a pack of 10 bouncy, holiday-colored spring toys; a foldable play tunnel; and delicious treats from Temptations and Hartz Delectables. Plus, all three toys include catnip, for maxed-out holiday excitement.
Each item has been hand-picked by the pet-obsessed experts at Chewy.
Save up to 35% by bundling all these cat-approved products together.
Provides an opportunity to strengthen your bond and make this holiday the best one yet.",
https://slickdeals.net/?sdtrk=SiteSearchV2Algo1&afsrc=1&trd=Get%20Deal%20at%20Amazon&sdtid=17124952&tid=17124952&prop=diavail-true%7Cdincp-3%7Cdinpd-0%7Cdipgavail-true&pv=ab0014f0930811ee9fd6ee446ae44d1d&au=c24077ff18404e7fb83b7e5c2091c910,This item has no description,
https://slickdeals.net/?sdtrk=SiteSearchV2Algo1&afsrc=1&trd=Get%20Deal%20at%20Amazon&sdtid=17089180&tid=17089180&pno=891052&prop=diavail-true%7Cdincp-1%7Cdinpd-1%7Cdipgavail-false&pv=af5f0ea2930811ee8311362f91a0a8f9&au=c24077ff18404e7fb83b7e5c2091c910,This item has no description,
https://slickdeals.net/?sdtrk=SiteSearchV2Algo1&afsrc=1&trd=Get%20Deal%20at%20Amazon&sdtid=17053432&tid=17053432&pno=886408&prop=diavail-true%7Cdincp-3%7Cdinpd-5%7Cdipgavail-true&pv=b3d41c2a930811ee9ac9aa402ec8805f&au=c24077ff18404e7fb83b7e5c2091c910,This item has no description,
https://slickdeals.net/?sdtrk=SiteSearchV2Algo1&afsrc=1&trd=Get%20Deal%20at%20Amazon&sdtid=17094664&tid=17094664&pno=891637&prop=diavail-true%7Cdincp-3%7Cdinpd-7%7Cdipgavail-true&pv=b819778a930811ee8b3922a93d43f6d8&au=c24077ff18404e7fb83b7e5c2091c910,This item has no description,
https://slickdeals.net/?sdtrk=SiteSearchV2Algo1&afsrc=1&trd=Get%20Deal%20at%20Chewy&sdtid=17043058&tid=17043058&pno=885532&prop=diavail-false%7Cdincp-0%7Cdinpd-0%7Cdipgavail-false&pv=bc6cd07a930811eeb54d9e46292aae40&au=c24077ff18404e7fb83b7e5c2091c910,This item has no description,
https://slickdeals.net/?sdtrk=SiteSearchV2Algo1&afsrc=1&trd=Get%20Deal%20at%20Amazon&sdtid=17077678&tid=17077678&prop=diavail-false%7Cdincp-0%7Cdinpd-0%7Cdipgavail-false&pv=c0b70b96930811eeacd7deea9ecd979f&au=c24077ff18404e7fb83b7e5c2091c910,This item has no description,
https://slickdeals.net/?sdtrk=SiteSearchV2Algo1&afsrc=1&trd=Get%20Deal%20at%20Amazon&sdtid=16987027&tid=16987027&pno=875758&prop=diavail-false%7Cdincp-0%7Cdinpd-0%7Cdipgavail-false&pv=c57963c2930811eeb48f9e46292aae40&au=c24077ff18404e7fb83b7e5c2091c910,This item has no description,
https://slickdeals.net/?sdtrk=SiteSearchV2Algo1&afsrc=1&trd=Get%20Deal%20at%20Chewy&sdtid=17083981&tid=17083981&prop=diavail-false%7Cdincp-0%7Cdinpd-0%7Cdipgavail-false&pv=ca158226930811ee845efae05afd5f94&au=c24077ff18404e7fb83b7e5c2091c910,This item has no description,
https://slickdeals.net/?sdtrk=SiteSearchV2Algo1&afsrc=1&trd=Get%20Deal%20at%20Target&sdtid=17126050&tid=17126050&prop=diavail-false%7Cdincp-0%7Cdinpd-0%7Cdipgavail-false&pv=cea0a5f0930811eeba76be70f872a18d&au=c24077ff18404e7fb83b7e5c2091c910,This item has no description,
https://slickdeals.net/?sdtrk=SiteSearchV2Algo1&afsrc=1&trd=Get%20Deal%20at%20Chewy&sdtid=17068570&tid=17068570&prop=diavail-false%7Cdincp-0%7Cdinpd-0%7Cdipgavail-false&pv=d2d6a9f8930811eeab30e281b58694f9&au=c24077ff18404e7fb83b7e5c2091c910,This item has no description,
https://slickdeals.net/?sdtrk=SiteSearchV2Algo1&afsrc=1&trd=Get%20Deal%20at%20Chewy&sdtid=17084221&tid=17084221&prop=diavail-false%7Cdincp-0%7Cdinpd-0%7Cdipgavail-false&pv=d725da7e930811eeb8cb02fafdfe0186&au=c24077ff18404e7fb83b7e5c2091c910,"100% nutritionally and complete rewards for adult cats.
Each piece has under two calories per treat, so your cat can enjoy more, and you don’t have to feel guilty about giving her more!
Delivers a variety of textures with a crunchy outside and a soft and creamy inside.
Made with a unique pocket shape and a lip-smacking tuna, shrimp and salmon flavors that will have your pal purring for more.
Crafted with vitamins and taurine—an amino acid that helps support your cat’s overall health and well-being.",
https://slickdeals.net/?sdtrk=SiteSearchV2Algo1&afsrc=1&trd=Get%20Deal%20at%20Amazon&sdtid=17043874&tid=17043874&prop=diavail-true%7Cdincp-1%7Cdinpd-1%7Cdipgavail-true&pv=d990b338930811eeb044ced5612574d3&au=c24077ff18404e7fb83b7e5c2091c910,This item has no description,
https://slickdeals.net/?sdtrk=SiteSearchV2Algo1&afsrc=1&trd=Get%20Deal%20at%20Amazon&sdtid=17085571&tid=17085571&prop=diavail-true%7Cdincp-3%7Cdinpd-0%7Cdipgavail-true&pv=dde014ce930811eea8779ad162da6e65&au=c24077ff18404e7fb83b7e5c2091c910,This item has no description,
https://slickdeals.net/?sdtrk=SiteSearchV2Algo1&afsrc=1&trd=Get%20Deal%20at%20Chewy&sdtid=16985176&tid=16985176&prop=diavail-false%7Cdincp-0%7Cdinpd-0%7Cdipgavail-false&pv=e220f4d6930811eeaba57e1fa6f2e8ad&au=c24077ff18404e7fb83b7e5c2091c910,This item has no description,
https://slickdeals.net/?sdtrk=SiteSearchV2Algo1&afsrc=1&trd=Get%20Deal%20at%20PetSmart&sdtid=16970122&tid=16970122&prop=diavail-false%7Cdincp-0%7Cdinpd-0%7Cdipgavail-false&pv=e6737004930811eeb2e0d6780b5c7112&au=c24077ff18404e7fb83b7e5c2091c910,This item has no description,
https://slickdeals.net/?sdtrk=SiteSearchV2Algo1&afsrc=1&trd=Get%20Deal%20at%20Amazon&sdtid=17059657&tid=17059657&prop=diavail-true%7Cdincp-3%7Cdinpd-6%7Cdipgavail-true&pv=eab8a328930811eea4b08a794a57f3ed&au=c24077ff18404e7fb83b7e5c2091c910,This item has no description,
https://slickdeals.net/?sdtrk=SiteSearchV2Algo1&afsrc=1&trd=Get%20Deal%20at%20Amazon&sdtid=16994641&tid=16994641&prop=diavail-true%7Cdincp-2%7Cdinpd-0%7Cdipgavail-true&pv=eeff2ca4930811eeb8fc7276c69fe370&au=c24077ff18404e7fb83b7e5c2091c910,This item has no description,
https://slickdeals.net/?sdtrk=SiteSearchV2Algo1&afsrc=1&trd=Get%20Deal%20at%20Amazon&sdtid=17095798&tid=17095798&prop=diavail-false%7Cdincp-0%7Cdinpd-0%7Cdipgavail-false&pv=f3361878930811ee87c76ea02c65049f&au=c24077ff18404e7fb83b7e5c2091c910,This item has no description,
