realBuyLink,description,expired
https://slickdeals.net/?sdtrk=SiteSearchV2Algo1&afsrc=1&trd=Get%20Deal%20at%20Amazon&sdtid=17071147&tid=17071147&prop=diavail-true%7Cdincp-1%7Cdinpd-1%7Cdipgavail-false&pv=997a3b00930511eea2825a85c909964f&au=27f1bf7914c94808a50ce1b7560ff02e,This item has no description,
https://slickdeals.net/?sdtrk=SiteSearchV2Algo1&afsrc=1&trd=Get%20Deal%20at%20Amazon&sdtid=16783442&tid=16783442&prop=diavail-true%7Cdincp-2%7Cdinpd-1%7Cdipgavail-true&pv=9f79093c930511ee813826cbd3c933ad&au=27f1bf7914c94808a50ce1b7560ff02e,This item has no description,
https://slickdeals.net/?sdtrk=SiteSearchV2Algo1&afsrc=1&trd=Get%20Deal%20at%20Retailer&sdtid=16771556&tid=16771556&pno=845150&prop=diavail-false%7Cdincp-0%7Cdinpd-0%7Cdipgavail-false&pv=a469dc1e930511ee83ff7aabb1c97e42&au=27f1bf7914c94808a50ce1b7560ff02e,This item has no description,
https://slickdeals.net/?sdtrk=SiteSearchV2Algo1&afsrc=1&trd=See%20Deal&sdtid=17027920&tid=17027920&prop=diavail-false%7Cdincp-0%7Cdinpd-0%7Cdipgavail-false&pv=a928139c930511eeb18f3e364c14c401&au=27f1bf7914c94808a50ce1b7560ff02e,This item has no description,
https://slickdeals.net/?sdtrk=SiteSearchV2Algo1&afsrc=1&trd=Get%20Deal%20at%20Amazon&sdtid=16913047&tid=16913047&prop=diavail-false%7Cdincp-0%7Cdinpd-0%7Cdipgavail-false&pv=ad8f6ee4930511eeb5b9c63f9671413d&au=27f1bf7914c94808a50ce1b7560ff02e,This item has no description,
https://slickdeals.net/?sdtrk=SiteSearchV2Algo1&afsrc=1&trd=Get%20Deal%20at%20Chewy&sdtid=16575458&tid=16575458&pno=818738&prop=diavail-false%7Cdincp-0%7Cdinpd-0%7Cdipgavail-false&pv=b240eaf8930511eea4028641be08cf16&au=27f1bf7914c94808a50ce1b7560ff02e,"Flea and tick protection for dogs and puppies over 18 pounds.
Long-lasting collar kills and repels fleas for 8 months.
Starts working quickly to kill and repel fleas on contact, so pests don’t have to bite your dog to die.
Hassle-free, non-greasy and easy to use.
No prescription required.",
https://slickdeals.net/?sdtrk=SiteSearchV2Algo1&afsrc=1&trd=Get%20Deal%20at%20Amazon&sdtid=16664705&tid=16664705&prop=diavail-true%7Cdincp-3%7Cdinpd-1%7Cdipgavail-true&pv=b53a062c930511ee88f5c2ead178cde8&au=27f1bf7914c94808a50ce1b7560ff02e,This item has no description,Expired Deal
https://slickdeals.net/?sdtrk=SiteSearchV2Algo1&afsrc=1&trd=Get%20Deal%20at%20Amazon&sdtid=16714808&tid=16714808&prop=diavail-false%7Cdincp-0%7Cdinpd-0%7Cdipgavail-false&pv=b8648ed0930511ee8182dafb51a00520&au=27f1bf7914c94808a50ce1b7560ff02e,This item has no description,
https://slickdeals.net/?sdtrk=SiteSearchV2Algo1&afsrc=1&trd=Get%20Deal%20at%20Amazon&sdtid=16490422&tid=16490422&prop=diavail-true%7Cdincp-2%7Cdinpd-1%7Cdipgavail-true&pv=bcb234ce930511eea9a2326a88790afe&au=27f1bf7914c94808a50ce1b7560ff02e,This item has no description,
https://slickdeals.net/?sdtrk=SiteSearchV2Algo1&afsrc=1&trd=Visit%20Retailer&sdtid=16632065&tid=16632065&pno=826037&prop=diavail-false%7Cdincp-0%7Cdinpd-0%7Cdipgavail-false&pv=c1215c7e930511ee9864e6a63278c924&au=27f1bf7914c94808a50ce1b7560ff02e,This item has no description,Expired Deal
https://slickdeals.net/?sdtrk=SiteSearchV2Algo1&afsrc=1&trd=Get%20Deal%20at%20Pet%20Supermarket&sdtid=16165156&tid=16165156&prop=diavail-false%7Cdincp-0%7Cdinpd-0%7Cdipgavail-false&pv=c45aa1e8930511eeb3f4bafcfc572079&au=27f1bf7914c94808a50ce1b7560ff02e,This item has no description,
This item has no redirect purchase link,This item has no description,
This item has no redirect purchase link,This item has no description,
https://slickdeals.net/?sdtrk=SiteSearchV2Algo1&afsrc=1&trd=See%20Deal&sdtid=16027909&tid=16027909&prop=diavail-false%7Cdincp-0%7Cdinpd-0%7Cdipgavail-false&pv=d527af70930511eea9fa9aec81e22f08&au=27f1bf7914c94808a50ce1b7560ff02e,This item has no description,
This item has no redirect purchase link,This item has no description,
https://slickdeals.net/?sdtrk=SiteSearchV2Algo1&afsrc=1&trd=Get%20Deal%20at%20Amazon&sdtid=15894274&tid=15894274&prop=diavail-false%7Cdincp-0%7Cdinpd-0%7Cdipgavail-false&pv=dfda46bc930511eeb288868ec6c9cf1a&au=27f1bf7914c94808a50ce1b7560ff02e,This item has no description,
https://slickdeals.net/?sdtrk=SiteSearchV2Algo1&afsrc=1&trd=Get%20Deal%20at%20Amazon&sdtid=15797941&tid=15797941&prop=diavail-false%7Cdincp-0%7Cdinpd-0%7Cdipgavail-false&pv=e469c5ea930511ee93afdeea9ecd979f&au=27f1bf7914c94808a50ce1b7560ff02e,This item has no description,
This item has no redirect purchase link,This item has no description,
This item has no redirect purchase link,This item has no description,
https://slickdeals.net/?sdtrk=SiteSearchV2Algo1&afsrc=1&trd=Visit%20Retailer&sdtid=15815953&tid=15815953&pno=723724&prop=diavail-false%7Cdincp-0%7Cdinpd-0%7Cdipgavail-false&pv=f5bec5ca930511eea35342e834a7e014&au=27f1bf7914c94808a50ce1b7560ff02e,This item has no description,Expired Deal
https://slickdeals.net/?sdtrk=SiteSearchV2Algo1&afsrc=1&trd=Get%20Deal%20at%20Amazon&sdtid=17071147&tid=17071147&prop=diavail-true%7Cdincp-1%7Cdinpd-1%7Cdipgavail-false&pv=fe37ad16930511ee93079e6251c4153f&au=27f1bf7914c94808a50ce1b7560ff02e,This item has no description,Expired Deal
https://slickdeals.net/?sdtrk=SiteSearchV2Algo1&afsrc=1&trd=Get%20Deal%20at%20Amazon&sdtid=16783442&tid=16783442&prop=diavail-true%7Cdincp-2%7Cdinpd-1%7Cdipgavail-true&pv=0152745e930611ee9f9a0e6aeaa7f2d9&au=27f1bf7914c94808a50ce1b7560ff02e,This item has no description,
https://slickdeals.net/?sdtrk=SiteSearchV2Algo1&afsrc=1&trd=Get%20Deal%20at%20Retailer&sdtid=16771556&tid=16771556&pno=845150&prop=diavail-false%7Cdincp-0%7Cdinpd-0%7Cdipgavail-false&pv=05ad98d0930611eea4654e42ddacaef7&au=27f1bf7914c94808a50ce1b7560ff02e,This item has no description,
https://slickdeals.net/?sdtrk=SiteSearchV2Algo1&afsrc=1&trd=See%20Deal&sdtid=17027920&tid=17027920&prop=diavail-false%7Cdincp-0%7Cdinpd-0%7Cdipgavail-false&pv=0a102ce4930611ee820a967b084cc5f5&au=27f1bf7914c94808a50ce1b7560ff02e,This item has no description,
https://slickdeals.net/?sdtrk=SiteSearchV2Algo1&afsrc=1&trd=Get%20Deal%20at%20Amazon&sdtid=16913047&tid=16913047&prop=diavail-false%7Cdincp-0%7Cdinpd-0%7Cdipgavail-false&pv=0e387eac930611eeb02c8a8c03570672&au=27f1bf7914c94808a50ce1b7560ff02e,This item has no description,
https://slickdeals.net/?sdtrk=SiteSearchV2Algo1&afsrc=1&trd=Get%20Deal%20at%20Chewy&sdtid=16575458&tid=16575458&pno=818738&prop=diavail-false%7Cdincp-0%7Cdinpd-0%7Cdipgavail-false&pv=12a1a14e930611ee9fa3aef906d31fd8&au=27f1bf7914c94808a50ce1b7560ff02e,"Flea and tick protection for dogs and puppies over 18 pounds.
Long-lasting collar kills and repels fleas for 8 months.
Starts working quickly to kill and repel fleas on contact, so pests don’t have to bite your dog to die.
Hassle-free, non-greasy and easy to use.
No prescription required.",
https://slickdeals.net/?sdtrk=SiteSearchV2Algo1&afsrc=1&trd=Get%20Deal%20at%20Amazon&sdtid=16664705&tid=16664705&prop=diavail-true%7Cdincp-3%7Cdinpd-1%7Cdipgavail-true&pv=1528620e930611eea29722a93d43f6d8&au=27f1bf7914c94808a50ce1b7560ff02e,This item has no description,Expired Deal
https://slickdeals.net/?sdtrk=SiteSearchV2Algo1&afsrc=1&trd=Get%20Deal%20at%20Amazon&sdtid=16714808&tid=16714808&prop=diavail-false%7Cdincp-0%7Cdinpd-0%7Cdipgavail-false&pv=17ff6b44930611ee9bd5b213d4e1265c&au=27f1bf7914c94808a50ce1b7560ff02e,This item has no description,
https://slickdeals.net/?sdtrk=SiteSearchV2Algo1&afsrc=1&trd=Get%20Deal%20at%20Amazon&sdtid=16490422&tid=16490422&prop=diavail-true%7Cdincp-2%7Cdinpd-1%7Cdipgavail-true&pv=1c2fa544930611ee8cfe2e3df80f031a&au=27f1bf7914c94808a50ce1b7560ff02e,This item has no description,
https://slickdeals.net/?sdtrk=SiteSearchV2Algo1&afsrc=1&trd=Visit%20Retailer&sdtid=16632065&tid=16632065&pno=826037&prop=diavail-false%7Cdincp-0%7Cdinpd-0%7Cdipgavail-false&pv=20614d0c930611eea8e232155b593741&au=27f1bf7914c94808a50ce1b7560ff02e,This item has no description,Expired Deal
https://slickdeals.net/?sdtrk=SiteSearchV2Algo1&afsrc=1&trd=Get%20Deal%20at%20Pet%20Supermarket&sdtid=16165156&tid=16165156&prop=diavail-false%7Cdincp-0%7Cdinpd-0%7Cdipgavail-false&pv=232ccbba930611eea43a76a70f53cfb2&au=27f1bf7914c94808a50ce1b7560ff02e,This item has no description,
This item has no redirect purchase link,This item has no description,
This item has no redirect purchase link,This item has no description,
https://slickdeals.net/?sdtrk=SiteSearchV2Algo1&afsrc=1&trd=See%20Deal&sdtid=16027909&tid=16027909&prop=diavail-false%7Cdincp-0%7Cdinpd-0%7Cdipgavail-false&pv=33ab0740930611eeb4e83e8a4a86d54f&au=27f1bf7914c94808a50ce1b7560ff02e,This item has no description,
This item has no redirect purchase link,This item has no description,
https://slickdeals.net/?sdtrk=SiteSearchV2Algo1&afsrc=1&trd=Get%20Deal%20at%20Amazon&sdtid=15894274&tid=15894274&prop=diavail-false%7Cdincp-0%7Cdinpd-0%7Cdipgavail-false&pv=3e3cba50930611ee84949a5345c674ba&au=27f1bf7914c94808a50ce1b7560ff02e,This item has no description,
https://slickdeals.net/?sdtrk=SiteSearchV2Algo1&afsrc=1&trd=Get%20Deal%20at%20Amazon&sdtid=15797941&tid=15797941&prop=diavail-false%7Cdincp-0%7Cdinpd-0%7Cdipgavail-false&pv=4271b21a930611ee94049aec81e22f08&au=27f1bf7914c94808a50ce1b7560ff02e,This item has no description,
This item has no redirect purchase link,This item has no description,
This item has no redirect purchase link,This item has no description,
https://slickdeals.net/?sdtrk=SiteSearchV2Algo1&afsrc=1&trd=Visit%20Retailer&sdtid=15815953&tid=15815953&pno=723724&prop=diavail-false%7Cdincp-0%7Cdinpd-0%7Cdipgavail-false&pv=52c7e97c930611ee8b283e364c14c401&au=27f1bf7914c94808a50ce1b7560ff02e,This item has no description,Expired Deal
https://slickdeals.net/?sdtrk=SiteSearchV2Algo1&afsrc=1&trd=Get%20Deal%20at%20Amazon&sdtid=17071147&tid=17071147&prop=diavail-true%7Cdincp-1%7Cdinpd-1%7Cdipgavail-false&pv=55c5e8cc930611ee9c850e86e249807d&au=27f1bf7914c94808a50ce1b7560ff02e,This item has no description,Expired Deal
https://slickdeals.net/?sdtrk=SiteSearchV2Algo1&afsrc=1&trd=Get%20Deal%20at%20Amazon&sdtid=16783442&tid=16783442&prop=diavail-true%7Cdincp-2%7Cdinpd-1%7Cdipgavail-true&pv=58b7bfc4930611ee96376e29dea6a24e&au=27f1bf7914c94808a50ce1b7560ff02e,This item has no description,
https://slickdeals.net/?sdtrk=SiteSearchV2Algo1&afsrc=1&trd=Get%20Deal%20at%20Retailer&sdtid=16771556&tid=16771556&pno=845150&prop=diavail-false%7Cdincp-0%7Cdinpd-0%7Cdipgavail-false&pv=5d0424b4930611eeabead2917961b292&au=27f1bf7914c94808a50ce1b7560ff02e,This item has no description,
https://slickdeals.net/?sdtrk=SiteSearchV2Algo1&afsrc=1&trd=See%20Deal&sdtid=17027920&tid=17027920&prop=diavail-false%7Cdincp-0%7Cdinpd-0%7Cdipgavail-false&pv=615abc30930611eeb25b46a353a83649&au=27f1bf7914c94808a50ce1b7560ff02e,This item has no description,
https://slickdeals.net/?sdtrk=SiteSearchV2Algo1&afsrc=1&trd=Get%20Deal%20at%20Amazon&sdtid=16913047&tid=16913047&prop=diavail-false%7Cdincp-0%7Cdinpd-0%7Cdipgavail-false&pv=6580cf34930611eeb3472ecfd3424a6c&au=27f1bf7914c94808a50ce1b7560ff02e,This item has no description,
https://slickdeals.net/?sdtrk=SiteSearchV2Algo1&afsrc=1&trd=Get%20Deal%20at%20Chewy&sdtid=16575458&tid=16575458&pno=818738&prop=diavail-false%7Cdincp-0%7Cdinpd-0%7Cdipgavail-false&pv=69900d56930611eea8b2e281b58694f9&au=27f1bf7914c94808a50ce1b7560ff02e,"Flea and tick protection for dogs and puppies over 18 pounds.
Long-lasting collar kills and repels fleas for 8 months.
Starts working quickly to kill and repel fleas on contact, so pests don’t have to bite your dog to die.
Hassle-free, non-greasy and easy to use.
No prescription required.",
https://slickdeals.net/?sdtrk=SiteSearchV2Algo1&afsrc=1&trd=Get%20Deal%20at%20Amazon&sdtid=16664705&tid=16664705&prop=diavail-true%7Cdincp-3%7Cdinpd-1%7Cdipgavail-true&pv=6c1add08930611ee9578d6c60b2fd597&au=27f1bf7914c94808a50ce1b7560ff02e,This item has no description,Expired Deal
https://slickdeals.net/?sdtrk=SiteSearchV2Algo1&afsrc=1&trd=Get%20Deal%20at%20Amazon&sdtid=16714808&tid=16714808&prop=diavail-false%7Cdincp-0%7Cdinpd-0%7Cdipgavail-false&pv=6ed8ec7e930611eeb197b2d9063b0fb6&au=27f1bf7914c94808a50ce1b7560ff02e,This item has no description,
https://slickdeals.net/?sdtrk=SiteSearchV2Algo1&afsrc=1&trd=Get%20Deal%20at%20Amazon&sdtid=16490422&tid=16490422&prop=diavail-true%7Cdincp-2%7Cdinpd-1%7Cdipgavail-true&pv=732c7eda930611ee885b46a353a83649&au=27f1bf7914c94808a50ce1b7560ff02e,This item has no description,
https://slickdeals.net/?sdtrk=SiteSearchV2Algo1&afsrc=1&trd=Visit%20Retailer&sdtid=16632065&tid=16632065&pno=826037&prop=diavail-false%7Cdincp-0%7Cdinpd-0%7Cdipgavail-false&pv=7757acaa930611ee9ae126cbd3c933ad&au=27f1bf7914c94808a50ce1b7560ff02e,This item has no description,Expired Deal
https://slickdeals.net/?sdtrk=SiteSearchV2Algo1&afsrc=1&trd=Get%20Deal%20at%20Pet%20Supermarket&sdtid=16165156&tid=16165156&prop=diavail-false%7Cdincp-0%7Cdinpd-0%7Cdipgavail-false&pv=7a0e642a930611ee9ec042e834a7e014&au=27f1bf7914c94808a50ce1b7560ff02e,This item has no description,
This item has no redirect purchase link,This item has no description,
This item has no redirect purchase link,This item has no description,
https://slickdeals.net/?sdtrk=SiteSearchV2Algo1&afsrc=1&trd=See%20Deal&sdtid=16027909&tid=16027909&prop=diavail-false%7Cdincp-0%7Cdinpd-0%7Cdipgavail-false&pv=8ac4d902930611ee8b7ce61b785c285b&au=27f1bf7914c94808a50ce1b7560ff02e,This item has no description,
This item has no redirect purchase link,This item has no description,
https://slickdeals.net/?sdtrk=SiteSearchV2Algo1&afsrc=1&trd=Get%20Deal%20at%20Amazon&sdtid=15894274&tid=15894274&prop=diavail-false%7Cdincp-0%7Cdinpd-0%7Cdipgavail-false&pv=950a5a4a930611ee8eb2c63f9671413d&au=27f1bf7914c94808a50ce1b7560ff02e,This item has no description,
https://slickdeals.net/?sdtrk=SiteSearchV2Algo1&afsrc=1&trd=Get%20Deal%20at%20Amazon&sdtid=15797941&tid=15797941&prop=diavail-false%7Cdincp-0%7Cdinpd-0%7Cdipgavail-false&pv=993fde96930611eeaf748e7a0d52cbc4&au=27f1bf7914c94808a50ce1b7560ff02e,This item has no description,
This item has no redirect purchase link,This item has no description,
This item has no redirect purchase link,This item has no description,
https://slickdeals.net/?sdtrk=SiteSearchV2Algo1&afsrc=1&trd=Visit%20Retailer&sdtid=15815953&tid=15815953&pno=723724&prop=diavail-false%7Cdincp-0%7Cdinpd-0%7Cdipgavail-false&pv=a9a1c9e8930611ee8bfe623216ece0cb&au=27f1bf7914c94808a50ce1b7560ff02e,This item has no description,Expired Deal
https://slickdeals.net/?sdtrk=SiteSearchV2Algo1&afsrc=1&trd=Get%20Deal%20at%20Amazon&sdtid=17071147&tid=17071147&prop=diavail-true%7Cdincp-1%7Cdinpd-1%7Cdipgavail-false&pv=ac8c5eb6930611eebb257aabb1c97e42&au=27f1bf7914c94808a50ce1b7560ff02e,This item has no description,Expired Deal
https://slickdeals.net/?sdtrk=SiteSearchV2Algo1&afsrc=1&trd=Get%20Deal%20at%20Amazon&sdtid=16783442&tid=16783442&prop=diavail-true%7Cdincp-2%7Cdinpd-1%7Cdipgavail-true&pv=af676388930611eebb9caeb9af6f605e&au=27f1bf7914c94808a50ce1b7560ff02e,This item has no description,
https://slickdeals.net/?sdtrk=SiteSearchV2Algo1&afsrc=1&trd=Get%20Deal%20at%20Retailer&sdtid=16771556&tid=16771556&pno=845150&prop=diavail-false%7Cdincp-0%7Cdinpd-0%7Cdipgavail-false&pv=b3ad539e930611ee9542d2917961b292&au=27f1bf7914c94808a50ce1b7560ff02e,This item has no description,
https://slickdeals.net/?sdtrk=SiteSearchV2Algo1&afsrc=1&trd=See%20Deal&sdtid=17027920&tid=17027920&prop=diavail-false%7Cdincp-0%7Cdinpd-0%7Cdipgavail-false&pv=b7f6e1ae930611eeafee065367ff376c&au=27f1bf7914c94808a50ce1b7560ff02e,This item has no description,
https://slickdeals.net/?sdtrk=SiteSearchV2Algo1&afsrc=1&trd=Get%20Deal%20at%20Amazon&sdtid=16913047&tid=16913047&prop=diavail-false%7Cdincp-0%7Cdinpd-0%7Cdipgavail-false&pv=bc34c704930611eebd65aea895ef3e67&au=27f1bf7914c94808a50ce1b7560ff02e,This item has no description,
https://slickdeals.net/?sdtrk=SiteSearchV2Algo1&afsrc=1&trd=Get%20Deal%20at%20Chewy&sdtid=16575458&tid=16575458&pno=818738&prop=diavail-false%7Cdincp-0%7Cdinpd-0%7Cdipgavail-false&pv=c09e1aca930611eeb2df2e969d48dfac&au=27f1bf7914c94808a50ce1b7560ff02e,"Flea and tick protection for dogs and puppies over 18 pounds.
Long-lasting collar kills and repels fleas for 8 months.
Starts working quickly to kill and repel fleas on contact, so pests don’t have to bite your dog to die.
Hassle-free, non-greasy and easy to use.
No prescription required.",
https://slickdeals.net/?sdtrk=SiteSearchV2Algo1&afsrc=1&trd=Get%20Deal%20at%20Amazon&sdtid=16664705&tid=16664705&prop=diavail-true%7Cdincp-3%7Cdinpd-1%7Cdipgavail-true&pv=c3232f1a930611eeb617728b6ce44b6a&au=27f1bf7914c94808a50ce1b7560ff02e,This item has no description,Expired Deal
https://slickdeals.net/?sdtrk=SiteSearchV2Algo1&afsrc=1&trd=Get%20Deal%20at%20Amazon&sdtid=16714808&tid=16714808&prop=diavail-false%7Cdincp-0%7Cdinpd-0%7Cdipgavail-false&pv=c5f1d200930611eebf4b3e364c14c401&au=27f1bf7914c94808a50ce1b7560ff02e,This item has no description,
https://slickdeals.net/?sdtrk=SiteSearchV2Algo1&afsrc=1&trd=Get%20Deal%20at%20Amazon&sdtid=16490422&tid=16490422&prop=diavail-true%7Cdincp-2%7Cdinpd-1%7Cdipgavail-true&pv=ca1af636930611ee8235dee7c78a78dc&au=27f1bf7914c94808a50ce1b7560ff02e,This item has no description,
https://slickdeals.net/?sdtrk=SiteSearchV2Algo1&afsrc=1&trd=Visit%20Retailer&sdtid=16632065&tid=16632065&pno=826037&prop=diavail-false%7Cdincp-0%7Cdinpd-0%7Cdipgavail-false&pv=ce4ee820930611ee89f1b624ff9acd3a&au=27f1bf7914c94808a50ce1b7560ff02e,This item has no description,Expired Deal
https://slickdeals.net/?sdtrk=SiteSearchV2Algo1&afsrc=1&trd=Get%20Deal%20at%20Pet%20Supermarket&sdtid=16165156&tid=16165156&prop=diavail-false%7Cdincp-0%7Cdinpd-0%7Cdipgavail-false&pv=d11a4950930611ee9b8e9ae98ab22c26&au=27f1bf7914c94808a50ce1b7560ff02e,This item has no description,
This item has no redirect purchase link,This item has no description,
This item has no redirect purchase link,This item has no description,
https://slickdeals.net/?sdtrk=SiteSearchV2Algo1&afsrc=1&trd=See%20Deal&sdtid=16027909&tid=16027909&prop=diavail-false%7Cdincp-0%7Cdinpd-0%7Cdipgavail-false&pv=e149d5fc930611eea0883e70e4f2813c&au=27f1bf7914c94808a50ce1b7560ff02e,This item has no description,
This item has no redirect purchase link,This item has no description,
https://slickdeals.net/?sdtrk=SiteSearchV2Algo1&afsrc=1&trd=Get%20Deal%20at%20Amazon&sdtid=15894274&tid=15894274&prop=diavail-false%7Cdincp-0%7Cdinpd-0%7Cdipgavail-false&pv=eba0a922930611ee95a4aec59e3f4e02&au=27f1bf7914c94808a50ce1b7560ff02e,This item has no description,
https://slickdeals.net/?sdtrk=SiteSearchV2Algo1&afsrc=1&trd=Get%20Deal%20at%20Amazon&sdtid=15797941&tid=15797941&prop=diavail-false%7Cdincp-0%7Cdinpd-0%7Cdipgavail-false&pv=eff850e2930611eea7b1e6a63278c924&au=27f1bf7914c94808a50ce1b7560ff02e,This item has no description,
This item has no redirect purchase link,This item has no description,
This item has no redirect purchase link,This item has no description,
https://slickdeals.net/?sdtrk=SiteSearchV2Algo1&afsrc=1&trd=Visit%20Retailer&sdtid=15815953&tid=15815953&pno=723724&prop=diavail-false%7Cdincp-0%7Cdinpd-0%7Cdipgavail-false&pv=0092e58e930711eeb1a746e4c7109be0&au=27f1bf7914c94808a50ce1b7560ff02e,This item has no description,Expired Deal
https://slickdeals.net/?sdtrk=SiteSearchV2Algo1&afsrc=1&trd=Get%20Deal%20at%20Amazon&sdtid=17071147&tid=17071147&prop=diavail-true%7Cdincp-1%7Cdinpd-1%7Cdipgavail-false&pv=03575f34930711eebb4e0640c0794e28&au=27f1bf7914c94808a50ce1b7560ff02e,This item has no description,Expired Deal
https://slickdeals.net/?sdtrk=SiteSearchV2Algo1&afsrc=1&trd=Get%20Deal%20at%20Amazon&sdtid=16783442&tid=16783442&prop=diavail-true%7Cdincp-2%7Cdinpd-1%7Cdipgavail-true&pv=064cebc8930711ee8aa50e6aeaa7f2d9&au=27f1bf7914c94808a50ce1b7560ff02e,This item has no description,
https://slickdeals.net/?sdtrk=SiteSearchV2Algo1&afsrc=1&trd=Get%20Deal%20at%20Retailer&sdtid=16771556&tid=16771556&pno=845150&prop=diavail-false%7Cdincp-0%7Cdinpd-0%7Cdipgavail-false&pv=0a9fc79a930711ee9c1c763100633dd8&au=27f1bf7914c94808a50ce1b7560ff02e,This item has no description,
https://slickdeals.net/?sdtrk=SiteSearchV2Algo1&afsrc=1&trd=See%20Deal&sdtid=17027920&tid=17027920&prop=diavail-false%7Cdincp-0%7Cdinpd-0%7Cdipgavail-false&pv=0f0c465a930711ee9996f2b6c0bebaaf&au=27f1bf7914c94808a50ce1b7560ff02e,This item has no description,
https://slickdeals.net/?sdtrk=SiteSearchV2Algo1&afsrc=1&trd=Get%20Deal%20at%20Amazon&sdtid=16913047&tid=16913047&prop=diavail-false%7Cdincp-0%7Cdinpd-0%7Cdipgavail-false&pv=13452674930711ee89747eba4bb8dbe8&au=27f1bf7914c94808a50ce1b7560ff02e,This item has no description,
https://slickdeals.net/?sdtrk=SiteSearchV2Algo1&afsrc=1&trd=Get%20Deal%20at%20Chewy&sdtid=16575458&tid=16575458&pno=818738&prop=diavail-false%7Cdincp-0%7Cdinpd-0%7Cdipgavail-false&pv=1791e12c930711eeaa19f6f2c7d713a0&au=27f1bf7914c94808a50ce1b7560ff02e,"Flea and tick protection for dogs and puppies over 18 pounds.
Long-lasting collar kills and repels fleas for 8 months.
Starts working quickly to kill and repel fleas on contact, so pests don’t have to bite your dog to die.
Hassle-free, non-greasy and easy to use.
No prescription required.",
https://slickdeals.net/?sdtrk=SiteSearchV2Algo1&afsrc=1&trd=Get%20Deal%20at%20Amazon&sdtid=16664705&tid=16664705&prop=diavail-true%7Cdincp-3%7Cdinpd-1%7Cdipgavail-true&pv=1a204df2930711eea68412735a8b63a5&au=27f1bf7914c94808a50ce1b7560ff02e,This item has no description,Expired Deal
https://slickdeals.net/?sdtrk=SiteSearchV2Algo1&afsrc=1&trd=Get%20Deal%20at%20Amazon&sdtid=16714808&tid=16714808&prop=diavail-false%7Cdincp-0%7Cdinpd-0%7Cdipgavail-false&pv=1d10d32e930711ee926b2a34d537341f&au=27f1bf7914c94808a50ce1b7560ff02e,This item has no description,
https://slickdeals.net/?sdtrk=SiteSearchV2Algo1&afsrc=1&trd=Get%20Deal%20at%20Amazon&sdtid=16490422&tid=16490422&prop=diavail-true%7Cdincp-2%7Cdinpd-1%7Cdipgavail-true&pv=21535fa6930711ee85da661e7a0f8795&au=27f1bf7914c94808a50ce1b7560ff02e,This item has no description,
https://slickdeals.net/?sdtrk=SiteSearchV2Algo1&afsrc=1&trd=Visit%20Retailer&sdtid=16632065&tid=16632065&pno=826037&prop=diavail-false%7Cdincp-0%7Cdinpd-0%7Cdipgavail-false&pv=25817680930711ee837f9298aa044935&au=27f1bf7914c94808a50ce1b7560ff02e,This item has no description,Expired Deal
https://slickdeals.net/?sdtrk=SiteSearchV2Algo1&afsrc=1&trd=Get%20Deal%20at%20Pet%20Supermarket&sdtid=16165156&tid=16165156&prop=diavail-false%7Cdincp-0%7Cdinpd-0%7Cdipgavail-false&pv=28973bf2930711ee931dae9b610762b2&au=27f1bf7914c94808a50ce1b7560ff02e,This item has no description,
This item has no redirect purchase link,This item has no description,
This item has no redirect purchase link,This item has no description,
https://slickdeals.net/?sdtrk=SiteSearchV2Algo1&afsrc=1&trd=See%20Deal&sdtid=16027909&tid=16027909&prop=diavail-false%7Cdincp-0%7Cdinpd-0%7Cdipgavail-false&pv=38db179a930711eea8ad623216ece0cb&au=27f1bf7914c94808a50ce1b7560ff02e,This item has no description,
This item has no redirect purchase link,This item has no description,
https://slickdeals.net/?sdtrk=SiteSearchV2Algo1&afsrc=1&trd=Get%20Deal%20at%20Amazon&sdtid=15894274&tid=15894274&prop=diavail-false%7Cdincp-0%7Cdinpd-0%7Cdipgavail-false&pv=42f66cc0930711eeae40fa97e9bdbaef&au=27f1bf7914c94808a50ce1b7560ff02e,This item has no description,
https://slickdeals.net/?sdtrk=SiteSearchV2Algo1&afsrc=1&trd=Get%20Deal%20at%20Amazon&sdtid=15797941&tid=15797941&prop=diavail-false%7Cdincp-0%7Cdinpd-0%7Cdipgavail-false&pv=47349190930711eeb6329e6251c4153f&au=27f1bf7914c94808a50ce1b7560ff02e,This item has no description,
This item has no redirect purchase link,This item has no description,
This item has no redirect purchase link,This item has no description,
https://slickdeals.net/?sdtrk=SiteSearchV2Algo1&afsrc=1&trd=Visit%20Retailer&sdtid=15815953&tid=15815953&pno=723724&prop=diavail-false%7Cdincp-0%7Cdinpd-0%7Cdipgavail-false&pv=576d1ca8930711eebc54e61b785c285b&au=27f1bf7914c94808a50ce1b7560ff02e,This item has no description,Expired Deal
https://slickdeals.net/?sdtrk=SiteSearchV2Algo1&afsrc=1&trd=Get%20Deal%20at%20Amazon&sdtid=17071147&tid=17071147&prop=diavail-true%7Cdincp-1%7Cdinpd-1%7Cdipgavail-false&pv=5a77586e930711eeae5cfae05afd5f94&au=27f1bf7914c94808a50ce1b7560ff02e,This item has no description,Expired Deal
https://slickdeals.net/?sdtrk=SiteSearchV2Algo1&afsrc=1&trd=Get%20Deal%20at%20Amazon&sdtid=16783442&tid=16783442&prop=diavail-true%7Cdincp-2%7Cdinpd-1%7Cdipgavail-true&pv=5d8e17c2930711eea52a2a338d338185&au=27f1bf7914c94808a50ce1b7560ff02e,This item has no description,
https://slickdeals.net/?sdtrk=SiteSearchV2Algo1&afsrc=1&trd=Get%20Deal%20at%20Retailer&sdtid=16771556&tid=16771556&pno=845150&prop=diavail-false%7Cdincp-0%7Cdinpd-0%7Cdipgavail-false&pv=61c32076930711ee84949a5345c674ba&au=27f1bf7914c94808a50ce1b7560ff02e,This item has no description,
https://slickdeals.net/?sdtrk=SiteSearchV2Algo1&afsrc=1&trd=See%20Deal&sdtid=17027920&tid=17027920&prop=diavail-false%7Cdincp-0%7Cdinpd-0%7Cdipgavail-false&pv=6626df54930711eea90516284d3f4263&au=27f1bf7914c94808a50ce1b7560ff02e,This item has no description,
https://slickdeals.net/?sdtrk=SiteSearchV2Algo1&afsrc=1&trd=Get%20Deal%20at%20Amazon&sdtid=16913047&tid=16913047&prop=diavail-false%7Cdincp-0%7Cdinpd-0%7Cdipgavail-false&pv=6a511db0930711ee9dfc065367ff376c&au=27f1bf7914c94808a50ce1b7560ff02e,This item has no description,
https://slickdeals.net/?sdtrk=SiteSearchV2Algo1&afsrc=1&trd=Get%20Deal%20at%20Chewy&sdtid=16575458&tid=16575458&pno=818738&prop=diavail-false%7Cdincp-0%7Cdinpd-0%7Cdipgavail-false&pv=6e9095c2930711ee817db2322e436896&au=27f1bf7914c94808a50ce1b7560ff02e,"Flea and tick protection for dogs and puppies over 18 pounds.
Long-lasting collar kills and repels fleas for 8 months.
Starts working quickly to kill and repel fleas on contact, so pests don’t have to bite your dog to die.
Hassle-free, non-greasy and easy to use.
No prescription required.",
https://slickdeals.net/?sdtrk=SiteSearchV2Algo1&afsrc=1&trd=Get%20Deal%20at%20Amazon&sdtid=16664705&tid=16664705&prop=diavail-true%7Cdincp-3%7Cdinpd-1%7Cdipgavail-true&pv=713677e2930711eeb571c258c79c7091&au=27f1bf7914c94808a50ce1b7560ff02e,This item has no description,Expired Deal
https://slickdeals.net/?sdtrk=SiteSearchV2Algo1&afsrc=1&trd=Get%20Deal%20at%20Amazon&sdtid=16714808&tid=16714808&prop=diavail-false%7Cdincp-0%7Cdinpd-0%7Cdipgavail-false&pv=7457194a930711eea90e3e364c14c401&au=27f1bf7914c94808a50ce1b7560ff02e,This item has no description,
https://slickdeals.net/?sdtrk=SiteSearchV2Algo1&afsrc=1&trd=Get%20Deal%20at%20Amazon&sdtid=16490422&tid=16490422&prop=diavail-true%7Cdincp-2%7Cdinpd-1%7Cdipgavail-true&pv=7896bcc2930711ee8eb94e42ddacaef7&au=27f1bf7914c94808a50ce1b7560ff02e,This item has no description,
https://slickdeals.net/?sdtrk=SiteSearchV2Algo1&afsrc=1&trd=Visit%20Retailer&sdtid=16632065&tid=16632065&pno=826037&prop=diavail-false%7Cdincp-0%7Cdinpd-0%7Cdipgavail-false&pv=7cd3e508930711ee878e661e7a0f8795&au=27f1bf7914c94808a50ce1b7560ff02e,This item has no description,Expired Deal
https://slickdeals.net/?sdtrk=SiteSearchV2Algo1&afsrc=1&trd=Get%20Deal%20at%20Pet%20Supermarket&sdtid=16165156&tid=16165156&prop=diavail-false%7Cdincp-0%7Cdinpd-0%7Cdipgavail-false&pv=7ff3084a930711ee8ef8f614d5ddb5b2&au=27f1bf7914c94808a50ce1b7560ff02e,This item has no description,
This item has no redirect purchase link,This item has no description,
This item has no redirect purchase link,This item has no description,
https://slickdeals.net/?sdtrk=SiteSearchV2Algo1&afsrc=1&trd=See%20Deal&sdtid=16027909&tid=16027909&prop=diavail-false%7Cdincp-0%7Cdinpd-0%7Cdipgavail-false&pv=92032722930711ee9ed68e1f5ac956b7&au=27f1bf7914c94808a50ce1b7560ff02e,This item has no description,
This item has no redirect purchase link,This item has no description,
https://slickdeals.net/?sdtrk=SiteSearchV2Algo1&afsrc=1&trd=Get%20Deal%20at%20Amazon&sdtid=15894274&tid=15894274&prop=diavail-false%7Cdincp-0%7Cdinpd-0%7Cdipgavail-false&pv=9c56d688930711eeb44fd289d02817d7&au=27f1bf7914c94808a50ce1b7560ff02e,This item has no description,
https://slickdeals.net/?sdtrk=SiteSearchV2Algo1&afsrc=1&trd=Get%20Deal%20at%20Amazon&sdtid=15797941&tid=15797941&prop=diavail-false%7Cdincp-0%7Cdinpd-0%7Cdipgavail-false&pv=a10938ec930711eeb4c20675b876cbfa&au=27f1bf7914c94808a50ce1b7560ff02e,This item has no description,
This item has no redirect purchase link,This item has no description,
This item has no redirect purchase link,This item has no description,
https://slickdeals.net/?sdtrk=SiteSearchV2Algo1&afsrc=1&trd=Visit%20Retailer&sdtid=15815953&tid=15815953&pno=723724&prop=diavail-false%7Cdincp-0%7Cdinpd-0%7Cdipgavail-false&pv=b3005d96930711ee9af09edbf881296a&au=27f1bf7914c94808a50ce1b7560ff02e,This item has no description,Expired Deal
https://slickdeals.net/?sdtrk=SiteSearchV2Algo1&afsrc=1&trd=Get%20Deal%20at%20Amazon&sdtid=17071147&tid=17071147&prop=diavail-true%7Cdincp-1%7Cdinpd-1%7Cdipgavail-false&pv=b6fd4152930711ee82337a1b1e43ba39&au=27f1bf7914c94808a50ce1b7560ff02e,This item has no description,Expired Deal
https://slickdeals.net/?sdtrk=SiteSearchV2Algo1&afsrc=1&trd=Get%20Deal%20at%20Amazon&sdtid=16783442&tid=16783442&prop=diavail-true%7Cdincp-2%7Cdinpd-1%7Cdipgavail-true&pv=bad120fa930711ee89f4aa67884b6253&au=27f1bf7914c94808a50ce1b7560ff02e,This item has no description,
https://slickdeals.net/?sdtrk=SiteSearchV2Algo1&afsrc=1&trd=Get%20Deal%20at%20Retailer&sdtid=16771556&tid=16771556&pno=845150&prop=diavail-false%7Cdincp-0%7Cdinpd-0%7Cdipgavail-false&pv=c014ea6a930711eebc11a2d0325ecb31&au=27f1bf7914c94808a50ce1b7560ff02e,This item has no description,
https://slickdeals.net/?sdtrk=SiteSearchV2Algo1&afsrc=1&trd=See%20Deal&sdtid=17027920&tid=17027920&prop=diavail-false%7Cdincp-0%7Cdinpd-0%7Cdipgavail-false&pv=c528f712930711ee87f6162af5eba7fc&au=27f1bf7914c94808a50ce1b7560ff02e,This item has no description,
https://slickdeals.net/?sdtrk=SiteSearchV2Algo1&afsrc=1&trd=Get%20Deal%20at%20Amazon&sdtid=16913047&tid=16913047&prop=diavail-false%7Cdincp-0%7Cdinpd-0%7Cdipgavail-false&pv=ca56adb0930711eebb97aea895ef3e67&au=27f1bf7914c94808a50ce1b7560ff02e,This item has no description,
https://slickdeals.net/?sdtrk=SiteSearchV2Algo1&afsrc=1&trd=Get%20Deal%20at%20Chewy&sdtid=16575458&tid=16575458&pno=818738&prop=diavail-false%7Cdincp-0%7Cdinpd-0%7Cdipgavail-false&pv=cf70718c930711ee9acb6ea02c65049f&au=27f1bf7914c94808a50ce1b7560ff02e,"Flea and tick protection for dogs and puppies over 18 pounds.
Long-lasting collar kills and repels fleas for 8 months.
Starts working quickly to kill and repel fleas on contact, so pests don’t have to bite your dog to die.
Hassle-free, non-greasy and easy to use.
No prescription required.",
https://slickdeals.net/?sdtrk=SiteSearchV2Algo1&afsrc=1&trd=Get%20Deal%20at%20Amazon&sdtid=16664705&tid=16664705&prop=diavail-true%7Cdincp-3%7Cdinpd-1%7Cdipgavail-true&pv=d46e0f28930711eebe54ee7b3f3e8d1f&au=27f1bf7914c94808a50ce1b7560ff02e,This item has no description,Expired Deal
https://slickdeals.net/?sdtrk=SiteSearchV2Algo1&afsrc=1&trd=Get%20Deal%20at%20Amazon&sdtid=16714808&tid=16714808&prop=diavail-false%7Cdincp-0%7Cdinpd-0%7Cdipgavail-false&pv=d845ea6c930711eeb9b712b0c970275b&au=27f1bf7914c94808a50ce1b7560ff02e,This item has no description,
https://slickdeals.net/?sdtrk=SiteSearchV2Algo1&afsrc=1&trd=Get%20Deal%20at%20Amazon&sdtid=16490422&tid=16490422&prop=diavail-true%7Cdincp-2%7Cdinpd-1%7Cdipgavail-true&pv=dd77ae62930711ee83c8560a8f91e575&au=27f1bf7914c94808a50ce1b7560ff02e,This item has no description,
https://slickdeals.net/?sdtrk=SiteSearchV2Algo1&afsrc=1&trd=Visit%20Retailer&sdtid=16632065&tid=16632065&pno=826037&prop=diavail-false%7Cdincp-0%7Cdinpd-0%7Cdipgavail-false&pv=e2c20336930711ee8314f2b6c0bebaaf&au=27f1bf7914c94808a50ce1b7560ff02e,This item has no description,Expired Deal
https://slickdeals.net/?sdtrk=SiteSearchV2Algo1&afsrc=1&trd=Get%20Deal%20at%20Pet%20Supermarket&sdtid=16165156&tid=16165156&prop=diavail-false%7Cdincp-0%7Cdinpd-0%7Cdipgavail-false&pv=e73e5d6a930711ee9991e645f6083ee1&au=27f1bf7914c94808a50ce1b7560ff02e,This item has no description,
This item has no redirect purchase link,This item has no description,
This item has no redirect purchase link,This item has no description,
https://slickdeals.net/?sdtrk=SiteSearchV2Algo1&afsrc=1&trd=See%20Deal&sdtid=16027909&tid=16027909&prop=diavail-false%7Cdincp-0%7Cdinpd-0%7Cdipgavail-false&pv=f912dc1e930711eea13db2322e436896&au=27f1bf7914c94808a50ce1b7560ff02e,This item has no description,
This item has no redirect purchase link,This item has no description,
https://slickdeals.net/?sdtrk=SiteSearchV2Algo1&afsrc=1&trd=Get%20Deal%20at%20Amazon&sdtid=15894274&tid=15894274&prop=diavail-false%7Cdincp-0%7Cdinpd-0%7Cdipgavail-false&pv=04c3e602930811eeacef46e4c7109be0&au=27f1bf7914c94808a50ce1b7560ff02e,This item has no description,
https://slickdeals.net/?sdtrk=SiteSearchV2Algo1&afsrc=1&trd=Get%20Deal%20at%20Amazon&sdtid=15797941&tid=15797941&prop=diavail-false%7Cdincp-0%7Cdinpd-0%7Cdipgavail-false&pv=095bf11e930811ee9d57362f91a0a8f9&au=27f1bf7914c94808a50ce1b7560ff02e,This item has no description,
This item has no redirect purchase link,This item has no description,
This item has no redirect purchase link,This item has no description,
https://slickdeals.net/?sdtrk=SiteSearchV2Algo1&afsrc=1&trd=Visit%20Retailer&sdtid=15815953&tid=15815953&pno=723724&prop=diavail-false%7Cdincp-0%7Cdinpd-0%7Cdipgavail-false&pv=1a43969e930811eeb79126cbd3c933ad&au=27f1bf7914c94808a50ce1b7560ff02e,This item has no description,Expired Deal
https://slickdeals.net/?sdtrk=SiteSearchV2Algo1&afsrc=1&trd=Get%20Deal%20at%20Amazon&sdtid=17071147&tid=17071147&prop=diavail-true%7Cdincp-1%7Cdinpd-1%7Cdipgavail-false&pv=1d565682930811ee94204e3d14269b0d&au=27f1bf7914c94808a50ce1b7560ff02e,This item has no description,Expired Deal
https://slickdeals.net/?sdtrk=SiteSearchV2Algo1&afsrc=1&trd=Get%20Deal%20at%20Amazon&sdtid=16783442&tid=16783442&prop=diavail-true%7Cdincp-2%7Cdinpd-1%7Cdipgavail-true&pv=202a7352930811eeb02c8a8c03570672&au=27f1bf7914c94808a50ce1b7560ff02e,This item has no description,
https://slickdeals.net/?sdtrk=SiteSearchV2Algo1&afsrc=1&trd=Get%20Deal%20at%20Retailer&sdtid=16771556&tid=16771556&pno=845150&prop=diavail-false%7Cdincp-0%7Cdinpd-0%7Cdipgavail-false&pv=246a8952930811eeb09ee645f6083ee1&au=27f1bf7914c94808a50ce1b7560ff02e,This item has no description,
https://slickdeals.net/?sdtrk=SiteSearchV2Algo1&afsrc=1&trd=See%20Deal&sdtid=17027920&tid=17027920&prop=diavail-false%7Cdincp-0%7Cdinpd-0%7Cdipgavail-false&pv=28c42d6e930811ee90d7ea7718e137e0&au=27f1bf7914c94808a50ce1b7560ff02e,This item has no description,
https://slickdeals.net/?sdtrk=SiteSearchV2Algo1&afsrc=1&trd=Get%20Deal%20at%20Amazon&sdtid=16913047&tid=16913047&prop=diavail-false%7Cdincp-0%7Cdinpd-0%7Cdipgavail-false&pv=2cfe3546930811eeb2f00e2c2394bcf6&au=27f1bf7914c94808a50ce1b7560ff02e,This item has no description,
https://slickdeals.net/?sdtrk=SiteSearchV2Algo1&afsrc=1&trd=Get%20Deal%20at%20Chewy&sdtid=16575458&tid=16575458&pno=818738&prop=diavail-false%7Cdincp-0%7Cdinpd-0%7Cdipgavail-false&pv=313c29ec930811eeb2ae5217dadf8f51&au=27f1bf7914c94808a50ce1b7560ff02e,"Flea and tick protection for dogs and puppies over 18 pounds.
Long-lasting collar kills and repels fleas for 8 months.
Starts working quickly to kill and repel fleas on contact, so pests don’t have to bite your dog to die.
Hassle-free, non-greasy and easy to use.
No prescription required.",
https://slickdeals.net/?sdtrk=SiteSearchV2Algo1&afsrc=1&trd=Get%20Deal%20at%20Amazon&sdtid=16664705&tid=16664705&prop=diavail-true%7Cdincp-3%7Cdinpd-1%7Cdipgavail-true&pv=33f08818930811ee8467728b6ce44b6a&au=27f1bf7914c94808a50ce1b7560ff02e,This item has no description,Expired Deal
https://slickdeals.net/?sdtrk=SiteSearchV2Algo1&afsrc=1&trd=Get%20Deal%20at%20Amazon&sdtid=16714808&tid=16714808&prop=diavail-false%7Cdincp-0%7Cdinpd-0%7Cdipgavail-false&pv=368854c0930811eeae80326a88790afe&au=27f1bf7914c94808a50ce1b7560ff02e,This item has no description,
https://slickdeals.net/?sdtrk=SiteSearchV2Algo1&afsrc=1&trd=Get%20Deal%20at%20Amazon&sdtid=16490422&tid=16490422&prop=diavail-true%7Cdincp-2%7Cdinpd-1%7Cdipgavail-true&pv=3ab12428930811eeb73caeddf160804c&au=27f1bf7914c94808a50ce1b7560ff02e,This item has no description,
https://slickdeals.net/?sdtrk=SiteSearchV2Algo1&afsrc=1&trd=Visit%20Retailer&sdtid=16632065&tid=16632065&pno=826037&prop=diavail-false%7Cdincp-0%7Cdinpd-0%7Cdipgavail-false&pv=3f6646ec930811eebaa8326a88790afe&au=27f1bf7914c94808a50ce1b7560ff02e,This item has no description,Expired Deal
https://slickdeals.net/?sdtrk=SiteSearchV2Algo1&afsrc=1&trd=Get%20Deal%20at%20Pet%20Supermarket&sdtid=16165156&tid=16165156&prop=diavail-false%7Cdincp-0%7Cdinpd-0%7Cdipgavail-false&pv=422616aa930811ee8cc9a66a415f3ee7&au=27f1bf7914c94808a50ce1b7560ff02e,This item has no description,
This item has no redirect purchase link,This item has no description,
This item has no redirect purchase link,This item has no description,
https://slickdeals.net/?sdtrk=SiteSearchV2Algo1&afsrc=1&trd=See%20Deal&sdtid=16027909&tid=16027909&prop=diavail-false%7Cdincp-0%7Cdinpd-0%7Cdipgavail-false&pv=52a64158930811ee88e23a4e4378d870&au=27f1bf7914c94808a50ce1b7560ff02e,This item has no description,
This item has no redirect purchase link,This item has no description,
https://slickdeals.net/?sdtrk=SiteSearchV2Algo1&afsrc=1&trd=Get%20Deal%20at%20Amazon&sdtid=15894274&tid=15894274&prop=diavail-false%7Cdincp-0%7Cdinpd-0%7Cdipgavail-false&pv=5cf6ed7e930811eeb5e0ced5612574d3&au=27f1bf7914c94808a50ce1b7560ff02e,This item has no description,
https://slickdeals.net/?sdtrk=SiteSearchV2Algo1&afsrc=1&trd=Get%20Deal%20at%20Amazon&sdtid=15797941&tid=15797941&prop=diavail-false%7Cdincp-0%7Cdinpd-0%7Cdipgavail-false&pv=615427d8930811ee991e4267e803f315&au=27f1bf7914c94808a50ce1b7560ff02e,This item has no description,
This item has no redirect purchase link,This item has no description,
This item has no redirect purchase link,This item has no description,
https://slickdeals.net/?sdtrk=SiteSearchV2Algo1&afsrc=1&trd=Visit%20Retailer&sdtid=15815953&tid=15815953&pno=723724&prop=diavail-false%7Cdincp-0%7Cdinpd-0%7Cdipgavail-false&pv=71ada0b4930811eeb82f5217dadf8f51&au=27f1bf7914c94808a50ce1b7560ff02e,This item has no description,Expired Deal
https://slickdeals.net/?sdtrk=SiteSearchV2Algo1&afsrc=1&trd=Get%20Deal%20at%20Amazon&sdtid=17071147&tid=17071147&prop=diavail-true%7Cdincp-1%7Cdinpd-1%7Cdipgavail-false&pv=74870b36930811ee91d3eef2e093f679&au=27f1bf7914c94808a50ce1b7560ff02e,This item has no description,Expired Deal
https://slickdeals.net/?sdtrk=SiteSearchV2Algo1&afsrc=1&trd=Get%20Deal%20at%20Amazon&sdtid=16783442&tid=16783442&prop=diavail-true%7Cdincp-2%7Cdinpd-1%7Cdipgavail-true&pv=7771bc6a930811ee913fc63f9671413d&au=27f1bf7914c94808a50ce1b7560ff02e,This item has no description,
https://slickdeals.net/?sdtrk=SiteSearchV2Algo1&afsrc=1&trd=Get%20Deal%20at%20Retailer&sdtid=16771556&tid=16771556&pno=845150&prop=diavail-false%7Cdincp-0%7Cdinpd-0%7Cdipgavail-false&pv=7bde8a30930811ee980b5281c35caba3&au=27f1bf7914c94808a50ce1b7560ff02e,This item has no description,
https://slickdeals.net/?sdtrk=SiteSearchV2Algo1&afsrc=1&trd=See%20Deal&sdtid=17027920&tid=17027920&prop=diavail-false%7Cdincp-0%7Cdinpd-0%7Cdipgavail-false&pv=805322ec930811eebba25eb20a345d12&au=27f1bf7914c94808a50ce1b7560ff02e,This item has no description,
https://slickdeals.net/?sdtrk=SiteSearchV2Algo1&afsrc=1&trd=Get%20Deal%20at%20Amazon&sdtid=16913047&tid=16913047&prop=diavail-false%7Cdincp-0%7Cdinpd-0%7Cdipgavail-false&pv=84af4500930811ee901a32155b593741&au=27f1bf7914c94808a50ce1b7560ff02e,This item has no description,
https://slickdeals.net/?sdtrk=SiteSearchV2Algo1&afsrc=1&trd=Get%20Deal%20at%20Chewy&sdtid=16575458&tid=16575458&pno=818738&prop=diavail-false%7Cdincp-0%7Cdinpd-0%7Cdipgavail-false&pv=890de732930811eeae709a5345c674ba&au=27f1bf7914c94808a50ce1b7560ff02e,"Flea and tick protection for dogs and puppies over 18 pounds.
Long-lasting collar kills and repels fleas for 8 months.
Starts working quickly to kill and repel fleas on contact, so pests don’t have to bite your dog to die.
Hassle-free, non-greasy and easy to use.
No prescription required.",
https://slickdeals.net/?sdtrk=SiteSearchV2Algo1&afsrc=1&trd=Get%20Deal%20at%20Amazon&sdtid=16664705&tid=16664705&prop=diavail-true%7Cdincp-3%7Cdinpd-1%7Cdipgavail-true&pv=8c07fff4930811ee96d096bc129f10c7&au=27f1bf7914c94808a50ce1b7560ff02e,This item has no description,Expired Deal
https://slickdeals.net/?sdtrk=SiteSearchV2Algo1&afsrc=1&trd=Get%20Deal%20at%20Amazon&sdtid=16714808&tid=16714808&prop=diavail-false%7Cdincp-0%7Cdinpd-0%7Cdipgavail-false&pv=8ef4677a930811eebca422426bd0a8ca&au=27f1bf7914c94808a50ce1b7560ff02e,This item has no description,
https://slickdeals.net/?sdtrk=SiteSearchV2Algo1&afsrc=1&trd=Get%20Deal%20at%20Amazon&sdtid=16490422&tid=16490422&prop=diavail-true%7Cdincp-2%7Cdinpd-1%7Cdipgavail-true&pv=933dc4fc930811eead1802fafdfe0186&au=27f1bf7914c94808a50ce1b7560ff02e,This item has no description,
https://slickdeals.net/?sdtrk=SiteSearchV2Algo1&afsrc=1&trd=Visit%20Retailer&sdtid=16632065&tid=16632065&pno=826037&prop=diavail-false%7Cdincp-0%7Cdinpd-0%7Cdipgavail-false&pv=976b1c32930811ee97919ee15ae9a4c5&au=27f1bf7914c94808a50ce1b7560ff02e,This item has no description,Expired Deal
https://slickdeals.net/?sdtrk=SiteSearchV2Algo1&afsrc=1&trd=Get%20Deal%20at%20Pet%20Supermarket&sdtid=16165156&tid=16165156&prop=diavail-false%7Cdincp-0%7Cdinpd-0%7Cdipgavail-false&pv=99fe9514930811eea862e2ff9c0aef19&au=27f1bf7914c94808a50ce1b7560ff02e,This item has no description,
This item has no redirect purchase link,This item has no description,
This item has no redirect purchase link,This item has no description,
https://slickdeals.net/?sdtrk=SiteSearchV2Algo1&afsrc=1&trd=See%20Deal&sdtid=16027909&tid=16027909&prop=diavail-false%7Cdincp-0%7Cdinpd-0%7Cdipgavail-false&pv=aa6757f6930811eeab8046a353a83649&au=27f1bf7914c94808a50ce1b7560ff02e,This item has no description,
This item has no redirect purchase link,This item has no description,
https://slickdeals.net/?sdtrk=SiteSearchV2Algo1&afsrc=1&trd=Get%20Deal%20at%20Amazon&sdtid=15894274&tid=15894274&prop=diavail-false%7Cdincp-0%7Cdinpd-0%7Cdipgavail-false&pv=b4af03a8930811eebe0d2211e560f7e8&au=27f1bf7914c94808a50ce1b7560ff02e,This item has no description,
https://slickdeals.net/?sdtrk=SiteSearchV2Algo1&afsrc=1&trd=Get%20Deal%20at%20Amazon&sdtid=15797941&tid=15797941&prop=diavail-false%7Cdincp-0%7Cdinpd-0%7Cdipgavail-false&pv=b8b8047c930811eea6e39a140b1569d6&au=27f1bf7914c94808a50ce1b7560ff02e,This item has no description,
This item has no redirect purchase link,This item has no description,
This item has no redirect purchase link,This item has no description,
https://slickdeals.net/?sdtrk=SiteSearchV2Algo1&afsrc=1&trd=Visit%20Retailer&sdtid=15815953&tid=15815953&pno=723724&prop=diavail-false%7Cdincp-0%7Cdinpd-0%7Cdipgavail-false&pv=c9b5a888930811ee9dfe26cbd3c933ad&au=27f1bf7914c94808a50ce1b7560ff02e,This item has no description,Expired Deal
https://slickdeals.net/?sdtrk=SiteSearchV2Algo1&afsrc=1&trd=Get%20Deal%20at%20Amazon&sdtid=17071147&tid=17071147&prop=diavail-true%7Cdincp-1%7Cdinpd-1%7Cdipgavail-false&pv=ccd033f8930811ee8c224e3d14269b0d&au=27f1bf7914c94808a50ce1b7560ff02e,This item has no description,Expired Deal
https://slickdeals.net/?sdtrk=SiteSearchV2Algo1&afsrc=1&trd=Get%20Deal%20at%20Amazon&sdtid=16783442&tid=16783442&prop=diavail-true%7Cdincp-2%7Cdinpd-1%7Cdipgavail-true&pv=cf572c94930811eea4e6d28e2e2cc546&au=27f1bf7914c94808a50ce1b7560ff02e,This item has no description,
https://slickdeals.net/?sdtrk=SiteSearchV2Algo1&afsrc=1&trd=Get%20Deal%20at%20Retailer&sdtid=16771556&tid=16771556&pno=845150&prop=diavail-false%7Cdincp-0%7Cdinpd-0%7Cdipgavail-false&pv=d3a0a21c930811ee95ff9ae98ab22c26&au=27f1bf7914c94808a50ce1b7560ff02e,This item has no description,
https://slickdeals.net/?sdtrk=SiteSearchV2Algo1&afsrc=1&trd=See%20Deal&sdtid=17027920&tid=17027920&prop=diavail-false%7Cdincp-0%7Cdinpd-0%7Cdipgavail-false&pv=d7f9b0d8930811eeaabe5281c35caba3&au=27f1bf7914c94808a50ce1b7560ff02e,This item has no description,
https://slickdeals.net/?sdtrk=SiteSearchV2Algo1&afsrc=1&trd=Get%20Deal%20at%20Amazon&sdtid=16913047&tid=16913047&prop=diavail-false%7Cdincp-0%7Cdinpd-0%7Cdipgavail-false&pv=dc34d5d8930811eeb3e48280f768462e&au=27f1bf7914c94808a50ce1b7560ff02e,This item has no description,
https://slickdeals.net/?sdtrk=SiteSearchV2Algo1&afsrc=1&trd=Get%20Deal%20at%20Chewy&sdtid=16575458&tid=16575458&pno=818738&prop=diavail-false%7Cdincp-0%7Cdinpd-0%7Cdipgavail-false&pv=e05bdada930811eead22f68da10d4181&au=27f1bf7914c94808a50ce1b7560ff02e,"Flea and tick protection for dogs and puppies over 18 pounds.
Long-lasting collar kills and repels fleas for 8 months.
Starts working quickly to kill and repel fleas on contact, so pests don’t have to bite your dog to die.
Hassle-free, non-greasy and easy to use.
No prescription required.",
https://slickdeals.net/?sdtrk=SiteSearchV2Algo1&afsrc=1&trd=Get%20Deal%20at%20Amazon&sdtid=16664705&tid=16664705&prop=diavail-true%7Cdincp-3%7Cdinpd-1%7Cdipgavail-true&pv=e3073e6e930811eeaf260675b876cbfa&au=27f1bf7914c94808a50ce1b7560ff02e,This item has no description,Expired Deal
https://slickdeals.net/?sdtrk=SiteSearchV2Algo1&afsrc=1&trd=Get%20Deal%20at%20Amazon&sdtid=16714808&tid=16714808&prop=diavail-false%7Cdincp-0%7Cdinpd-0%7Cdipgavail-false&pv=e5faa192930811eeb9c2e645f6083ee1&au=27f1bf7914c94808a50ce1b7560ff02e,This item has no description,
https://slickdeals.net/?sdtrk=SiteSearchV2Algo1&afsrc=1&trd=Get%20Deal%20at%20Amazon&sdtid=16490422&tid=16490422&prop=diavail-true%7Cdincp-2%7Cdinpd-1%7Cdipgavail-true&pv=ea16fb0e930811eebd2b12b6eb2019a4&au=27f1bf7914c94808a50ce1b7560ff02e,This item has no description,
https://slickdeals.net/?sdtrk=SiteSearchV2Algo1&afsrc=1&trd=Visit%20Retailer&sdtid=16632065&tid=16632065&pno=826037&prop=diavail-false%7Cdincp-0%7Cdinpd-0%7Cdipgavail-false&pv=ee54908c930811ee9b74a2e14e098be5&au=27f1bf7914c94808a50ce1b7560ff02e,This item has no description,Expired Deal
https://slickdeals.net/?sdtrk=SiteSearchV2Algo1&afsrc=1&trd=Get%20Deal%20at%20Pet%20Supermarket&sdtid=16165156&tid=16165156&prop=diavail-false%7Cdincp-0%7Cdinpd-0%7Cdipgavail-false&pv=f0f5ede0930811ee815a326a88790afe&au=27f1bf7914c94808a50ce1b7560ff02e,This item has no description,
This item has no redirect purchase link,This item has no description,
This item has no redirect purchase link,This item has no description,
https://slickdeals.net/?sdtrk=SiteSearchV2Algo1&afsrc=1&trd=See%20Deal&sdtid=16027909&tid=16027909&prop=diavail-false%7Cdincp-0%7Cdinpd-0%7Cdipgavail-false&pv=014ef678930911ee98fbca32e05c6d67&au=27f1bf7914c94808a50ce1b7560ff02e,This item has no description,
This item has no redirect purchase link,This item has no description,
https://slickdeals.net/?sdtrk=SiteSearchV2Algo1&afsrc=1&trd=Get%20Deal%20at%20Amazon&sdtid=15894274&tid=15894274&prop=diavail-false%7Cdincp-0%7Cdinpd-0%7Cdipgavail-false&pv=0b85e5f2930911eeb153aa402ec8805f&au=27f1bf7914c94808a50ce1b7560ff02e,This item has no description,
https://slickdeals.net/?sdtrk=SiteSearchV2Algo1&afsrc=1&trd=Get%20Deal%20at%20Amazon&sdtid=15797941&tid=15797941&prop=diavail-false%7Cdincp-0%7Cdinpd-0%7Cdipgavail-false&pv=0fd061a0930911eeb920f6836995d55b&au=27f1bf7914c94808a50ce1b7560ff02e,This item has no description,
This item has no redirect purchase link,This item has no description,
This item has no redirect purchase link,This item has no description,
https://slickdeals.net/?sdtrk=SiteSearchV2Algo1&afsrc=1&trd=Visit%20Retailer&sdtid=15815953&tid=15815953&pno=723724&prop=diavail-false%7Cdincp-0%7Cdinpd-0%7Cdipgavail-false&pv=201f124a930911ee9e03fa97e9bdbaef&au=27f1bf7914c94808a50ce1b7560ff02e,This item has no description,Expired Deal
