realBuyLink,description,expired
https://slickdeals.net/?sdtrk=SiteSearchV2Algo1&afsrc=1&trd=Get%20Deal%20at%20Chewy&sdtid=17137240&tid=17137240&pno=897673&prop=diavail-false%7Cdincp-0%7Cdinpd-0%7Cdipgavail-false&pv=99790cda930511eead93a644d253a384&au=93cd74d4d05f41789f38d29760e3e07e,"Make your kitty’s gift unforgettable this year with a special holiday-themed Goody Box by Chewy.
This holiday Goody Box includes a penguin plush kicker toy; a pack of 10 bouncy, holiday-colored spring toys; a foldable play tunnel; and delicious treats from Temptations and Hartz Delectables. Plus, all three toys include catnip, for maxed-out holiday excitement.
Each item has been hand-picked by the pet-obsessed experts at Chewy.
Save up to 35% by bundling all these cat-approved products together.
Provides an opportunity to strengthen your bond and make this holiday the best one yet.",
https://slickdeals.net/?sdtrk=SiteSearchV2Algo1&afsrc=1&trd=Get%20Deal%20at%20Chewy&sdtid=17105881&tid=17105881&pno=893626&prop=diavail-false%7Cdincp-0%7Cdinpd-0%7Cdipgavail-false&pv=9d183d70930511eeaaa11a5de5c8a3b2&au=93cd74d4d05f41789f38d29760e3e07e,This item has no description,
https://slickdeals.net/?sdtrk=SiteSearchV2Algo1&afsrc=1&trd=Get%20Deal%20at%20Amazon&sdtid=17122240&tid=17122240&pno=895849&prop=diavail-true%7Cdincp-1%7Cdinpd-0%7Cdipgavail-false&pv=a17a377e930511eeae9912735a8b63a5&au=93cd74d4d05f41789f38d29760e3e07e,This item has no description,
https://slickdeals.net/?sdtrk=SiteSearchV2Algo1&afsrc=1&trd=Get%20Deal%20at%20Chewy&sdtid=17043058&tid=17043058&pno=885532&prop=diavail-false%7Cdincp-0%7Cdinpd-0%7Cdipgavail-false&pv=a61ac690930511ee9fdb12b6eb2019a4&au=93cd74d4d05f41789f38d29760e3e07e,This item has no description,
https://slickdeals.net/?sdtrk=SiteSearchV2Algo1&afsrc=1&trd=Get%20Deal%20at%20Amazon&sdtid=17126134&tid=17126134&prop=diavail-true%7Cdincp-1%7Cdinpd-3%7Cdipgavail-false&pv=aaa90172930511ee9a805eb20a345d12&au=93cd74d4d05f41789f38d29760e3e07e,This item has no description,
https://slickdeals.net/?sdtrk=SiteSearchV2Algo1&afsrc=1&trd=Get%20Deal%20at%20Amazon&sdtid=17132515&tid=17132515&prop=diavail-true%7Cdincp-1%7Cdinpd-0%7Cdipgavail-false&pv=afd27a84930511eea0f2aa67884b6253&au=93cd74d4d05f41789f38d29760e3e07e,This item has no description,
https://slickdeals.net/?sdtrk=SiteSearchV2Algo1&afsrc=1&trd=Get%20Deal%20at%20Amazon&sdtid=17038660&tid=17038660&pno=884014&prop=diavail-true%7Cdincp-2%7Cdinpd-0%7Cdipgavail-true&pv=b422e056930511eebba8aea895ef3e67&au=93cd74d4d05f41789f38d29760e3e07e,This item has no description,
https://slickdeals.net/?sdtrk=SiteSearchV2Algo1&afsrc=1&trd=Get%20Deal%20at%20Rack%20To%20Door&sdtid=17071792&tid=17071792&prop=diavail-false%7Cdincp-0%7Cdinpd-0%7Cdipgavail-false&pv=b90f331c930511eeba26d265bfc59192&au=93cd74d4d05f41789f38d29760e3e07e,This item has no description,
https://slickdeals.net/?sdtrk=SiteSearchV2Algo1&afsrc=1&trd=Get%20Deal%20at%20Amazon&sdtid=17000392&tid=17000392&prop=diavail-true%7Cdincp-1%7Cdinpd-0%7Cdipgavail-false&pv=bd93b50c930511eea5dd5eb20a345d12&au=93cd74d4d05f41789f38d29760e3e07e,This item has no description,
https://slickdeals.net/?sdtrk=SiteSearchV2Algo1&afsrc=1&trd=Get%20Deal%20at%20Chewy&sdtid=17083981&tid=17083981&prop=diavail-false%7Cdincp-0%7Cdinpd-0%7Cdipgavail-false&pv=c262dec8930511ee90477a43b6270382&au=93cd74d4d05f41789f38d29760e3e07e,This item has no description,
https://slickdeals.net/?sdtrk=SiteSearchV2Algo1&afsrc=1&trd=Get%20Deal%20at%20PetSmart&sdtid=16902964&tid=16902964&prop=diavail-false%7Cdincp-0%7Cdinpd-0%7Cdipgavail-false&pv=c7484298930511ee860baef906d31fd8&au=93cd74d4d05f41789f38d29760e3e07e,This item has no description,
https://slickdeals.net/?sdtrk=SiteSearchV2Algo1&afsrc=1&trd=Visit%20Chewy&sdtid=17093428&tid=17093428&pno=891433&prop=diavail-false%7Cdincp-0%7Cdinpd-0%7Cdipgavail-false&pv=cbcc98e6930511eeba46dee7c78a78dc&au=93cd74d4d05f41789f38d29760e3e07e,This item has no description,
https://slickdeals.net/?sdtrk=SiteSearchV2Algo1&afsrc=1&trd=Get%20Deal%20at%20Amazon&sdtid=16991269&tid=16991269&prop=diavail-true%7Cdincp-1%7Cdinpd-1%7Cdipgavail-false&pv=d05262a6930511ee916a8a794a57f3ed&au=93cd74d4d05f41789f38d29760e3e07e,This item has no description,
https://slickdeals.net/?sdtrk=SiteSearchV2Algo1&afsrc=1&trd=Visit%20Walmart&sdtid=17086315&tid=17086315&pno=890551&prop=diavail-false%7Cdincp-0%7Cdinpd-0%7Cdipgavail-false&pv=d51a380e930511eeb08fa6d63f35ac30&au=93cd74d4d05f41789f38d29760e3e07e,This item has no description,Expired Deal
https://slickdeals.net/?sdtrk=SiteSearchV2Algo1&afsrc=1&trd=Get%20Deal%20at%20Kohl%27s&sdtid=16788287&tid=16788287&pno=846854&prop=diavail-false%7Cdincp-0%7Cdinpd-0%7Cdipgavail-false&pv=d89278fc930511eeb7038280f768462e&au=93cd74d4d05f41789f38d29760e3e07e,This item has no description,
https://slickdeals.net/?sdtrk=SiteSearchV2Algo1&afsrc=1&trd=Get%20Deal%20at%20Target&sdtid=17126056&tid=17126056&prop=diavail-false%7Cdincp-0%7Cdinpd-0%7Cdipgavail-false&pv=dce4e82c930511eeba822211e560f7e8&au=93cd74d4d05f41789f38d29760e3e07e,This item has no description,Expired Deal
https://slickdeals.net/?sdtrk=SiteSearchV2Algo1&afsrc=1&trd=Get%20Deal%20at%20Amazon&sdtid=17071465&tid=17071465&prop=diavail-true%7Cdincp-1%7Cdinpd-3%7Cdipgavail-false&pv=dff71544930511eeb9bd22426bd0a8ca&au=93cd74d4d05f41789f38d29760e3e07e,This item has no description,
https://slickdeals.net/?sdtrk=SiteSearchV2Algo1&afsrc=1&trd=Get%20Deal%20at%20Microsoft%20Store&sdtid=17011141&tid=17011141&pno=879721&prop=diavail-false%7Cdincp-0%7Cdinpd-0%7Cdipgavail-false&pv=e491ee12930511eebdf1a6226f9167e9&au=93cd74d4d05f41789f38d29760e3e07e,This item has no description,
https://slickdeals.net/?sdtrk=SiteSearchV2Algo1&afsrc=1&trd=Get%20Deal%20at%20PetSmart&sdtid=16847459&tid=16847459&prop=diavail-false%7Cdincp-0%7Cdinpd-0%7Cdipgavail-false&pv=e96e3cb0930511eea984b624ff9acd3a&au=93cd74d4d05f41789f38d29760e3e07e,This item has no description,
https://slickdeals.net/?sdtrk=SiteSearchV2Algo1&afsrc=1&trd=Visit%20Amazon&sdtid=16956592&tid=16956592&pno=871795&prop=diavail-true%7Cdincp-1%7Cdinpd-0%7Cdipgavail-false&pv=edd690cc930511ee856f9e46292aae40&au=93cd74d4d05f41789f38d29760e3e07e,This item has no description,Expired Deal
https://slickdeals.net/?sdtrk=SiteSearchV2Algo1&afsrc=1&trd=Get%20Deal%20at%20Chewy&sdtid=17137240&tid=17137240&pno=897673&prop=diavail-false%7Cdincp-0%7Cdinpd-0%7Cdipgavail-false&pv=f1f5e298930511ee85abeef2e093f679&au=93cd74d4d05f41789f38d29760e3e07e,"Make your kitty’s gift unforgettable this year with a special holiday-themed Goody Box by Chewy.
This holiday Goody Box includes a penguin plush kicker toy; a pack of 10 bouncy, holiday-colored spring toys; a foldable play tunnel; and delicious treats from Temptations and Hartz Delectables. Plus, all three toys include catnip, for maxed-out holiday excitement.
Each item has been hand-picked by the pet-obsessed experts at Chewy.
Save up to 35% by bundling all these cat-approved products together.
Provides an opportunity to strengthen your bond and make this holiday the best one yet.",
https://slickdeals.net/?sdtrk=SiteSearchV2Algo1&afsrc=1&trd=Get%20Deal%20at%20Chewy&sdtid=17105881&tid=17105881&pno=893626&prop=diavail-false%7Cdincp-0%7Cdinpd-0%7Cdipgavail-false&pv=f47e712e930511eea9c0d6c60b2fd597&au=93cd74d4d05f41789f38d29760e3e07e,This item has no description,
https://slickdeals.net/?sdtrk=SiteSearchV2Algo1&afsrc=1&trd=Get%20Deal%20at%20Amazon&sdtid=17122240&tid=17122240&pno=895849&prop=diavail-true%7Cdincp-1%7Cdinpd-0%7Cdipgavail-false&pv=f8b5e5ba930511eea79fce12c7b6dd9e&au=93cd74d4d05f41789f38d29760e3e07e,This item has no description,
https://slickdeals.net/?sdtrk=SiteSearchV2Algo1&afsrc=1&trd=Get%20Deal%20at%20Chewy&sdtid=17043058&tid=17043058&pno=885532&prop=diavail-false%7Cdincp-0%7Cdinpd-0%7Cdipgavail-false&pv=fd7f9ed8930511ee9fa3b213d4e1265c&au=93cd74d4d05f41789f38d29760e3e07e,This item has no description,
https://slickdeals.net/?sdtrk=SiteSearchV2Algo1&afsrc=1&trd=Get%20Deal%20at%20Amazon&sdtid=17126134&tid=17126134&prop=diavail-true%7Cdincp-1%7Cdinpd-3%7Cdipgavail-false&pv=02028d62930611eeb3d596bc129f10c7&au=93cd74d4d05f41789f38d29760e3e07e,This item has no description,
https://slickdeals.net/?sdtrk=SiteSearchV2Algo1&afsrc=1&trd=Get%20Deal%20at%20Amazon&sdtid=17132515&tid=17132515&prop=diavail-true%7Cdincp-1%7Cdinpd-0%7Cdipgavail-false&pv=0656bc6c930611eebd61763100633dd8&au=93cd74d4d05f41789f38d29760e3e07e,This item has no description,
https://slickdeals.net/?sdtrk=SiteSearchV2Algo1&afsrc=1&trd=Get%20Deal%20at%20Amazon&sdtid=17038660&tid=17038660&pno=884014&prop=diavail-true%7Cdincp-2%7Cdinpd-0%7Cdipgavail-true&pv=0a7b8638930611ee9883661e7a0f8795&au=93cd74d4d05f41789f38d29760e3e07e,This item has no description,
https://slickdeals.net/?sdtrk=SiteSearchV2Algo1&afsrc=1&trd=Get%20Deal%20at%20Rack%20To%20Door&sdtid=17071792&tid=17071792&prop=diavail-false%7Cdincp-0%7Cdinpd-0%7Cdipgavail-false&pv=0eacc410930611ee918446e4c7109be0&au=93cd74d4d05f41789f38d29760e3e07e,This item has no description,
https://slickdeals.net/?sdtrk=SiteSearchV2Algo1&afsrc=1&trd=Get%20Deal%20at%20Amazon&sdtid=17000392&tid=17000392&prop=diavail-true%7Cdincp-1%7Cdinpd-0%7Cdipgavail-false&pv=1301365e930611ee95150e774cf9d669&au=93cd74d4d05f41789f38d29760e3e07e,This item has no description,
https://slickdeals.net/?sdtrk=SiteSearchV2Algo1&afsrc=1&trd=Get%20Deal%20at%20Chewy&sdtid=17083981&tid=17083981&prop=diavail-false%7Cdincp-0%7Cdinpd-0%7Cdipgavail-false&pv=174b45ec930611eeb581324be198f591&au=93cd74d4d05f41789f38d29760e3e07e,This item has no description,
https://slickdeals.net/?sdtrk=SiteSearchV2Algo1&afsrc=1&trd=Get%20Deal%20at%20PetSmart&sdtid=16902964&tid=16902964&prop=diavail-false%7Cdincp-0%7Cdinpd-0%7Cdipgavail-false&pv=1b8aa594930611ee9d338280f768462e&au=93cd74d4d05f41789f38d29760e3e07e,This item has no description,
https://slickdeals.net/?sdtrk=SiteSearchV2Algo1&afsrc=1&trd=Visit%20Chewy&sdtid=17093428&tid=17093428&pno=891433&prop=diavail-false%7Cdincp-0%7Cdinpd-0%7Cdipgavail-false&pv=1fc2a288930611eeae0176a70f53cfb2&au=93cd74d4d05f41789f38d29760e3e07e,This item has no description,
https://slickdeals.net/?sdtrk=SiteSearchV2Algo1&afsrc=1&trd=Get%20Deal%20at%20Amazon&sdtid=16991269&tid=16991269&prop=diavail-true%7Cdincp-1%7Cdinpd-1%7Cdipgavail-false&pv=24313a50930611eeba79dee7c78a78dc&au=93cd74d4d05f41789f38d29760e3e07e,This item has no description,
https://slickdeals.net/?sdtrk=SiteSearchV2Algo1&afsrc=1&trd=Visit%20Walmart&sdtid=17086315&tid=17086315&pno=890551&prop=diavail-false%7Cdincp-0%7Cdinpd-0%7Cdipgavail-false&pv=286cae42930611eeb58ee645f6083ee1&au=93cd74d4d05f41789f38d29760e3e07e,This item has no description,Expired Deal
https://slickdeals.net/?sdtrk=SiteSearchV2Algo1&afsrc=1&trd=Get%20Deal%20at%20Kohl%27s&sdtid=16788287&tid=16788287&pno=846854&prop=diavail-false%7Cdincp-0%7Cdinpd-0%7Cdipgavail-false&pv=2b38ec1c930611eea38a9ee15ae9a4c5&au=93cd74d4d05f41789f38d29760e3e07e,This item has no description,
https://slickdeals.net/?sdtrk=SiteSearchV2Algo1&afsrc=1&trd=Get%20Deal%20at%20Target&sdtid=17126056&tid=17126056&prop=diavail-false%7Cdincp-0%7Cdinpd-0%7Cdipgavail-false&pv=2f8dde80930611ee8c90065367ff376c&au=93cd74d4d05f41789f38d29760e3e07e,This item has no description,Expired Deal
https://slickdeals.net/?sdtrk=SiteSearchV2Algo1&afsrc=1&trd=Get%20Deal%20at%20Amazon&sdtid=17071465&tid=17071465&prop=diavail-true%7Cdincp-1%7Cdinpd-3%7Cdipgavail-false&pv=3351a20e930611ee9423065367ff376c&au=93cd74d4d05f41789f38d29760e3e07e,This item has no description,
https://slickdeals.net/?sdtrk=SiteSearchV2Algo1&afsrc=1&trd=Get%20Deal%20at%20Microsoft%20Store&sdtid=17011141&tid=17011141&pno=879721&prop=diavail-false%7Cdincp-0%7Cdinpd-0%7Cdipgavail-false&pv=37a239f4930611eea69c7e1fa6f2e8ad&au=93cd74d4d05f41789f38d29760e3e07e,This item has no description,
https://slickdeals.net/?sdtrk=SiteSearchV2Algo1&afsrc=1&trd=Get%20Deal%20at%20PetSmart&sdtid=16847459&tid=16847459&prop=diavail-false%7Cdincp-0%7Cdinpd-0%7Cdipgavail-false&pv=3c011006930611eea09a728b6ce44b6a&au=93cd74d4d05f41789f38d29760e3e07e,This item has no description,
https://slickdeals.net/?sdtrk=SiteSearchV2Algo1&afsrc=1&trd=Visit%20Amazon&sdtid=16956592&tid=16956592&pno=871795&prop=diavail-true%7Cdincp-1%7Cdinpd-0%7Cdipgavail-false&pv=40457224930611eeb0c3763100633dd8&au=93cd74d4d05f41789f38d29760e3e07e,This item has no description,Expired Deal
https://slickdeals.net/?sdtrk=SiteSearchV2Algo1&afsrc=1&trd=Get%20Deal%20at%20Chewy&sdtid=17137240&tid=17137240&pno=897673&prop=diavail-false%7Cdincp-0%7Cdinpd-0%7Cdipgavail-false&pv=431d255a930611ee86879298aa044935&au=93cd74d4d05f41789f38d29760e3e07e,"Make your kitty’s gift unforgettable this year with a special holiday-themed Goody Box by Chewy.
This holiday Goody Box includes a penguin plush kicker toy; a pack of 10 bouncy, holiday-colored spring toys; a foldable play tunnel; and delicious treats from Temptations and Hartz Delectables. Plus, all three toys include catnip, for maxed-out holiday excitement.
Each item has been hand-picked by the pet-obsessed experts at Chewy.
Save up to 35% by bundling all these cat-approved products together.
Provides an opportunity to strengthen your bond and make this holiday the best one yet.",
https://slickdeals.net/?sdtrk=SiteSearchV2Algo1&afsrc=1&trd=Get%20Deal%20at%20Chewy&sdtid=17105881&tid=17105881&pno=893626&prop=diavail-false%7Cdincp-0%7Cdinpd-0%7Cdipgavail-false&pv=45ab4504930611ee96f2eef2e093f679&au=93cd74d4d05f41789f38d29760e3e07e,This item has no description,
https://slickdeals.net/?sdtrk=SiteSearchV2Algo1&afsrc=1&trd=Get%20Deal%20at%20Amazon&sdtid=17122240&tid=17122240&pno=895849&prop=diavail-true%7Cdincp-1%7Cdinpd-0%7Cdipgavail-false&pv=4a04a320930611eebd3696bc129f10c7&au=93cd74d4d05f41789f38d29760e3e07e,This item has no description,
https://slickdeals.net/?sdtrk=SiteSearchV2Algo1&afsrc=1&trd=Get%20Deal%20at%20Chewy&sdtid=17043058&tid=17043058&pno=885532&prop=diavail-false%7Cdincp-0%7Cdinpd-0%7Cdipgavail-false&pv=4e6ea4a6930611eebb5e82142f90b8d8&au=93cd74d4d05f41789f38d29760e3e07e,This item has no description,
https://slickdeals.net/?sdtrk=SiteSearchV2Algo1&afsrc=1&trd=Get%20Deal%20at%20Amazon&sdtid=17126134&tid=17126134&prop=diavail-true%7Cdincp-1%7Cdinpd-3%7Cdipgavail-false&pv=52d629f6930611ee814fa2d0325ecb31&au=93cd74d4d05f41789f38d29760e3e07e,This item has no description,
https://slickdeals.net/?sdtrk=SiteSearchV2Algo1&afsrc=1&trd=Get%20Deal%20at%20Amazon&sdtid=17132515&tid=17132515&prop=diavail-true%7Cdincp-1%7Cdinpd-0%7Cdipgavail-false&pv=57061112930611ee89e80e2c2394bcf6&au=93cd74d4d05f41789f38d29760e3e07e,This item has no description,
https://slickdeals.net/?sdtrk=SiteSearchV2Algo1&afsrc=1&trd=Get%20Deal%20at%20Amazon&sdtid=17038660&tid=17038660&pno=884014&prop=diavail-true%7Cdincp-2%7Cdinpd-0%7Cdipgavail-true&pv=5b48418c930611ee919026bedd00fd3a&au=93cd74d4d05f41789f38d29760e3e07e,This item has no description,
https://slickdeals.net/?sdtrk=SiteSearchV2Algo1&afsrc=1&trd=Get%20Deal%20at%20Rack%20To%20Door&sdtid=17071792&tid=17071792&prop=diavail-false%7Cdincp-0%7Cdinpd-0%7Cdipgavail-false&pv=5f909942930611eeb1f896bc129f10c7&au=93cd74d4d05f41789f38d29760e3e07e,This item has no description,
https://slickdeals.net/?sdtrk=SiteSearchV2Algo1&afsrc=1&trd=Get%20Deal%20at%20Amazon&sdtid=17000392&tid=17000392&prop=diavail-true%7Cdincp-1%7Cdinpd-0%7Cdipgavail-false&pv=63ec3d98930611ee9223ee7b3f3e8d1f&au=93cd74d4d05f41789f38d29760e3e07e,This item has no description,
https://slickdeals.net/?sdtrk=SiteSearchV2Algo1&afsrc=1&trd=Get%20Deal%20at%20Chewy&sdtid=17083981&tid=17083981&prop=diavail-false%7Cdincp-0%7Cdinpd-0%7Cdipgavail-false&pv=686d3a70930611ee903a8e47b639583f&au=93cd74d4d05f41789f38d29760e3e07e,This item has no description,
https://slickdeals.net/?sdtrk=SiteSearchV2Algo1&afsrc=1&trd=Get%20Deal%20at%20PetSmart&sdtid=16902964&tid=16902964&prop=diavail-false%7Cdincp-0%7Cdinpd-0%7Cdipgavail-false&pv=6cb664bc930611ee8ec47aabb1c97e42&au=93cd74d4d05f41789f38d29760e3e07e,This item has no description,
https://slickdeals.net/?sdtrk=SiteSearchV2Algo1&afsrc=1&trd=Visit%20Chewy&sdtid=17093428&tid=17093428&pno=891433&prop=diavail-false%7Cdincp-0%7Cdinpd-0%7Cdipgavail-false&pv=710e588a930611ee89c7b624ff9acd3a&au=93cd74d4d05f41789f38d29760e3e07e,This item has no description,
https://slickdeals.net/?sdtrk=SiteSearchV2Algo1&afsrc=1&trd=Get%20Deal%20at%20Amazon&sdtid=16991269&tid=16991269&prop=diavail-true%7Cdincp-1%7Cdinpd-1%7Cdipgavail-false&pv=754e76fa930611eeb0388a8c03570672&au=93cd74d4d05f41789f38d29760e3e07e,This item has no description,
https://slickdeals.net/?sdtrk=SiteSearchV2Algo1&afsrc=1&trd=Visit%20Walmart&sdtid=17086315&tid=17086315&pno=890551&prop=diavail-false%7Cdincp-0%7Cdinpd-0%7Cdipgavail-false&pv=7997c04a930611eea5bfeef2e093f679&au=93cd74d4d05f41789f38d29760e3e07e,This item has no description,Expired Deal
https://slickdeals.net/?sdtrk=SiteSearchV2Algo1&afsrc=1&trd=Get%20Deal%20at%20Kohl%27s&sdtid=16788287&tid=16788287&pno=846854&prop=diavail-false%7Cdincp-0%7Cdinpd-0%7Cdipgavail-false&pv=7c9d1056930611eea30d6a27e9b9ae10&au=93cd74d4d05f41789f38d29760e3e07e,This item has no description,
https://slickdeals.net/?sdtrk=SiteSearchV2Algo1&afsrc=1&trd=Get%20Deal%20at%20Target&sdtid=17126056&tid=17126056&prop=diavail-false%7Cdincp-0%7Cdinpd-0%7Cdipgavail-false&pv=80f698f2930611ee8a0152891ca1aa11&au=93cd74d4d05f41789f38d29760e3e07e,This item has no description,Expired Deal
https://slickdeals.net/?sdtrk=SiteSearchV2Algo1&afsrc=1&trd=Get%20Deal%20at%20Amazon&sdtid=17071465&tid=17071465&prop=diavail-true%7Cdincp-1%7Cdinpd-3%7Cdipgavail-false&pv=83b4369e930611eebe85aa67884b6253&au=93cd74d4d05f41789f38d29760e3e07e,This item has no description,
https://slickdeals.net/?sdtrk=SiteSearchV2Algo1&afsrc=1&trd=Get%20Deal%20at%20PetSmart&sdtid=16847459&tid=16847459&prop=diavail-false%7Cdincp-0%7Cdinpd-0%7Cdipgavail-false&pv=8812daf6930611eeb63ff6873aadd9b1&au=93cd74d4d05f41789f38d29760e3e07e,This item has no description,
https://slickdeals.net/?sdtrk=SiteSearchV2Algo1&afsrc=1&trd=Get%20Deal%20at%20Microsoft%20Store&sdtid=17011141&tid=17011141&pno=879721&prop=diavail-false%7Cdincp-0%7Cdinpd-0%7Cdipgavail-false&pv=8c52fb78930611eea968f23d550c2941&au=93cd74d4d05f41789f38d29760e3e07e,This item has no description,
https://slickdeals.net/?sdtrk=SiteSearchV2Algo1&afsrc=1&trd=Visit%20Amazon&sdtid=16956592&tid=16956592&pno=871795&prop=diavail-true%7Cdincp-1%7Cdinpd-0%7Cdipgavail-false&pv=90b3ef2e930611eea104ae84f36f74ac&au=93cd74d4d05f41789f38d29760e3e07e,This item has no description,Expired Deal
https://slickdeals.net/?sdtrk=SiteSearchV2Algo1&afsrc=1&trd=Get%20Deal%20at%20Chewy&sdtid=17137240&tid=17137240&pno=897673&prop=diavail-false%7Cdincp-0%7Cdinpd-0%7Cdipgavail-false&pv=93c7f2b4930611eebb01ee7b3f3e8d1f&au=93cd74d4d05f41789f38d29760e3e07e,"Make your kitty’s gift unforgettable this year with a special holiday-themed Goody Box by Chewy.
This holiday Goody Box includes a penguin plush kicker toy; a pack of 10 bouncy, holiday-colored spring toys; a foldable play tunnel; and delicious treats from Temptations and Hartz Delectables. Plus, all three toys include catnip, for maxed-out holiday excitement.
Each item has been hand-picked by the pet-obsessed experts at Chewy.
Save up to 35% by bundling all these cat-approved products together.
Provides an opportunity to strengthen your bond and make this holiday the best one yet.",
https://slickdeals.net/?sdtrk=SiteSearchV2Algo1&afsrc=1&trd=Get%20Deal%20at%20Chewy&sdtid=17105881&tid=17105881&pno=893626&prop=diavail-false%7Cdincp-0%7Cdinpd-0%7Cdipgavail-false&pv=966fbed4930611ee822a6eb946fa210e&au=93cd74d4d05f41789f38d29760e3e07e,This item has no description,
https://slickdeals.net/?sdtrk=SiteSearchV2Algo1&afsrc=1&trd=Get%20Deal%20at%20Amazon&sdtid=17122240&tid=17122240&pno=895849&prop=diavail-true%7Cdincp-1%7Cdinpd-0%7Cdipgavail-false&pv=9ac2f348930611eea1ca6e29dea6a24e&au=93cd74d4d05f41789f38d29760e3e07e,This item has no description,
https://slickdeals.net/?sdtrk=SiteSearchV2Algo1&afsrc=1&trd=Get%20Deal%20at%20Chewy&sdtid=17043058&tid=17043058&pno=885532&prop=diavail-false%7Cdincp-0%7Cdinpd-0%7Cdipgavail-false&pv=9efc0dbe930611ee9b15d289d02817d7&au=93cd74d4d05f41789f38d29760e3e07e,This item has no description,
https://slickdeals.net/?sdtrk=SiteSearchV2Algo1&afsrc=1&trd=Get%20Deal%20at%20Amazon&sdtid=17126134&tid=17126134&prop=diavail-true%7Cdincp-1%7Cdinpd-3%7Cdipgavail-false&pv=a34cbe18930611eeaf152a34d537341f&au=93cd74d4d05f41789f38d29760e3e07e,This item has no description,
https://slickdeals.net/?sdtrk=SiteSearchV2Algo1&afsrc=1&trd=Get%20Deal%20at%20Amazon&sdtid=17132515&tid=17132515&prop=diavail-true%7Cdincp-1%7Cdinpd-0%7Cdipgavail-false&pv=a7a53b2a930611eea0a0d265bfc59192&au=93cd74d4d05f41789f38d29760e3e07e,This item has no description,
https://slickdeals.net/?sdtrk=SiteSearchV2Algo1&afsrc=1&trd=Get%20Deal%20at%20Amazon&sdtid=17038660&tid=17038660&pno=884014&prop=diavail-true%7Cdincp-2%7Cdinpd-0%7Cdipgavail-true&pv=abf71c34930611ee9e9882142f90b8d8&au=93cd74d4d05f41789f38d29760e3e07e,This item has no description,
https://slickdeals.net/?sdtrk=SiteSearchV2Algo1&afsrc=1&trd=Get%20Deal%20at%20Rack%20To%20Door&sdtid=17071792&tid=17071792&prop=diavail-false%7Cdincp-0%7Cdinpd-0%7Cdipgavail-false&pv=b04ca042930611ee8afdc258c79c7091&au=93cd74d4d05f41789f38d29760e3e07e,This item has no description,
https://slickdeals.net/?sdtrk=SiteSearchV2Algo1&afsrc=1&trd=Get%20Deal%20at%20Amazon&sdtid=17000392&tid=17000392&prop=diavail-true%7Cdincp-1%7Cdinpd-0%7Cdipgavail-false&pv=b4a05cc4930611ee8742264570c22ffb&au=93cd74d4d05f41789f38d29760e3e07e,This item has no description,
https://slickdeals.net/?sdtrk=SiteSearchV2Algo1&afsrc=1&trd=Get%20Deal%20at%20Chewy&sdtid=17083981&tid=17083981&prop=diavail-false%7Cdincp-0%7Cdinpd-0%7Cdipgavail-false&pv=b8eaab54930611eeb95fdafb51a00520&au=93cd74d4d05f41789f38d29760e3e07e,This item has no description,
https://slickdeals.net/?sdtrk=SiteSearchV2Algo1&afsrc=1&trd=Get%20Deal%20at%20PetSmart&sdtid=16902964&tid=16902964&prop=diavail-false%7Cdincp-0%7Cdinpd-0%7Cdipgavail-false&pv=bd2b5664930611ee8e2a56cb78a039dc&au=93cd74d4d05f41789f38d29760e3e07e,This item has no description,
https://slickdeals.net/?sdtrk=SiteSearchV2Algo1&afsrc=1&trd=Visit%20Chewy&sdtid=17093428&tid=17093428&pno=891433&prop=diavail-false%7Cdincp-0%7Cdinpd-0%7Cdipgavail-false&pv=c173a08c930611eeb940a6226f9167e9&au=93cd74d4d05f41789f38d29760e3e07e,This item has no description,
https://slickdeals.net/?sdtrk=SiteSearchV2Algo1&afsrc=1&trd=Get%20Deal%20at%20Amazon&sdtid=16991269&tid=16991269&prop=diavail-true%7Cdincp-1%7Cdinpd-1%7Cdipgavail-false&pv=c5f8fbd4930611eeb093623216ece0cb&au=93cd74d4d05f41789f38d29760e3e07e,This item has no description,
https://slickdeals.net/?sdtrk=SiteSearchV2Algo1&afsrc=1&trd=Visit%20Walmart&sdtid=17086315&tid=17086315&pno=890551&prop=diavail-false%7Cdincp-0%7Cdinpd-0%7Cdipgavail-false&pv=ca34ade2930611eeb23996e3530149c0&au=93cd74d4d05f41789f38d29760e3e07e,This item has no description,Expired Deal
https://slickdeals.net/?sdtrk=SiteSearchV2Algo1&afsrc=1&trd=Get%20Deal%20at%20Kohl%27s&sdtid=16788287&tid=16788287&pno=846854&prop=diavail-false%7Cdincp-0%7Cdinpd-0%7Cdipgavail-false&pv=cd599474930611eeab30e281b58694f9&au=93cd74d4d05f41789f38d29760e3e07e,This item has no description,
https://slickdeals.net/?sdtrk=SiteSearchV2Algo1&afsrc=1&trd=Get%20Deal%20at%20Target&sdtid=17126056&tid=17126056&prop=diavail-false%7Cdincp-0%7Cdinpd-0%7Cdipgavail-false&pv=d1951dce930611ee9df852891ca1aa11&au=93cd74d4d05f41789f38d29760e3e07e,This item has no description,Expired Deal
https://slickdeals.net/?sdtrk=SiteSearchV2Algo1&afsrc=1&trd=Get%20Deal%20at%20Amazon&sdtid=17071465&tid=17071465&prop=diavail-true%7Cdincp-1%7Cdinpd-3%7Cdipgavail-false&pv=d46e5cf4930611ee82285eb20a345d12&au=93cd74d4d05f41789f38d29760e3e07e,This item has no description,
https://slickdeals.net/?sdtrk=SiteSearchV2Algo1&afsrc=1&trd=Get%20Deal%20at%20Microsoft%20Store&sdtid=17011141&tid=17011141&pno=879721&prop=diavail-false%7Cdincp-0%7Cdinpd-0%7Cdipgavail-false&pv=d8c57544930611ee80f72a34d537341f&au=93cd74d4d05f41789f38d29760e3e07e,This item has no description,
https://slickdeals.net/?sdtrk=SiteSearchV2Algo1&afsrc=1&trd=Get%20Deal%20at%20PetSmart&sdtid=16847459&tid=16847459&prop=diavail-false%7Cdincp-0%7Cdinpd-0%7Cdipgavail-false&pv=dd28b524930611eeace002d4353d21bf&au=93cd74d4d05f41789f38d29760e3e07e,This item has no description,
https://slickdeals.net/?sdtrk=SiteSearchV2Algo1&afsrc=1&trd=Visit%20Amazon&sdtid=16956592&tid=16956592&pno=871795&prop=diavail-true%7Cdincp-1%7Cdinpd-0%7Cdipgavail-false&pv=e165bd9e930611ee8b97a6d63f35ac30&au=93cd74d4d05f41789f38d29760e3e07e,This item has no description,Expired Deal
https://slickdeals.net/?sdtrk=SiteSearchV2Algo1&afsrc=1&trd=Get%20Deal%20at%20Chewy&sdtid=17137240&tid=17137240&pno=897673&prop=diavail-false%7Cdincp-0%7Cdinpd-0%7Cdipgavail-false&pv=e4495188930611ee9da80e774cf9d669&au=93cd74d4d05f41789f38d29760e3e07e,"Make your kitty’s gift unforgettable this year with a special holiday-themed Goody Box by Chewy.
This holiday Goody Box includes a penguin plush kicker toy; a pack of 10 bouncy, holiday-colored spring toys; a foldable play tunnel; and delicious treats from Temptations and Hartz Delectables. Plus, all three toys include catnip, for maxed-out holiday excitement.
Each item has been hand-picked by the pet-obsessed experts at Chewy.
Save up to 35% by bundling all these cat-approved products together.
Provides an opportunity to strengthen your bond and make this holiday the best one yet.",
https://slickdeals.net/?sdtrk=SiteSearchV2Algo1&afsrc=1&trd=Get%20Deal%20at%20Chewy&sdtid=17105881&tid=17105881&pno=893626&prop=diavail-false%7Cdincp-0%7Cdinpd-0%7Cdipgavail-false&pv=e6bbfc40930611eeb7115a85c909964f&au=93cd74d4d05f41789f38d29760e3e07e,This item has no description,
https://slickdeals.net/?sdtrk=SiteSearchV2Algo1&afsrc=1&trd=Get%20Deal%20at%20Amazon&sdtid=17122240&tid=17122240&pno=895849&prop=diavail-true%7Cdincp-1%7Cdinpd-0%7Cdipgavail-false&pv=eb22cffc930611eebeaa2a338d338185&au=93cd74d4d05f41789f38d29760e3e07e,This item has no description,
https://slickdeals.net/?sdtrk=SiteSearchV2Algo1&afsrc=1&trd=Get%20Deal%20at%20Chewy&sdtid=17043058&tid=17043058&pno=885532&prop=diavail-false%7Cdincp-0%7Cdinpd-0%7Cdipgavail-false&pv=ef64a298930611ee9653dafb51a00520&au=93cd74d4d05f41789f38d29760e3e07e,This item has no description,
https://slickdeals.net/?sdtrk=SiteSearchV2Algo1&afsrc=1&trd=Get%20Deal%20at%20Amazon&sdtid=17126134&tid=17126134&prop=diavail-true%7Cdincp-1%7Cdinpd-3%7Cdipgavail-false&pv=f3c41706930611eeaf99b213d4e1265c&au=93cd74d4d05f41789f38d29760e3e07e,This item has no description,
https://slickdeals.net/?sdtrk=SiteSearchV2Algo1&afsrc=1&trd=Get%20Deal%20at%20Amazon&sdtid=17132515&tid=17132515&prop=diavail-true%7Cdincp-1%7Cdinpd-0%7Cdipgavail-false&pv=f7fa6078930611ee940e36a3be4491b7&au=93cd74d4d05f41789f38d29760e3e07e,This item has no description,
https://slickdeals.net/?sdtrk=SiteSearchV2Algo1&afsrc=1&trd=Get%20Deal%20at%20Amazon&sdtid=17038660&tid=17038660&pno=884014&prop=diavail-true%7Cdincp-2%7Cdinpd-0%7Cdipgavail-true&pv=fc44897e930611eea8394e42ddacaef7&au=93cd74d4d05f41789f38d29760e3e07e,This item has no description,
https://slickdeals.net/?sdtrk=SiteSearchV2Algo1&afsrc=1&trd=Get%20Deal%20at%20Rack%20To%20Door&sdtid=17071792&tid=17071792&prop=diavail-false%7Cdincp-0%7Cdinpd-0%7Cdipgavail-false&pv=009503f0930711ee88dad265bfc59192&au=93cd74d4d05f41789f38d29760e3e07e,This item has no description,
https://slickdeals.net/?sdtrk=SiteSearchV2Algo1&afsrc=1&trd=Get%20Deal%20at%20Amazon&sdtid=17000392&tid=17000392&prop=diavail-true%7Cdincp-1%7Cdinpd-0%7Cdipgavail-false&pv=04d12f52930711ee9978ae9b610762b2&au=93cd74d4d05f41789f38d29760e3e07e,This item has no description,
https://slickdeals.net/?sdtrk=SiteSearchV2Algo1&afsrc=1&trd=Get%20Deal%20at%20Chewy&sdtid=17083981&tid=17083981&prop=diavail-false%7Cdincp-0%7Cdinpd-0%7Cdipgavail-false&pv=091bf704930711ee973936987a0a01ff&au=93cd74d4d05f41789f38d29760e3e07e,This item has no description,
https://slickdeals.net/?sdtrk=SiteSearchV2Algo1&afsrc=1&trd=Get%20Deal%20at%20PetSmart&sdtid=16902964&tid=16902964&prop=diavail-false%7Cdincp-0%7Cdinpd-0%7Cdipgavail-false&pv=0d5eec04930711eeb454a66a415f3ee7&au=93cd74d4d05f41789f38d29760e3e07e,This item has no description,
https://slickdeals.net/?sdtrk=SiteSearchV2Algo1&afsrc=1&trd=Visit%20Chewy&sdtid=17093428&tid=17093428&pno=891433&prop=diavail-false%7Cdincp-0%7Cdinpd-0%7Cdipgavail-false&pv=11a8002a930711eea6d002fafdfe0186&au=93cd74d4d05f41789f38d29760e3e07e,This item has no description,
https://slickdeals.net/?sdtrk=SiteSearchV2Algo1&afsrc=1&trd=Get%20Deal%20at%20Amazon&sdtid=16991269&tid=16991269&prop=diavail-true%7Cdincp-1%7Cdinpd-1%7Cdipgavail-false&pv=16201cbe930711eea30d6a27e9b9ae10&au=93cd74d4d05f41789f38d29760e3e07e,This item has no description,
https://slickdeals.net/?sdtrk=SiteSearchV2Algo1&afsrc=1&trd=Visit%20Walmart&sdtid=17086315&tid=17086315&pno=890551&prop=diavail-false%7Cdincp-0%7Cdinpd-0%7Cdipgavail-false&pv=1a606f2c930711eea8580a985dc1f53e&au=93cd74d4d05f41789f38d29760e3e07e,This item has no description,Expired Deal
https://slickdeals.net/?sdtrk=SiteSearchV2Algo1&afsrc=1&trd=Get%20Deal%20at%20Kohl%27s&sdtid=16788287&tid=16788287&pno=846854&prop=diavail-false%7Cdincp-0%7Cdinpd-0%7Cdipgavail-false&pv=1d56fc78930711eea8e1ca32e05c6d67&au=93cd74d4d05f41789f38d29760e3e07e,This item has no description,
https://slickdeals.net/?sdtrk=SiteSearchV2Algo1&afsrc=1&trd=Get%20Deal%20at%20Target&sdtid=17126056&tid=17126056&prop=diavail-false%7Cdincp-0%7Cdinpd-0%7Cdipgavail-false&pv=21e4ef52930711eeba2ff23d550c2941&au=93cd74d4d05f41789f38d29760e3e07e,This item has no description,Expired Deal
https://slickdeals.net/?sdtrk=SiteSearchV2Algo1&afsrc=1&trd=Get%20Deal%20at%20Amazon&sdtid=17071465&tid=17071465&prop=diavail-true%7Cdincp-1%7Cdinpd-3%7Cdipgavail-false&pv=24bd3586930711eea84cf23d550c2941&au=93cd74d4d05f41789f38d29760e3e07e,This item has no description,
https://slickdeals.net/?sdtrk=SiteSearchV2Algo1&afsrc=1&trd=Get%20Deal%20at%20PetSmart&sdtid=16847459&tid=16847459&prop=diavail-false%7Cdincp-0%7Cdinpd-0%7Cdipgavail-false&pv=28f97f06930711eeb77232fabf77f97d&au=93cd74d4d05f41789f38d29760e3e07e,This item has no description,
https://slickdeals.net/?sdtrk=SiteSearchV2Algo1&afsrc=1&trd=Get%20Deal%20at%20Microsoft%20Store&sdtid=17011141&tid=17011141&pno=879721&prop=diavail-false%7Cdincp-0%7Cdinpd-0%7Cdipgavail-false&pv=2d6ef61a930711eea7e10e774cf9d669&au=93cd74d4d05f41789f38d29760e3e07e,This item has no description,
https://slickdeals.net/?sdtrk=SiteSearchV2Algo1&afsrc=1&trd=Visit%20Amazon&sdtid=16956592&tid=16956592&pno=871795&prop=diavail-true%7Cdincp-1%7Cdinpd-0%7Cdipgavail-false&pv=31c9c9ec930711ee8a5ed2e5958396b2&au=93cd74d4d05f41789f38d29760e3e07e,This item has no description,Expired Deal
https://slickdeals.net/?sdtrk=SiteSearchV2Algo1&afsrc=1&trd=Get%20Deal%20at%20Chewy&sdtid=17137240&tid=17137240&pno=897673&prop=diavail-false%7Cdincp-0%7Cdinpd-0%7Cdipgavail-false&pv=34aa1d92930711ee85e4623216ece0cb&au=93cd74d4d05f41789f38d29760e3e07e,"Make your kitty’s gift unforgettable this year with a special holiday-themed Goody Box by Chewy.
This holiday Goody Box includes a penguin plush kicker toy; a pack of 10 bouncy, holiday-colored spring toys; a foldable play tunnel; and delicious treats from Temptations and Hartz Delectables. Plus, all three toys include catnip, for maxed-out holiday excitement.
Each item has been hand-picked by the pet-obsessed experts at Chewy.
Save up to 35% by bundling all these cat-approved products together.
Provides an opportunity to strengthen your bond and make this holiday the best one yet.",
https://slickdeals.net/?sdtrk=SiteSearchV2Algo1&afsrc=1&trd=Get%20Deal%20at%20Chewy&sdtid=17105881&tid=17105881&pno=893626&prop=diavail-false%7Cdincp-0%7Cdinpd-0%7Cdipgavail-false&pv=372cf602930711ee97f13e364c14c401&au=93cd74d4d05f41789f38d29760e3e07e,This item has no description,
https://slickdeals.net/?sdtrk=SiteSearchV2Algo1&afsrc=1&trd=Get%20Deal%20at%20Amazon&sdtid=17122240&tid=17122240&pno=895849&prop=diavail-true%7Cdincp-1%7Cdinpd-0%7Cdipgavail-false&pv=3cb79730930711ee8e8e0e774cf9d669&au=93cd74d4d05f41789f38d29760e3e07e,This item has no description,
https://slickdeals.net/?sdtrk=SiteSearchV2Algo1&afsrc=1&trd=Get%20Deal%20at%20Chewy&sdtid=17043058&tid=17043058&pno=885532&prop=diavail-false%7Cdincp-0%7Cdinpd-0%7Cdipgavail-false&pv=411c3628930711ee91d4aa569a0b14b4&au=93cd74d4d05f41789f38d29760e3e07e,This item has no description,
https://slickdeals.net/?sdtrk=SiteSearchV2Algo1&afsrc=1&trd=Get%20Deal%20at%20Amazon&sdtid=17126134&tid=17126134&prop=diavail-true%7Cdincp-1%7Cdinpd-3%7Cdipgavail-false&pv=458acae4930711ee88c30640c0794e28&au=93cd74d4d05f41789f38d29760e3e07e,This item has no description,
https://slickdeals.net/?sdtrk=SiteSearchV2Algo1&afsrc=1&trd=Get%20Deal%20at%20Amazon&sdtid=17132515&tid=17132515&prop=diavail-true%7Cdincp-1%7Cdinpd-0%7Cdipgavail-false&pv=49e23726930711eeb4883ae2af341a1d&au=93cd74d4d05f41789f38d29760e3e07e,This item has no description,
https://slickdeals.net/?sdtrk=SiteSearchV2Algo1&afsrc=1&trd=Get%20Deal%20at%20Amazon&sdtid=17038660&tid=17038660&pno=884014&prop=diavail-true%7Cdincp-2%7Cdinpd-0%7Cdipgavail-true&pv=4e54e6b4930711eea973fa97e9bdbaef&au=93cd74d4d05f41789f38d29760e3e07e,This item has no description,
https://slickdeals.net/?sdtrk=SiteSearchV2Algo1&afsrc=1&trd=Get%20Deal%20at%20Rack%20To%20Door&sdtid=17071792&tid=17071792&prop=diavail-false%7Cdincp-0%7Cdinpd-0%7Cdipgavail-false&pv=52bb501c930711eeb26c7e9685b86d34&au=93cd74d4d05f41789f38d29760e3e07e,This item has no description,
https://slickdeals.net/?sdtrk=SiteSearchV2Algo1&afsrc=1&trd=Get%20Deal%20at%20Amazon&sdtid=17000392&tid=17000392&prop=diavail-true%7Cdincp-1%7Cdinpd-0%7Cdipgavail-false&pv=5722a312930711eebbb12ab9d51e9d18&au=93cd74d4d05f41789f38d29760e3e07e,This item has no description,
https://slickdeals.net/?sdtrk=SiteSearchV2Algo1&afsrc=1&trd=Get%20Deal%20at%20Chewy&sdtid=17083981&tid=17083981&prop=diavail-false%7Cdincp-0%7Cdinpd-0%7Cdipgavail-false&pv=5ba612de930711eea7eb7276c69fe370&au=93cd74d4d05f41789f38d29760e3e07e,This item has no description,
https://slickdeals.net/?sdtrk=SiteSearchV2Algo1&afsrc=1&trd=Get%20Deal%20at%20PetSmart&sdtid=16902964&tid=16902964&prop=diavail-false%7Cdincp-0%7Cdinpd-0%7Cdipgavail-false&pv=6001e9ac930711eea3f62e3df80f031a&au=93cd74d4d05f41789f38d29760e3e07e,This item has no description,
https://slickdeals.net/?sdtrk=SiteSearchV2Algo1&afsrc=1&trd=Visit%20Chewy&sdtid=17093428&tid=17093428&pno=891433&prop=diavail-false%7Cdincp-0%7Cdinpd-0%7Cdipgavail-false&pv=6465ac9a930711eeab98aa402ec8805f&au=93cd74d4d05f41789f38d29760e3e07e,This item has no description,
https://slickdeals.net/?sdtrk=SiteSearchV2Algo1&afsrc=1&trd=Get%20Deal%20at%20Amazon&sdtid=16991269&tid=16991269&prop=diavail-true%7Cdincp-1%7Cdinpd-1%7Cdipgavail-false&pv=68b1e93a930711eebae1560a8f91e575&au=93cd74d4d05f41789f38d29760e3e07e,This item has no description,
https://slickdeals.net/?sdtrk=SiteSearchV2Algo1&afsrc=1&trd=Visit%20Walmart&sdtid=17086315&tid=17086315&pno=890551&prop=diavail-false%7Cdincp-0%7Cdinpd-0%7Cdipgavail-false&pv=6d104422930711eeb4c59298aa044935&au=93cd74d4d05f41789f38d29760e3e07e,This item has no description,Expired Deal
https://slickdeals.net/?sdtrk=SiteSearchV2Algo1&afsrc=1&trd=Get%20Deal%20at%20Kohl%27s&sdtid=16788287&tid=16788287&pno=846854&prop=diavail-false%7Cdincp-0%7Cdinpd-0%7Cdipgavail-false&pv=7025a404930711eeac257eba4bb8dbe8&au=93cd74d4d05f41789f38d29760e3e07e,This item has no description,
https://slickdeals.net/?sdtrk=SiteSearchV2Algo1&afsrc=1&trd=Get%20Deal%20at%20Target&sdtid=17126056&tid=17126056&prop=diavail-false%7Cdincp-0%7Cdinpd-0%7Cdipgavail-false&pv=74741ef0930711eeb1afa66a415f3ee7&au=93cd74d4d05f41789f38d29760e3e07e,This item has no description,Expired Deal
https://slickdeals.net/?sdtrk=SiteSearchV2Algo1&afsrc=1&trd=Get%20Deal%20at%20Amazon&sdtid=17071465&tid=17071465&prop=diavail-true%7Cdincp-1%7Cdinpd-3%7Cdipgavail-false&pv=77364762930711eeacf8be70f872a18d&au=93cd74d4d05f41789f38d29760e3e07e,This item has no description,
https://slickdeals.net/?sdtrk=SiteSearchV2Algo1&afsrc=1&trd=Get%20Deal%20at%20Microsoft%20Store&sdtid=17011141&tid=17011141&pno=879721&prop=diavail-false%7Cdincp-0%7Cdinpd-0%7Cdipgavail-false&pv=7b4f867e930711ee85ed264570c22ffb&au=93cd74d4d05f41789f38d29760e3e07e,This item has no description,
https://slickdeals.net/?sdtrk=SiteSearchV2Algo1&afsrc=1&trd=Get%20Deal%20at%20PetSmart&sdtid=16847459&tid=16847459&prop=diavail-false%7Cdincp-0%7Cdinpd-0%7Cdipgavail-false&pv=7fd534be930711eea5295281c35caba3&au=93cd74d4d05f41789f38d29760e3e07e,This item has no description,
https://slickdeals.net/?sdtrk=SiteSearchV2Algo1&afsrc=1&trd=Visit%20Amazon&sdtid=16956592&tid=16956592&pno=871795&prop=diavail-true%7Cdincp-1%7Cdinpd-0%7Cdipgavail-false&pv=84155acc930711ee9d30f2b6c0bebaaf&au=93cd74d4d05f41789f38d29760e3e07e,This item has no description,Expired Deal
https://slickdeals.net/?sdtrk=SiteSearchV2Algo1&afsrc=1&trd=Get%20Deal%20at%20Chewy&sdtid=17137240&tid=17137240&pno=897673&prop=diavail-false%7Cdincp-0%7Cdinpd-0%7Cdipgavail-false&pv=8705a944930711eeafdde2ff9c0aef19&au=93cd74d4d05f41789f38d29760e3e07e,"Make your kitty’s gift unforgettable this year with a special holiday-themed Goody Box by Chewy.
This holiday Goody Box includes a penguin plush kicker toy; a pack of 10 bouncy, holiday-colored spring toys; a foldable play tunnel; and delicious treats from Temptations and Hartz Delectables. Plus, all three toys include catnip, for maxed-out holiday excitement.
Each item has been hand-picked by the pet-obsessed experts at Chewy.
Save up to 35% by bundling all these cat-approved products together.
Provides an opportunity to strengthen your bond and make this holiday the best one yet.",
https://slickdeals.net/?sdtrk=SiteSearchV2Algo1&afsrc=1&trd=Get%20Deal%20at%20Chewy&sdtid=17105881&tid=17105881&pno=893626&prop=diavail-false%7Cdincp-0%7Cdinpd-0%7Cdipgavail-false&pv=897bfd4a930711ee87e49ad162da6e65&au=93cd74d4d05f41789f38d29760e3e07e,This item has no description,
https://slickdeals.net/?sdtrk=SiteSearchV2Algo1&afsrc=1&trd=Get%20Deal%20at%20Amazon&sdtid=17122240&tid=17122240&pno=895849&prop=diavail-true%7Cdincp-1%7Cdinpd-0%7Cdipgavail-false&pv=8dd08622930711eebc57668ace3e3677&au=93cd74d4d05f41789f38d29760e3e07e,This item has no description,
https://slickdeals.net/?sdtrk=SiteSearchV2Algo1&afsrc=1&trd=Get%20Deal%20at%20Chewy&sdtid=17043058&tid=17043058&pno=885532&prop=diavail-false%7Cdincp-0%7Cdinpd-0%7Cdipgavail-false&pv=922cc348930711ee87c76ea02c65049f&au=93cd74d4d05f41789f38d29760e3e07e,This item has no description,
https://slickdeals.net/?sdtrk=SiteSearchV2Algo1&afsrc=1&trd=Get%20Deal%20at%20Amazon&sdtid=17126134&tid=17126134&prop=diavail-true%7Cdincp-1%7Cdinpd-3%7Cdipgavail-false&pv=967e74e6930711eeadca26bedd00fd3a&au=93cd74d4d05f41789f38d29760e3e07e,This item has no description,
https://slickdeals.net/?sdtrk=SiteSearchV2Algo1&afsrc=1&trd=Get%20Deal%20at%20Amazon&sdtid=17132515&tid=17132515&prop=diavail-true%7Cdincp-1%7Cdinpd-0%7Cdipgavail-false&pv=9ab2ae24930711eeb0396e29dea6a24e&au=93cd74d4d05f41789f38d29760e3e07e,This item has no description,
https://slickdeals.net/?sdtrk=SiteSearchV2Algo1&afsrc=1&trd=Get%20Deal%20at%20Amazon&sdtid=17038660&tid=17038660&pno=884014&prop=diavail-true%7Cdincp-2%7Cdinpd-0%7Cdipgavail-true&pv=9eb3eae2930711ee85b202d4353d21bf&au=93cd74d4d05f41789f38d29760e3e07e,This item has no description,
https://slickdeals.net/?sdtrk=SiteSearchV2Algo1&afsrc=1&trd=Get%20Deal%20at%20Rack%20To%20Door&sdtid=17071792&tid=17071792&prop=diavail-false%7Cdincp-0%7Cdinpd-0%7Cdipgavail-false&pv=a369505e930711eebbf5a66a415f3ee7&au=93cd74d4d05f41789f38d29760e3e07e,This item has no description,
https://slickdeals.net/?sdtrk=SiteSearchV2Algo1&afsrc=1&trd=Get%20Deal%20at%20Amazon&sdtid=17000392&tid=17000392&prop=diavail-true%7Cdincp-1%7Cdinpd-0%7Cdipgavail-false&pv=a83824d4930711ee86e986ac4273965d&au=93cd74d4d05f41789f38d29760e3e07e,This item has no description,
https://slickdeals.net/?sdtrk=SiteSearchV2Algo1&afsrc=1&trd=Get%20Deal%20at%20Chewy&sdtid=17083981&tid=17083981&prop=diavail-false%7Cdincp-0%7Cdinpd-0%7Cdipgavail-false&pv=ad4380f4930711ee84f9d265bfc59192&au=93cd74d4d05f41789f38d29760e3e07e,This item has no description,
https://slickdeals.net/?sdtrk=SiteSearchV2Algo1&afsrc=1&trd=Get%20Deal%20at%20PetSmart&sdtid=16902964&tid=16902964&prop=diavail-false%7Cdincp-0%7Cdinpd-0%7Cdipgavail-false&pv=b1db6974930711eeaa720a985dc1f53e&au=93cd74d4d05f41789f38d29760e3e07e,This item has no description,
https://slickdeals.net/?sdtrk=SiteSearchV2Algo1&afsrc=1&trd=Visit%20Chewy&sdtid=17093428&tid=17093428&pno=891433&prop=diavail-false%7Cdincp-0%7Cdinpd-0%7Cdipgavail-false&pv=b6759702930711eeaea7a6d63f35ac30&au=93cd74d4d05f41789f38d29760e3e07e,This item has no description,
https://slickdeals.net/?sdtrk=SiteSearchV2Algo1&afsrc=1&trd=Get%20Deal%20at%20Amazon&sdtid=16991269&tid=16991269&prop=diavail-true%7Cdincp-1%7Cdinpd-1%7Cdipgavail-false&pv=bbc5d578930711ee8c397e9685b86d34&au=93cd74d4d05f41789f38d29760e3e07e,This item has no description,
https://slickdeals.net/?sdtrk=SiteSearchV2Algo1&afsrc=1&trd=Visit%20Walmart&sdtid=17086315&tid=17086315&pno=890551&prop=diavail-false%7Cdincp-0%7Cdinpd-0%7Cdipgavail-false&pv=c0d60092930711eea940363f2c00ba5d&au=93cd74d4d05f41789f38d29760e3e07e,This item has no description,Expired Deal
https://slickdeals.net/?sdtrk=SiteSearchV2Algo1&afsrc=1&trd=Get%20Deal%20at%20Kohl%27s&sdtid=16788287&tid=16788287&pno=846854&prop=diavail-false%7Cdincp-0%7Cdinpd-0%7Cdipgavail-false&pv=c50a808e930711eeb0bc562d90c88812&au=93cd74d4d05f41789f38d29760e3e07e,This item has no description,
https://slickdeals.net/?sdtrk=SiteSearchV2Algo1&afsrc=1&trd=Get%20Deal%20at%20Target&sdtid=17126056&tid=17126056&prop=diavail-false%7Cdincp-0%7Cdinpd-0%7Cdipgavail-false&pv=ca2c08a8930711eea383e2ff9c0aef19&au=93cd74d4d05f41789f38d29760e3e07e,This item has no description,Expired Deal
https://slickdeals.net/?sdtrk=SiteSearchV2Algo1&afsrc=1&trd=Get%20Deal%20at%20Amazon&sdtid=17071465&tid=17071465&prop=diavail-true%7Cdincp-1%7Cdinpd-3%7Cdipgavail-false&pv=ced916de930711ee98ae763100633dd8&au=93cd74d4d05f41789f38d29760e3e07e,This item has no description,
https://slickdeals.net/?sdtrk=SiteSearchV2Algo1&afsrc=1&trd=Get%20Deal%20at%20PetSmart&sdtid=16847459&tid=16847459&prop=diavail-false%7Cdincp-0%7Cdinpd-0%7Cdipgavail-false&pv=d3857e2a930711ee994ceee007a64712&au=93cd74d4d05f41789f38d29760e3e07e,This item has no description,
https://slickdeals.net/?sdtrk=SiteSearchV2Algo1&afsrc=1&trd=Get%20Deal%20at%20Microsoft%20Store&sdtid=17011141&tid=17011141&pno=879721&prop=diavail-false%7Cdincp-0%7Cdinpd-0%7Cdipgavail-false&pv=d83dd85e930711eea306ce95ad32fc49&au=93cd74d4d05f41789f38d29760e3e07e,This item has no description,
https://slickdeals.net/?sdtrk=SiteSearchV2Algo1&afsrc=1&trd=Visit%20Amazon&sdtid=16956592&tid=16956592&pno=871795&prop=diavail-true%7Cdincp-1%7Cdinpd-0%7Cdipgavail-false&pv=ddcaed34930711eebcdfae84f36f74ac&au=93cd74d4d05f41789f38d29760e3e07e,This item has no description,Expired Deal
https://slickdeals.net/?sdtrk=SiteSearchV2Algo1&afsrc=1&trd=Get%20Deal%20at%20Chewy&sdtid=17137240&tid=17137240&pno=897673&prop=diavail-false%7Cdincp-0%7Cdinpd-0%7Cdipgavail-false&pv=e1cda688930711ee8b5ec2ead178cde8&au=93cd74d4d05f41789f38d29760e3e07e,"Make your kitty’s gift unforgettable this year with a special holiday-themed Goody Box by Chewy.
This holiday Goody Box includes a penguin plush kicker toy; a pack of 10 bouncy, holiday-colored spring toys; a foldable play tunnel; and delicious treats from Temptations and Hartz Delectables. Plus, all three toys include catnip, for maxed-out holiday excitement.
Each item has been hand-picked by the pet-obsessed experts at Chewy.
Save up to 35% by bundling all these cat-approved products together.
Provides an opportunity to strengthen your bond and make this holiday the best one yet.",
https://slickdeals.net/?sdtrk=SiteSearchV2Algo1&afsrc=1&trd=Get%20Deal%20at%20Chewy&sdtid=17105881&tid=17105881&pno=893626&prop=diavail-false%7Cdincp-0%7Cdinpd-0%7Cdipgavail-false&pv=e4a25098930711eeb891ea10a259d0d4&au=93cd74d4d05f41789f38d29760e3e07e,This item has no description,
https://slickdeals.net/?sdtrk=SiteSearchV2Algo1&afsrc=1&trd=Get%20Deal%20at%20Amazon&sdtid=17122240&tid=17122240&pno=895849&prop=diavail-true%7Cdincp-1%7Cdinpd-0%7Cdipgavail-false&pv=e97d47ee930711eea6d702d4353d21bf&au=93cd74d4d05f41789f38d29760e3e07e,This item has no description,
https://slickdeals.net/?sdtrk=SiteSearchV2Algo1&afsrc=1&trd=Get%20Deal%20at%20Chewy&sdtid=17043058&tid=17043058&pno=885532&prop=diavail-false%7Cdincp-0%7Cdinpd-0%7Cdipgavail-false&pv=eee342d8930711ee99d5a66a415f3ee7&au=93cd74d4d05f41789f38d29760e3e07e,This item has no description,
https://slickdeals.net/?sdtrk=SiteSearchV2Algo1&afsrc=1&trd=Get%20Deal%20at%20Amazon&sdtid=17126134&tid=17126134&prop=diavail-true%7Cdincp-1%7Cdinpd-3%7Cdipgavail-false&pv=f3d9b1b4930711ee8b30668ace3e3677&au=93cd74d4d05f41789f38d29760e3e07e,This item has no description,
https://slickdeals.net/?sdtrk=SiteSearchV2Algo1&afsrc=1&trd=Get%20Deal%20at%20Amazon&sdtid=17132515&tid=17132515&prop=diavail-true%7Cdincp-1%7Cdinpd-0%7Cdipgavail-false&pv=f8973942930711eebe89deea9ecd979f&au=93cd74d4d05f41789f38d29760e3e07e,This item has no description,
https://slickdeals.net/?sdtrk=SiteSearchV2Algo1&afsrc=1&trd=Get%20Deal%20at%20Amazon&sdtid=17038660&tid=17038660&pno=884014&prop=diavail-true%7Cdincp-2%7Cdinpd-0%7Cdipgavail-true&pv=fd2cbe78930711eeb4a41a5de5c8a3b2&au=93cd74d4d05f41789f38d29760e3e07e,This item has no description,
https://slickdeals.net/?sdtrk=SiteSearchV2Algo1&afsrc=1&trd=Get%20Deal%20at%20Rack%20To%20Door&sdtid=17071792&tid=17071792&prop=diavail-false%7Cdincp-0%7Cdinpd-0%7Cdipgavail-false&pv=023f289c930811ee9ec236987a0a01ff&au=93cd74d4d05f41789f38d29760e3e07e,This item has no description,
https://slickdeals.net/?sdtrk=SiteSearchV2Algo1&afsrc=1&trd=Get%20Deal%20at%20Amazon&sdtid=17000392&tid=17000392&prop=diavail-true%7Cdincp-1%7Cdinpd-0%7Cdipgavail-false&pv=0761bce0930811eea46c3ebc8cc252b3&au=93cd74d4d05f41789f38d29760e3e07e,This item has no description,
https://slickdeals.net/?sdtrk=SiteSearchV2Algo1&afsrc=1&trd=Get%20Deal%20at%20Chewy&sdtid=17083981&tid=17083981&prop=diavail-false%7Cdincp-0%7Cdinpd-0%7Cdipgavail-false&pv=0c6199d6930811eeb8813ebc8cc252b3&au=93cd74d4d05f41789f38d29760e3e07e,This item has no description,
https://slickdeals.net/?sdtrk=SiteSearchV2Algo1&afsrc=1&trd=Get%20Deal%20at%20PetSmart&sdtid=16902964&tid=16902964&prop=diavail-false%7Cdincp-0%7Cdinpd-0%7Cdipgavail-false&pv=11460b58930811ee9337b624ff9acd3a&au=93cd74d4d05f41789f38d29760e3e07e,This item has no description,
https://slickdeals.net/?sdtrk=SiteSearchV2Algo1&afsrc=1&trd=Visit%20Chewy&sdtid=17093428&tid=17093428&pno=891433&prop=diavail-false%7Cdincp-0%7Cdinpd-0%7Cdipgavail-false&pv=158fb970930811eeb887d6c60b2fd597&au=93cd74d4d05f41789f38d29760e3e07e,This item has no description,
https://slickdeals.net/?sdtrk=SiteSearchV2Algo1&afsrc=1&trd=Get%20Deal%20at%20Amazon&sdtid=16991269&tid=16991269&prop=diavail-true%7Cdincp-1%7Cdinpd-1%7Cdipgavail-false&pv=19e840e6930811eea02f76a70f53cfb2&au=93cd74d4d05f41789f38d29760e3e07e,This item has no description,
https://slickdeals.net/?sdtrk=SiteSearchV2Algo1&afsrc=1&trd=Visit%20Walmart&sdtid=17086315&tid=17086315&pno=890551&prop=diavail-false%7Cdincp-0%7Cdinpd-0%7Cdipgavail-false&pv=1e5e6b0a930811ee8abb2e3df80f031a&au=93cd74d4d05f41789f38d29760e3e07e,This item has no description,Expired Deal
https://slickdeals.net/?sdtrk=SiteSearchV2Algo1&afsrc=1&trd=Get%20Deal%20at%20Kohl%27s&sdtid=16788287&tid=16788287&pno=846854&prop=diavail-false%7Cdincp-0%7Cdinpd-0%7Cdipgavail-false&pv=216381d2930811eea226fa97e9bdbaef&au=93cd74d4d05f41789f38d29760e3e07e,This item has no description,
https://slickdeals.net/?sdtrk=SiteSearchV2Algo1&afsrc=1&trd=Get%20Deal%20at%20Target&sdtid=17126056&tid=17126056&prop=diavail-false%7Cdincp-0%7Cdinpd-0%7Cdipgavail-false&pv=25d9078c930811eeb9a79a140b1569d6&au=93cd74d4d05f41789f38d29760e3e07e,This item has no description,Expired Deal
https://slickdeals.net/?sdtrk=SiteSearchV2Algo1&afsrc=1&trd=Get%20Deal%20at%20Amazon&sdtid=17071465&tid=17071465&prop=diavail-true%7Cdincp-1%7Cdinpd-3%7Cdipgavail-false&pv=285f5114930811eea4493e8a4a86d54f&au=93cd74d4d05f41789f38d29760e3e07e,This item has no description,
https://slickdeals.net/?sdtrk=SiteSearchV2Algo1&afsrc=1&trd=Get%20Deal%20at%20Microsoft%20Store&sdtid=17011141&tid=17011141&pno=879721&prop=diavail-false%7Cdincp-0%7Cdinpd-0%7Cdipgavail-false&pv=2cdb65d4930811eeb47186ac4273965d&au=93cd74d4d05f41789f38d29760e3e07e,This item has no description,
https://slickdeals.net/?sdtrk=SiteSearchV2Algo1&afsrc=1&trd=Get%20Deal%20at%20PetSmart&sdtid=16847459&tid=16847459&prop=diavail-false%7Cdincp-0%7Cdinpd-0%7Cdipgavail-false&pv=31604174930811ee917522426bd0a8ca&au=93cd74d4d05f41789f38d29760e3e07e,This item has no description,
https://slickdeals.net/?sdtrk=SiteSearchV2Algo1&afsrc=1&trd=Visit%20Amazon&sdtid=16956592&tid=16956592&pno=871795&prop=diavail-true%7Cdincp-1%7Cdinpd-0%7Cdipgavail-false&pv=35a4b8c8930811ee9c42623216ece0cb&au=93cd74d4d05f41789f38d29760e3e07e,This item has no description,Expired Deal
https://slickdeals.net/?sdtrk=SiteSearchV2Algo1&afsrc=1&trd=Get%20Deal%20at%20Chewy&sdtid=17137240&tid=17137240&pno=897673&prop=diavail-false%7Cdincp-0%7Cdinpd-0%7Cdipgavail-false&pv=38abe0f0930811eea5b0aef906d31fd8&au=93cd74d4d05f41789f38d29760e3e07e,"Make your kitty’s gift unforgettable this year with a special holiday-themed Goody Box by Chewy.
This holiday Goody Box includes a penguin plush kicker toy; a pack of 10 bouncy, holiday-colored spring toys; a foldable play tunnel; and delicious treats from Temptations and Hartz Delectables. Plus, all three toys include catnip, for maxed-out holiday excitement.
Each item has been hand-picked by the pet-obsessed experts at Chewy.
Save up to 35% by bundling all these cat-approved products together.
Provides an opportunity to strengthen your bond and make this holiday the best one yet.",
https://slickdeals.net/?sdtrk=SiteSearchV2Algo1&afsrc=1&trd=Get%20Deal%20at%20Chewy&sdtid=17105881&tid=17105881&pno=893626&prop=diavail-false%7Cdincp-0%7Cdinpd-0%7Cdipgavail-false&pv=3b4f14c6930811ee9d085a783dfab57c&au=93cd74d4d05f41789f38d29760e3e07e,This item has no description,
https://slickdeals.net/?sdtrk=SiteSearchV2Algo1&afsrc=1&trd=Get%20Deal%20at%20Amazon&sdtid=17122240&tid=17122240&pno=895849&prop=diavail-true%7Cdincp-1%7Cdinpd-0%7Cdipgavail-false&pv=3fb07dca930811ee87193a4e4378d870&au=93cd74d4d05f41789f38d29760e3e07e,This item has no description,
https://slickdeals.net/?sdtrk=SiteSearchV2Algo1&afsrc=1&trd=Get%20Deal%20at%20Chewy&sdtid=17043058&tid=17043058&pno=885532&prop=diavail-false%7Cdincp-0%7Cdinpd-0%7Cdipgavail-false&pv=4402d6e8930811ee85b48e47b639583f&au=93cd74d4d05f41789f38d29760e3e07e,This item has no description,
https://slickdeals.net/?sdtrk=SiteSearchV2Algo1&afsrc=1&trd=Get%20Deal%20at%20Amazon&sdtid=17126134&tid=17126134&prop=diavail-true%7Cdincp-1%7Cdinpd-3%7Cdipgavail-false&pv=48623c92930811eeb7259277d926bb46&au=93cd74d4d05f41789f38d29760e3e07e,This item has no description,
https://slickdeals.net/?sdtrk=SiteSearchV2Algo1&afsrc=1&trd=Get%20Deal%20at%20Amazon&sdtid=17132515&tid=17132515&prop=diavail-true%7Cdincp-1%7Cdinpd-0%7Cdipgavail-false&pv=4cb3402a930811ee9df27276c69fe370&au=93cd74d4d05f41789f38d29760e3e07e,This item has no description,
https://slickdeals.net/?sdtrk=SiteSearchV2Algo1&afsrc=1&trd=Get%20Deal%20at%20Amazon&sdtid=17038660&tid=17038660&pno=884014&prop=diavail-true%7Cdincp-2%7Cdinpd-0%7Cdipgavail-true&pv=50fd35fa930811ee8b7c5281c35caba3&au=93cd74d4d05f41789f38d29760e3e07e,This item has no description,
https://slickdeals.net/?sdtrk=SiteSearchV2Algo1&afsrc=1&trd=Get%20Deal%20at%20Rack%20To%20Door&sdtid=17071792&tid=17071792&prop=diavail-false%7Cdincp-0%7Cdinpd-0%7Cdipgavail-false&pv=554a627c930811eea320f614d5ddb5b2&au=93cd74d4d05f41789f38d29760e3e07e,This item has no description,
https://slickdeals.net/?sdtrk=SiteSearchV2Algo1&afsrc=1&trd=Get%20Deal%20at%20Amazon&sdtid=17000392&tid=17000392&prop=diavail-true%7Cdincp-1%7Cdinpd-0%7Cdipgavail-false&pv=59bd3e74930811ee926896e3530149c0&au=93cd74d4d05f41789f38d29760e3e07e,This item has no description,
https://slickdeals.net/?sdtrk=SiteSearchV2Algo1&afsrc=1&trd=Get%20Deal%20at%20Chewy&sdtid=17083981&tid=17083981&prop=diavail-false%7Cdincp-0%7Cdinpd-0%7Cdipgavail-false&pv=5e11fe2e930811eebb4e9a140b1569d6&au=93cd74d4d05f41789f38d29760e3e07e,This item has no description,
https://slickdeals.net/?sdtrk=SiteSearchV2Algo1&afsrc=1&trd=Get%20Deal%20at%20PetSmart&sdtid=16902964&tid=16902964&prop=diavail-false%7Cdincp-0%7Cdinpd-0%7Cdipgavail-false&pv=6246427a930811eeaadc7aabb1c97e42&au=93cd74d4d05f41789f38d29760e3e07e,This item has no description,
https://slickdeals.net/?sdtrk=SiteSearchV2Algo1&afsrc=1&trd=Visit%20Chewy&sdtid=17093428&tid=17093428&pno=891433&prop=diavail-false%7Cdincp-0%7Cdinpd-0%7Cdipgavail-false&pv=66d6c85a930811ee9f43b624ff9acd3a&au=93cd74d4d05f41789f38d29760e3e07e,This item has no description,
https://slickdeals.net/?sdtrk=SiteSearchV2Algo1&afsrc=1&trd=Get%20Deal%20at%20Amazon&sdtid=16991269&tid=16991269&prop=diavail-true%7Cdincp-1%7Cdinpd-1%7Cdipgavail-false&pv=6b2049b8930811eebe51dafb51a00520&au=93cd74d4d05f41789f38d29760e3e07e,This item has no description,
https://slickdeals.net/?sdtrk=SiteSearchV2Algo1&afsrc=1&trd=Visit%20Walmart&sdtid=17086315&tid=17086315&pno=890551&prop=diavail-false%7Cdincp-0%7Cdinpd-0%7Cdipgavail-false&pv=6f5bc96c930811eea4229a5345c674ba&au=93cd74d4d05f41789f38d29760e3e07e,This item has no description,Expired Deal
https://slickdeals.net/?sdtrk=SiteSearchV2Algo1&afsrc=1&trd=Get%20Deal%20at%20Kohl%27s&sdtid=16788287&tid=16788287&pno=846854&prop=diavail-false%7Cdincp-0%7Cdinpd-0%7Cdipgavail-false&pv=7250e896930811eebb5332e1bb81e18c&au=93cd74d4d05f41789f38d29760e3e07e,This item has no description,
https://slickdeals.net/?sdtrk=SiteSearchV2Algo1&afsrc=1&trd=Get%20Deal%20at%20Target&sdtid=17126056&tid=17126056&prop=diavail-false%7Cdincp-0%7Cdinpd-0%7Cdipgavail-false&pv=7693c55e930811ee91f73e364c14c401&au=93cd74d4d05f41789f38d29760e3e07e,This item has no description,Expired Deal
https://slickdeals.net/?sdtrk=SiteSearchV2Algo1&afsrc=1&trd=Get%20Deal%20at%20Amazon&sdtid=17071465&tid=17071465&prop=diavail-true%7Cdincp-1%7Cdinpd-3%7Cdipgavail-false&pv=79759bf8930811ee8254560a8f91e575&au=93cd74d4d05f41789f38d29760e3e07e,This item has no description,
https://slickdeals.net/?sdtrk=SiteSearchV2Algo1&afsrc=1&trd=Get%20Deal%20at%20PetSmart&sdtid=16847459&tid=16847459&prop=diavail-false%7Cdincp-0%7Cdinpd-0%7Cdipgavail-false&pv=7dbf821e930811eeb9034e42ddacaef7&au=93cd74d4d05f41789f38d29760e3e07e,This item has no description,
https://slickdeals.net/?sdtrk=SiteSearchV2Algo1&afsrc=1&trd=Get%20Deal%20at%20Microsoft%20Store&sdtid=17011141&tid=17011141&pno=879721&prop=diavail-false%7Cdincp-0%7Cdinpd-0%7Cdipgavail-false&pv=820b6ebe930811eeb02652d99aef8a32&au=93cd74d4d05f41789f38d29760e3e07e,This item has no description,
https://slickdeals.net/?sdtrk=SiteSearchV2Algo1&afsrc=1&trd=Visit%20Amazon&sdtid=16956592&tid=16956592&pno=871795&prop=diavail-true%7Cdincp-1%7Cdinpd-0%7Cdipgavail-false&pv=86733f68930811ee94bc3e364c14c401&au=93cd74d4d05f41789f38d29760e3e07e,This item has no description,Expired Deal
https://slickdeals.net/?sdtrk=SiteSearchV2Algo1&afsrc=1&trd=Get%20Deal%20at%20Chewy&sdtid=17137240&tid=17137240&pno=897673&prop=diavail-false%7Cdincp-0%7Cdinpd-0%7Cdipgavail-false&pv=88f685c4930811eebe97668ace3e3677&au=93cd74d4d05f41789f38d29760e3e07e,"Make your kitty’s gift unforgettable this year with a special holiday-themed Goody Box by Chewy.
This holiday Goody Box includes a penguin plush kicker toy; a pack of 10 bouncy, holiday-colored spring toys; a foldable play tunnel; and delicious treats from Temptations and Hartz Delectables. Plus, all three toys include catnip, for maxed-out holiday excitement.
Each item has been hand-picked by the pet-obsessed experts at Chewy.
Save up to 35% by bundling all these cat-approved products together.
Provides an opportunity to strengthen your bond and make this holiday the best one yet.",
https://slickdeals.net/?sdtrk=SiteSearchV2Algo1&afsrc=1&trd=Get%20Deal%20at%20Chewy&sdtid=17105881&tid=17105881&pno=893626&prop=diavail-false%7Cdincp-0%7Cdinpd-0%7Cdipgavail-false&pv=8b6e52e6930811ee96fe8280f768462e&au=93cd74d4d05f41789f38d29760e3e07e,This item has no description,
https://slickdeals.net/?sdtrk=SiteSearchV2Algo1&afsrc=1&trd=Get%20Deal%20at%20Amazon&sdtid=17122240&tid=17122240&pno=895849&prop=diavail-true%7Cdincp-1%7Cdinpd-0%7Cdipgavail-false&pv=8fcf8fd0930811eebb6536a3be4491b7&au=93cd74d4d05f41789f38d29760e3e07e,This item has no description,
https://slickdeals.net/?sdtrk=SiteSearchV2Algo1&afsrc=1&trd=Get%20Deal%20at%20Chewy&sdtid=17043058&tid=17043058&pno=885532&prop=diavail-false%7Cdincp-0%7Cdinpd-0%7Cdipgavail-false&pv=9420e9f8930811eeae7e8a794a57f3ed&au=93cd74d4d05f41789f38d29760e3e07e,This item has no description,
https://slickdeals.net/?sdtrk=SiteSearchV2Algo1&afsrc=1&trd=Get%20Deal%20at%20Amazon&sdtid=17126134&tid=17126134&prop=diavail-true%7Cdincp-1%7Cdinpd-3%7Cdipgavail-false&pv=9897a1de930811ee996aa2d0325ecb31&au=93cd74d4d05f41789f38d29760e3e07e,This item has no description,
https://slickdeals.net/?sdtrk=SiteSearchV2Algo1&afsrc=1&trd=Get%20Deal%20at%20Amazon&sdtid=17132515&tid=17132515&prop=diavail-true%7Cdincp-1%7Cdinpd-0%7Cdipgavail-false&pv=9cfa8ec6930811ee833f326a88790afe&au=93cd74d4d05f41789f38d29760e3e07e,This item has no description,
https://slickdeals.net/?sdtrk=SiteSearchV2Algo1&afsrc=1&trd=Get%20Deal%20at%20Amazon&sdtid=17038660&tid=17038660&pno=884014&prop=diavail-true%7Cdincp-2%7Cdinpd-0%7Cdipgavail-true&pv=a124dbdc930811ee8d8ee61b785c285b&au=93cd74d4d05f41789f38d29760e3e07e,This item has no description,
https://slickdeals.net/?sdtrk=SiteSearchV2Algo1&afsrc=1&trd=Get%20Deal%20at%20Rack%20To%20Door&sdtid=17071792&tid=17071792&prop=diavail-false%7Cdincp-0%7Cdinpd-0%7Cdipgavail-false&pv=a55cecb2930811ee8f9f4e3d14269b0d&au=93cd74d4d05f41789f38d29760e3e07e,This item has no description,
https://slickdeals.net/?sdtrk=SiteSearchV2Algo1&afsrc=1&trd=Get%20Deal%20at%20Amazon&sdtid=17000392&tid=17000392&prop=diavail-true%7Cdincp-1%7Cdinpd-0%7Cdipgavail-false&pv=a98ec724930811ee8f8002d4353d21bf&au=93cd74d4d05f41789f38d29760e3e07e,This item has no description,
https://slickdeals.net/?sdtrk=SiteSearchV2Algo1&afsrc=1&trd=Get%20Deal%20at%20Chewy&sdtid=17083981&tid=17083981&prop=diavail-false%7Cdincp-0%7Cdinpd-0%7Cdipgavail-false&pv=add85386930811ee83eb8280f768462e&au=93cd74d4d05f41789f38d29760e3e07e,This item has no description,
https://slickdeals.net/?sdtrk=SiteSearchV2Algo1&afsrc=1&trd=Get%20Deal%20at%20PetSmart&sdtid=16902964&tid=16902964&prop=diavail-false%7Cdincp-0%7Cdinpd-0%7Cdipgavail-false&pv=b21b6956930811eeaa83363f2c00ba5d&au=93cd74d4d05f41789f38d29760e3e07e,This item has no description,
https://slickdeals.net/?sdtrk=SiteSearchV2Algo1&afsrc=1&trd=Visit%20Chewy&sdtid=17093428&tid=17093428&pno=891433&prop=diavail-false%7Cdincp-0%7Cdinpd-0%7Cdipgavail-false&pv=b65ee470930811ee956cce12c7b6dd9e&au=93cd74d4d05f41789f38d29760e3e07e,This item has no description,
https://slickdeals.net/?sdtrk=SiteSearchV2Algo1&afsrc=1&trd=Get%20Deal%20at%20Amazon&sdtid=16991269&tid=16991269&prop=diavail-true%7Cdincp-1%7Cdinpd-1%7Cdipgavail-false&pv=baeee7ba930811ee92dd324be198f591&au=93cd74d4d05f41789f38d29760e3e07e,This item has no description,
https://slickdeals.net/?sdtrk=SiteSearchV2Algo1&afsrc=1&trd=Visit%20Walmart&sdtid=17086315&tid=17086315&pno=890551&prop=diavail-false%7Cdincp-0%7Cdinpd-0%7Cdipgavail-false&pv=bf308590930811ee8f0022a93d43f6d8&au=93cd74d4d05f41789f38d29760e3e07e,This item has no description,Expired Deal
https://slickdeals.net/?sdtrk=SiteSearchV2Algo1&afsrc=1&trd=Get%20Deal%20at%20Kohl%27s&sdtid=16788287&tid=16788287&pno=846854&prop=diavail-false%7Cdincp-0%7Cdinpd-0%7Cdipgavail-false&pv=c20c67e8930811ee934a02ced187688b&au=93cd74d4d05f41789f38d29760e3e07e,This item has no description,
https://slickdeals.net/?sdtrk=SiteSearchV2Algo1&afsrc=1&trd=Get%20Deal%20at%20Target&sdtid=17126056&tid=17126056&prop=diavail-false%7Cdincp-0%7Cdinpd-0%7Cdipgavail-false&pv=c66c2b7a930811eea866e281b58694f9&au=93cd74d4d05f41789f38d29760e3e07e,This item has no description,Expired Deal
https://slickdeals.net/?sdtrk=SiteSearchV2Algo1&afsrc=1&trd=Get%20Deal%20at%20Amazon&sdtid=17071465&tid=17071465&prop=diavail-true%7Cdincp-1%7Cdinpd-3%7Cdipgavail-false&pv=c95515d6930811eead142ecf0bfff0bf&au=93cd74d4d05f41789f38d29760e3e07e,This item has no description,
https://slickdeals.net/?sdtrk=SiteSearchV2Algo1&afsrc=1&trd=Get%20Deal%20at%20Microsoft%20Store&sdtid=17011141&tid=17011141&pno=879721&prop=diavail-false%7Cdincp-0%7Cdinpd-0%7Cdipgavail-false&pv=cdb9cfa4930811eebdde42e834a7e014&au=93cd74d4d05f41789f38d29760e3e07e,This item has no description,
https://slickdeals.net/?sdtrk=SiteSearchV2Algo1&afsrc=1&trd=Get%20Deal%20at%20PetSmart&sdtid=16847459&tid=16847459&prop=diavail-false%7Cdincp-0%7Cdinpd-0%7Cdipgavail-false&pv=d24d67d8930811eeb605264570c22ffb&au=93cd74d4d05f41789f38d29760e3e07e,This item has no description,
https://slickdeals.net/?sdtrk=SiteSearchV2Algo1&afsrc=1&trd=Visit%20Amazon&sdtid=16956592&tid=16956592&pno=871795&prop=diavail-true%7Cdincp-1%7Cdinpd-0%7Cdipgavail-false&pv=d6b963c6930811ee97a4f23d550c2941&au=93cd74d4d05f41789f38d29760e3e07e,This item has no description,Expired Deal
