realBuyLink,description,expired
https://slickdeals.net/?sdtrk=SiteSearchV2Algo1&afsrc=1&trd=Get%20Deal%20at%20Amazon&sdtid=17094664&tid=17094664&pno=891637&prop=diavail-true%7Cdincp-3%7Cdinpd-7%7Cdipgavail-true&pv=997baef4930511ee83c38e47b639583f&au=e2ee0e983bf643b392e9539be1467146,This item has no description,
https://slickdeals.net/?sdtrk=SiteSearchV2Algo1&afsrc=1&trd=Get%20Deal%20at%20Target&sdtid=17126050&tid=17126050&prop=diavail-false%7Cdincp-0%7Cdinpd-0%7Cdipgavail-false&pv=9f78e22c930511ee994a22945b031f96&au=e2ee0e983bf643b392e9539be1467146,This item has no description,
https://slickdeals.net/?sdtrk=SiteSearchV2Algo1&afsrc=1&trd=Visit%20Amazon&sdtid=17060218&tid=17060218&pno=887197&prop=diavail-true%7Cdincp-3%7Cdinpd-1%7Cdipgavail-true&pv=a40a402e930511eea1aadee7c78a78dc&au=e2ee0e983bf643b392e9539be1467146,This item has no description,Expired Deal
https://slickdeals.net/?sdtrk=SiteSearchV2Algo1&afsrc=1&trd=Visit%20Chewy&sdtid=17093428&tid=17093428&pno=891433&prop=diavail-false%7Cdincp-0%7Cdinpd-0%7Cdipgavail-false&pv=a76bc940930511eead410e2c2394bcf6&au=e2ee0e983bf643b392e9539be1467146,This item has no description,
https://slickdeals.net/?sdtrk=SiteSearchV2Algo1&afsrc=1&trd=Get%20Deal%20at%20Amazon&sdtid=17085643&tid=17085643&prop=diavail-false%7Cdincp-0%7Cdinpd-0%7Cdipgavail-false&pv=ac259d8a930511ee864642e8039dc599&au=e2ee0e983bf643b392e9539be1467146,This item has no description,
https://slickdeals.net/?sdtrk=SiteSearchV2Algo1&afsrc=1&trd=Get%20Deal%20at%20Retailer&sdtid=16958353&tid=16958353&pno=872185&prop=diavail-false%7Cdincp-0%7Cdinpd-0%7Cdipgavail-false&pv=b0ffc6f0930511ee90b48641be08cf16&au=e2ee0e983bf643b392e9539be1467146,This item has no description,
https://slickdeals.net/?sdtrk=SiteSearchV2Algo1&afsrc=1&trd=Get%20Deal%20at%20Kohl%27s&sdtid=16788287&tid=16788287&pno=846854&prop=diavail-false%7Cdincp-0%7Cdinpd-0%7Cdipgavail-false&pv=b53fe9ac930511ee831796bc129f10c7&au=e2ee0e983bf643b392e9539be1467146,This item has no description,
https://slickdeals.net/?sdtrk=SiteSearchV2Algo1&afsrc=1&trd=Get%20Deal%20at%20Chewy&sdtid=17093068&tid=17093068&prop=diavail-false%7Cdincp-0%7Cdinpd-0%7Cdipgavail-false&pv=b9f8a6f0930511ee8071b213d4e1265c&au=e2ee0e983bf643b392e9539be1467146,This item has no description,Expired Deal
https://slickdeals.net/?sdtrk=SiteSearchV2Algo1&afsrc=1&trd=Get%20Deal%20at%20Amazon&sdtid=17081653&tid=17081653&prop=diavail-true%7Cdincp-2%7Cdinpd-3%7Cdipgavail-true&pv=bcc25174930511eeb1da8e1f5ac956b7&au=e2ee0e983bf643b392e9539be1467146,This item has no description,Expired Deal
https://slickdeals.net/?sdtrk=SiteSearchV2Algo1&afsrc=1&trd=Visit%20Chewy&sdtid=17118031&tid=17118031&pno=894961&prop=diavail-false%7Cdincp-0%7Cdinpd-0%7Cdipgavail-false&pv=c02ac0b2930511eea9459aec81e22f08&au=e2ee0e983bf643b392e9539be1467146,This item has no description,Expired Deal
https://slickdeals.net/?sdtrk=SiteSearchV2Algo1&afsrc=1&trd=Get%20Deal%20at%20Amazon&sdtid=17095765&tid=17095765&prop=diavail-false%7Cdincp-0%7Cdinpd-0%7Cdipgavail-false&pv=c30dbef6930511ee80d72a34d537341f&au=e2ee0e983bf643b392e9539be1467146,This item has no description,
https://slickdeals.net/?sdtrk=SiteSearchV2Algo1&afsrc=1&trd=Visit%20Amazon&sdtid=17002093&tid=17002093&pno=878287&prop=diavail-true%7Cdincp-3%7Cdinpd-6%7Cdipgavail-true&pv=c7ac6eee930511ee8876a2e14e098be5&au=e2ee0e983bf643b392e9539be1467146,This item has no description,Expired Deal
https://slickdeals.net/?sdtrk=SiteSearchV2Algo1&afsrc=1&trd=Visit%20Amazon&sdtid=16943203&tid=16943203&pno=869563&prop=diavail-false%7Cdincp-0%7Cdinpd-0%7Cdipgavail-false&pv=caeefd24930511eeac846631cc1e7523&au=e2ee0e983bf643b392e9539be1467146,This item has no description,Expired Deal
https://slickdeals.net/?sdtrk=SiteSearchV2Algo1&afsrc=1&trd=Get%20Deal%20at%20Amazon&sdtid=17068672&tid=17068672&prop=diavail-true%7Cdincp-2%7Cdinpd-5%7Cdipgavail-true&pv=ce405176930511eeaea14e42ddacaef7&au=e2ee0e983bf643b392e9539be1467146,This item has no description,
https://slickdeals.net/?sdtrk=SiteSearchV2Algo1&afsrc=1&trd=Get%20Deal%20at%20Amazon&sdtid=17003008&tid=17003008&prop=diavail-true%7Cdincp-1%7Cdinpd-0%7Cdipgavail-false&pv=d2cdceda930511eea0ad2a34d537341f&au=e2ee0e983bf643b392e9539be1467146,This item has no description,
https://slickdeals.net/?sdtrk=SiteSearchV2Algo1&afsrc=1&trd=Get%20Deal%20at%20PetSmart&sdtid=16847459&tid=16847459&prop=diavail-false%7Cdincp-0%7Cdinpd-0%7Cdipgavail-false&pv=d7a00252930511eeb16dc24b30196ae7&au=e2ee0e983bf643b392e9539be1467146,This item has no description,
https://slickdeals.net/?sdtrk=SiteSearchV2Algo1&afsrc=1&trd=Get%20Deal%20at%20Amazon&sdtid=16780457&tid=16780457&prop=diavail-true%7Cdincp-1%7Cdinpd-0%7Cdipgavail-false&pv=dc304494930511ee9011be70f872a18d&au=e2ee0e983bf643b392e9539be1467146,This item has no description,
https://slickdeals.net/?sdtrk=SiteSearchV2Algo1&afsrc=1&trd=Get%20Deal%20at%20Amazon&sdtid=16993276&tid=16993276&prop=diavail-true%7Cdincp-3%7Cdinpd-2%7Cdipgavail-true&pv=e0ae61a4930511ee9ba102fafdfe0186&au=e2ee0e983bf643b392e9539be1467146,This item has no description,
https://slickdeals.net/?sdtrk=SiteSearchV2Algo1&afsrc=1&trd=Get%20Deal%20at%20Amazon&sdtid=16704875&tid=16704875&prop=diavail-true%7Cdincp-2%7Cdinpd-1%7Cdipgavail-true&pv=e54585d0930511ee96beced5612574d3&au=e2ee0e983bf643b392e9539be1467146,This item has no description,
https://slickdeals.net/?sdtrk=SiteSearchV2Algo1&afsrc=1&trd=Visit%20Amazon&sdtid=16757543&tid=16757543&pno=843260&prop=diavail-true%7Cdincp-2%7Cdinpd-3%7Cdipgavail-true&pv=ea0eb03c930511eea14c728b6ce44b6a&au=e2ee0e983bf643b392e9539be1467146,This item has no description,Expired Deal
https://slickdeals.net/?sdtrk=SiteSearchV2Algo1&afsrc=1&trd=Get%20Deal%20at%20Amazon&sdtid=17094664&tid=17094664&pno=891637&prop=diavail-true%7Cdincp-3%7Cdinpd-7%7Cdipgavail-true&pv=eecd4cbe930511ee9bea7aabb1c97e42&au=e2ee0e983bf643b392e9539be1467146,This item has no description,
https://slickdeals.net/?sdtrk=SiteSearchV2Algo1&afsrc=1&trd=Get%20Deal%20at%20Target&sdtid=17126050&tid=17126050&prop=diavail-false%7Cdincp-0%7Cdinpd-0%7Cdipgavail-false&pv=f38a892e930511ee8fe6aa569a0b14b4&au=e2ee0e983bf643b392e9539be1467146,This item has no description,
https://slickdeals.net/?sdtrk=SiteSearchV2Algo1&afsrc=1&trd=Visit%20Amazon&sdtid=17060218&tid=17060218&pno=887197&prop=diavail-true%7Cdincp-3%7Cdinpd-1%7Cdipgavail-true&pv=f7d7ded2930511eea2fd560a8f91e575&au=e2ee0e983bf643b392e9539be1467146,This item has no description,Expired Deal
https://slickdeals.net/?sdtrk=SiteSearchV2Algo1&afsrc=1&trd=Visit%20Chewy&sdtid=17093428&tid=17093428&pno=891433&prop=diavail-false%7Cdincp-0%7Cdinpd-0%7Cdipgavail-false&pv=fae583b8930511ee8079fa97e9bdbaef&au=e2ee0e983bf643b392e9539be1467146,This item has no description,
https://slickdeals.net/?sdtrk=SiteSearchV2Algo1&afsrc=1&trd=Get%20Deal%20at%20Amazon&sdtid=17085643&tid=17085643&prop=diavail-false%7Cdincp-0%7Cdinpd-0%7Cdipgavail-false&pv=ff3c2a5c930511ee892c0675b876cbfa&au=e2ee0e983bf643b392e9539be1467146,This item has no description,
https://slickdeals.net/?sdtrk=SiteSearchV2Algo1&afsrc=1&trd=Get%20Deal%20at%20Retailer&sdtid=16958353&tid=16958353&pno=872185&prop=diavail-false%7Cdincp-0%7Cdinpd-0%7Cdipgavail-false&pv=03840bf2930611ee904712b0c970275b&au=e2ee0e983bf643b392e9539be1467146,This item has no description,
https://slickdeals.net/?sdtrk=SiteSearchV2Algo1&afsrc=1&trd=Get%20Deal%20at%20Kohl%27s&sdtid=16788287&tid=16788287&pno=846854&prop=diavail-false%7Cdincp-0%7Cdinpd-0%7Cdipgavail-false&pv=07c1540e930611eea5d0e6a63278c924&au=e2ee0e983bf643b392e9539be1467146,This item has no description,
https://slickdeals.net/?sdtrk=SiteSearchV2Algo1&afsrc=1&trd=Get%20Deal%20at%20Chewy&sdtid=17093068&tid=17093068&prop=diavail-false%7Cdincp-0%7Cdinpd-0%7Cdipgavail-false&pv=0c383fe8930611ee901c32fabf77f97d&au=e2ee0e983bf643b392e9539be1467146,This item has no description,Expired Deal
https://slickdeals.net/?sdtrk=SiteSearchV2Algo1&afsrc=1&trd=Get%20Deal%20at%20Amazon&sdtid=17081653&tid=17081653&prop=diavail-true%7Cdincp-2%7Cdinpd-3%7Cdipgavail-true&pv=0f2ef00c930611ee9e2902fafdfe0186&au=e2ee0e983bf643b392e9539be1467146,This item has no description,Expired Deal
https://slickdeals.net/?sdtrk=SiteSearchV2Algo1&afsrc=1&trd=Visit%20Chewy&sdtid=17118031&tid=17118031&pno=894961&prop=diavail-false%7Cdincp-0%7Cdinpd-0%7Cdipgavail-false&pv=11f26d14930611ee8b702ecf0bfff0bf&au=e2ee0e983bf643b392e9539be1467146,This item has no description,Expired Deal
https://slickdeals.net/?sdtrk=SiteSearchV2Algo1&afsrc=1&trd=Get%20Deal%20at%20Amazon&sdtid=17095765&tid=17095765&prop=diavail-false%7Cdincp-0%7Cdinpd-0%7Cdipgavail-false&pv=14e26060930611eeaa6cfae05afd5f94&au=e2ee0e983bf643b392e9539be1467146,This item has no description,
https://slickdeals.net/?sdtrk=SiteSearchV2Algo1&afsrc=1&trd=Visit%20Amazon&sdtid=17002093&tid=17002093&pno=878287&prop=diavail-true%7Cdincp-3%7Cdinpd-6%7Cdipgavail-true&pv=1954b044930611eeb3c98230a98a4655&au=e2ee0e983bf643b392e9539be1467146,This item has no description,Expired Deal
https://slickdeals.net/?sdtrk=SiteSearchV2Algo1&afsrc=1&trd=Visit%20Amazon&sdtid=16943203&tid=16943203&pno=869563&prop=diavail-false%7Cdincp-0%7Cdinpd-0%7Cdipgavail-false&pv=1c14f596930611eeac826eb946fa210e&au=e2ee0e983bf643b392e9539be1467146,This item has no description,Expired Deal
https://slickdeals.net/?sdtrk=SiteSearchV2Algo1&afsrc=1&trd=Get%20Deal%20at%20Amazon&sdtid=17068672&tid=17068672&prop=diavail-true%7Cdincp-2%7Cdinpd-5%7Cdipgavail-true&pv=1ec2eb72930611ee9a8922945b031f96&au=e2ee0e983bf643b392e9539be1467146,This item has no description,
https://slickdeals.net/?sdtrk=SiteSearchV2Algo1&afsrc=1&trd=Get%20Deal%20at%20Amazon&sdtid=17003008&tid=17003008&prop=diavail-true%7Cdincp-1%7Cdinpd-0%7Cdipgavail-false&pv=22ee263a930611eeb5fac258c79c7091&au=e2ee0e983bf643b392e9539be1467146,This item has no description,
https://slickdeals.net/?sdtrk=SiteSearchV2Algo1&afsrc=1&trd=Get%20Deal%20at%20PetSmart&sdtid=16847459&tid=16847459&prop=diavail-false%7Cdincp-0%7Cdinpd-0%7Cdipgavail-false&pv=271e5554930611ee88527eba4bb8dbe8&au=e2ee0e983bf643b392e9539be1467146,This item has no description,
https://slickdeals.net/?sdtrk=SiteSearchV2Algo1&afsrc=1&trd=Get%20Deal%20at%20Amazon&sdtid=16780457&tid=16780457&prop=diavail-true%7Cdincp-1%7Cdinpd-0%7Cdipgavail-false&pv=2b4e5ba6930611ee85e27276c69fe370&au=e2ee0e983bf643b392e9539be1467146,This item has no description,
https://slickdeals.net/?sdtrk=SiteSearchV2Algo1&afsrc=1&trd=Get%20Deal%20at%20Amazon&sdtid=16993276&tid=16993276&prop=diavail-true%7Cdincp-3%7Cdinpd-2%7Cdipgavail-true&pv=2f77c33e930611ee886ec695055d1251&au=e2ee0e983bf643b392e9539be1467146,This item has no description,
https://slickdeals.net/?sdtrk=SiteSearchV2Algo1&afsrc=1&trd=Get%20Deal%20at%20Amazon&sdtid=16704875&tid=16704875&prop=diavail-true%7Cdincp-2%7Cdinpd-1%7Cdipgavail-true&pv=33c4f3f8930611eea541a66a415f3ee7&au=e2ee0e983bf643b392e9539be1467146,This item has no description,
https://slickdeals.net/?sdtrk=SiteSearchV2Algo1&afsrc=1&trd=Visit%20Amazon&sdtid=16757543&tid=16757543&pno=843260&prop=diavail-true%7Cdincp-2%7Cdinpd-3%7Cdipgavail-true&pv=38139040930611ee9c7c3e364c14c401&au=e2ee0e983bf643b392e9539be1467146,This item has no description,Expired Deal
https://slickdeals.net/?sdtrk=SiteSearchV2Algo1&afsrc=1&trd=Get%20Deal%20at%20Amazon&sdtid=17094664&tid=17094664&pno=891637&prop=diavail-true%7Cdincp-3%7Cdinpd-7%7Cdipgavail-true&pv=3af400ec930611eea79e0e2c2394bcf6&au=e2ee0e983bf643b392e9539be1467146,This item has no description,
https://slickdeals.net/?sdtrk=SiteSearchV2Algo1&afsrc=1&trd=Get%20Deal%20at%20Target&sdtid=17126050&tid=17126050&prop=diavail-false%7Cdincp-0%7Cdinpd-0%7Cdipgavail-false&pv=3f5122fa930611eeb1b6aec59e3f4e02&au=e2ee0e983bf643b392e9539be1467146,This item has no description,
https://slickdeals.net/?sdtrk=SiteSearchV2Algo1&afsrc=1&trd=Visit%20Amazon&sdtid=17060218&tid=17060218&pno=887197&prop=diavail-true%7Cdincp-3%7Cdinpd-1%7Cdipgavail-true&pv=4382c824930611eeba21d289d02817d7&au=e2ee0e983bf643b392e9539be1467146,This item has no description,Expired Deal
https://slickdeals.net/?sdtrk=SiteSearchV2Algo1&afsrc=1&trd=Visit%20Chewy&sdtid=17093428&tid=17093428&pno=891433&prop=diavail-false%7Cdincp-0%7Cdinpd-0%7Cdipgavail-false&pv=461e0d32930611eebdc77276c69fe370&au=e2ee0e983bf643b392e9539be1467146,This item has no description,
https://slickdeals.net/?sdtrk=SiteSearchV2Algo1&afsrc=1&trd=Get%20Deal%20at%20Amazon&sdtid=17085643&tid=17085643&prop=diavail-false%7Cdincp-0%7Cdinpd-0%7Cdipgavail-false&pv=4a8ac96e930611eebd0396e3530149c0&au=e2ee0e983bf643b392e9539be1467146,This item has no description,
https://slickdeals.net/?sdtrk=SiteSearchV2Algo1&afsrc=1&trd=Get%20Deal%20at%20Retailer&sdtid=16958353&tid=16958353&pno=872185&prop=diavail-false%7Cdincp-0%7Cdinpd-0%7Cdipgavail-false&pv=4edf7c6c930611ee9bee5eb20a345d12&au=e2ee0e983bf643b392e9539be1467146,This item has no description,
https://slickdeals.net/?sdtrk=SiteSearchV2Algo1&afsrc=1&trd=Get%20Deal%20at%20Kohl%27s&sdtid=16788287&tid=16788287&pno=846854&prop=diavail-false%7Cdincp-0%7Cdinpd-0%7Cdipgavail-false&pv=534650be930611ee8062065367ff376c&au=e2ee0e983bf643b392e9539be1467146,This item has no description,
https://slickdeals.net/?sdtrk=SiteSearchV2Algo1&afsrc=1&trd=Get%20Deal%20at%20Chewy&sdtid=17093068&tid=17093068&prop=diavail-false%7Cdincp-0%7Cdinpd-0%7Cdipgavail-false&pv=57acfa68930611ee920d0e86e249807d&au=e2ee0e983bf643b392e9539be1467146,This item has no description,Expired Deal
https://slickdeals.net/?sdtrk=SiteSearchV2Algo1&afsrc=1&trd=Get%20Deal%20at%20Amazon&sdtid=17081653&tid=17081653&prop=diavail-true%7Cdincp-2%7Cdinpd-3%7Cdipgavail-true&pv=5a8609dc930611eeae440675b876cbfa&au=e2ee0e983bf643b392e9539be1467146,This item has no description,Expired Deal
https://slickdeals.net/?sdtrk=SiteSearchV2Algo1&afsrc=1&trd=Visit%20Chewy&sdtid=17118031&tid=17118031&pno=894961&prop=diavail-false%7Cdincp-0%7Cdinpd-0%7Cdipgavail-false&pv=5d5394b8930611eea847b624ff9acd3a&au=e2ee0e983bf643b392e9539be1467146,This item has no description,Expired Deal
https://slickdeals.net/?sdtrk=SiteSearchV2Algo1&afsrc=1&trd=Get%20Deal%20at%20Amazon&sdtid=17095765&tid=17095765&prop=diavail-false%7Cdincp-0%7Cdinpd-0%7Cdipgavail-false&pv=605c4308930611ee97af967b084cc5f5&au=e2ee0e983bf643b392e9539be1467146,This item has no description,
https://slickdeals.net/?sdtrk=SiteSearchV2Algo1&afsrc=1&trd=Visit%20Amazon&sdtid=17002093&tid=17002093&pno=878287&prop=diavail-true%7Cdincp-3%7Cdinpd-6%7Cdipgavail-true&pv=649a7444930611ee8686dafb51a00520&au=e2ee0e983bf643b392e9539be1467146,This item has no description,Expired Deal
https://slickdeals.net/?sdtrk=SiteSearchV2Algo1&afsrc=1&trd=Visit%20Amazon&sdtid=16943203&tid=16943203&pno=869563&prop=diavail-false%7Cdincp-0%7Cdinpd-0%7Cdipgavail-false&pv=67386bde930611ee94681ecc22d9047b&au=e2ee0e983bf643b392e9539be1467146,This item has no description,Expired Deal
https://slickdeals.net/?sdtrk=SiteSearchV2Algo1&afsrc=1&trd=Get%20Deal%20at%20Amazon&sdtid=17068672&tid=17068672&prop=diavail-true%7Cdincp-2%7Cdinpd-5%7Cdipgavail-true&pv=6a336078930611eebe532a34d537341f&au=e2ee0e983bf643b392e9539be1467146,This item has no description,
https://slickdeals.net/?sdtrk=SiteSearchV2Algo1&afsrc=1&trd=Get%20Deal%20at%20Amazon&sdtid=17003008&tid=17003008&prop=diavail-true%7Cdincp-1%7Cdinpd-0%7Cdipgavail-false&pv=6e8defd0930611ee9294c2ead178cde8&au=e2ee0e983bf643b392e9539be1467146,This item has no description,
https://slickdeals.net/?sdtrk=SiteSearchV2Algo1&afsrc=1&trd=Get%20Deal%20at%20PetSmart&sdtid=16847459&tid=16847459&prop=diavail-false%7Cdincp-0%7Cdinpd-0%7Cdipgavail-false&pv=72d46e7a930611eeb09332155b593741&au=e2ee0e983bf643b392e9539be1467146,This item has no description,
https://slickdeals.net/?sdtrk=SiteSearchV2Algo1&afsrc=1&trd=Get%20Deal%20at%20Amazon&sdtid=16780457&tid=16780457&prop=diavail-true%7Cdincp-1%7Cdinpd-0%7Cdipgavail-false&pv=771aa562930611eea79e0e2c2394bcf6&au=e2ee0e983bf643b392e9539be1467146,This item has no description,
https://slickdeals.net/?sdtrk=SiteSearchV2Algo1&afsrc=1&trd=Get%20Deal%20at%20Amazon&sdtid=16993276&tid=16993276&prop=diavail-true%7Cdincp-3%7Cdinpd-2%7Cdipgavail-true&pv=7b50148c930611ee92172a338d338185&au=e2ee0e983bf643b392e9539be1467146,This item has no description,
https://slickdeals.net/?sdtrk=SiteSearchV2Algo1&afsrc=1&trd=Get%20Deal%20at%20Amazon&sdtid=16704875&tid=16704875&prop=diavail-true%7Cdincp-2%7Cdinpd-1%7Cdipgavail-true&pv=7fa270c0930611ee92a9ae9b610762b2&au=e2ee0e983bf643b392e9539be1467146,This item has no description,
https://slickdeals.net/?sdtrk=SiteSearchV2Algo1&afsrc=1&trd=Visit%20Amazon&sdtid=16757543&tid=16757543&pno=843260&prop=diavail-true%7Cdincp-2%7Cdinpd-3%7Cdipgavail-true&pv=83dec0b2930611eeb2aef614d5ddb5b2&au=e2ee0e983bf643b392e9539be1467146,This item has no description,Expired Deal
https://slickdeals.net/?sdtrk=SiteSearchV2Algo1&afsrc=1&trd=Get%20Deal%20at%20Amazon&sdtid=17094664&tid=17094664&pno=891637&prop=diavail-true%7Cdincp-3%7Cdinpd-7%7Cdipgavail-true&pv=86f67ba0930611eeba161ecc22d9047b&au=e2ee0e983bf643b392e9539be1467146,This item has no description,
https://slickdeals.net/?sdtrk=SiteSearchV2Algo1&afsrc=1&trd=Get%20Deal%20at%20Target&sdtid=17126050&tid=17126050&prop=diavail-false%7Cdincp-0%7Cdinpd-0%7Cdipgavail-false&pv=8b504b5e930611ee8730aeddf160804c&au=e2ee0e983bf643b392e9539be1467146,This item has no description,
https://slickdeals.net/?sdtrk=SiteSearchV2Algo1&afsrc=1&trd=Visit%20Amazon&sdtid=17060218&tid=17060218&pno=887197&prop=diavail-true%7Cdincp-3%7Cdinpd-1%7Cdipgavail-true&pv=8f87995c930611eea661f2b6c0bebaaf&au=e2ee0e983bf643b392e9539be1467146,This item has no description,Expired Deal
https://slickdeals.net/?sdtrk=SiteSearchV2Algo1&afsrc=1&trd=Visit%20Chewy&sdtid=17093428&tid=17093428&pno=891433&prop=diavail-false%7Cdincp-0%7Cdinpd-0%7Cdipgavail-false&pv=92627db8930611ee851922945b031f96&au=e2ee0e983bf643b392e9539be1467146,This item has no description,
https://slickdeals.net/?sdtrk=SiteSearchV2Algo1&afsrc=1&trd=Get%20Deal%20at%20Amazon&sdtid=17085643&tid=17085643&prop=diavail-false%7Cdincp-0%7Cdinpd-0%7Cdipgavail-false&pv=96afe28e930611ee8fda2a34d537341f&au=e2ee0e983bf643b392e9539be1467146,This item has no description,
https://slickdeals.net/?sdtrk=SiteSearchV2Algo1&afsrc=1&trd=Get%20Deal%20at%20Retailer&sdtid=16958353&tid=16958353&pno=872185&prop=diavail-false%7Cdincp-0%7Cdinpd-0%7Cdipgavail-false&pv=9b53c030930611ee9bfeea10a259d0d4&au=e2ee0e983bf643b392e9539be1467146,This item has no description,
https://slickdeals.net/?sdtrk=SiteSearchV2Algo1&afsrc=1&trd=Get%20Deal%20at%20Kohl%27s&sdtid=16788287&tid=16788287&pno=846854&prop=diavail-false%7Cdincp-0%7Cdinpd-0%7Cdipgavail-false&pv=9fd6c602930611ee9fa742e8039dc599&au=e2ee0e983bf643b392e9539be1467146,This item has no description,
https://slickdeals.net/?sdtrk=SiteSearchV2Algo1&afsrc=1&trd=Get%20Deal%20at%20Chewy&sdtid=17093068&tid=17093068&prop=diavail-false%7Cdincp-0%7Cdinpd-0%7Cdipgavail-false&pv=a42a3392930611eeb8600e6aeaa7f2d9&au=e2ee0e983bf643b392e9539be1467146,This item has no description,Expired Deal
https://slickdeals.net/?sdtrk=SiteSearchV2Algo1&afsrc=1&trd=Get%20Deal%20at%20Amazon&sdtid=17081653&tid=17081653&prop=diavail-true%7Cdincp-2%7Cdinpd-3%7Cdipgavail-true&pv=a6e99faa930611eea3b1deea9ecd979f&au=e2ee0e983bf643b392e9539be1467146,This item has no description,Expired Deal
https://slickdeals.net/?sdtrk=SiteSearchV2Algo1&afsrc=1&trd=Visit%20Chewy&sdtid=17118031&tid=17118031&pno=894961&prop=diavail-false%7Cdincp-0%7Cdinpd-0%7Cdipgavail-false&pv=a9ff9af0930611ee81578641be08cf16&au=e2ee0e983bf643b392e9539be1467146,This item has no description,Expired Deal
https://slickdeals.net/?sdtrk=SiteSearchV2Algo1&afsrc=1&trd=Get%20Deal%20at%20Amazon&sdtid=17095765&tid=17095765&prop=diavail-false%7Cdincp-0%7Cdinpd-0%7Cdipgavail-false&pv=accc1272930611eeb2919633568f9314&au=e2ee0e983bf643b392e9539be1467146,This item has no description,
https://slickdeals.net/?sdtrk=SiteSearchV2Algo1&afsrc=1&trd=Visit%20Amazon&sdtid=17002093&tid=17002093&pno=878287&prop=diavail-true%7Cdincp-3%7Cdinpd-6%7Cdipgavail-true&pv=b1055d26930611ee8248a2d0325ecb31&au=e2ee0e983bf643b392e9539be1467146,This item has no description,Expired Deal
https://slickdeals.net/?sdtrk=SiteSearchV2Algo1&afsrc=1&trd=Visit%20Amazon&sdtid=16943203&tid=16943203&pno=869563&prop=diavail-false%7Cdincp-0%7Cdinpd-0%7Cdipgavail-false&pv=b43b9154930611ee90bdc24b30196ae7&au=e2ee0e983bf643b392e9539be1467146,This item has no description,Expired Deal
https://slickdeals.net/?sdtrk=SiteSearchV2Algo1&afsrc=1&trd=Get%20Deal%20at%20Amazon&sdtid=17068672&tid=17068672&prop=diavail-true%7Cdincp-2%7Cdinpd-5%7Cdipgavail-true&pv=b6debd14930611eeaf519633568f9314&au=e2ee0e983bf643b392e9539be1467146,This item has no description,
https://slickdeals.net/?sdtrk=SiteSearchV2Algo1&afsrc=1&trd=Get%20Deal%20at%20Amazon&sdtid=17003008&tid=17003008&prop=diavail-true%7Cdincp-1%7Cdinpd-0%7Cdipgavail-false&pv=bb222a14930611ee86ea22945b031f96&au=e2ee0e983bf643b392e9539be1467146,This item has no description,
https://slickdeals.net/?sdtrk=SiteSearchV2Algo1&afsrc=1&trd=Get%20Deal%20at%20PetSmart&sdtid=16847459&tid=16847459&prop=diavail-false%7Cdincp-0%7Cdinpd-0%7Cdipgavail-false&pv=bf5821ba930611ee8f0b7e9685b86d34&au=e2ee0e983bf643b392e9539be1467146,This item has no description,
https://slickdeals.net/?sdtrk=SiteSearchV2Algo1&afsrc=1&trd=Get%20Deal%20at%20Amazon&sdtid=16780457&tid=16780457&prop=diavail-true%7Cdincp-1%7Cdinpd-0%7Cdipgavail-false&pv=c399ab86930611eebfa646a353a83649&au=e2ee0e983bf643b392e9539be1467146,This item has no description,
https://slickdeals.net/?sdtrk=SiteSearchV2Algo1&afsrc=1&trd=Get%20Deal%20at%20Amazon&sdtid=16993276&tid=16993276&prop=diavail-true%7Cdincp-3%7Cdinpd-2%7Cdipgavail-true&pv=c7e7e9aa930611eeb8de7eba4bb8dbe8&au=e2ee0e983bf643b392e9539be1467146,This item has no description,
https://slickdeals.net/?sdtrk=SiteSearchV2Algo1&afsrc=1&trd=Get%20Deal%20at%20Amazon&sdtid=16704875&tid=16704875&prop=diavail-true%7Cdincp-2%7Cdinpd-1%7Cdipgavail-true&pv=cc4c3352930611ee9292a6226f9167e9&au=e2ee0e983bf643b392e9539be1467146,This item has no description,
https://slickdeals.net/?sdtrk=SiteSearchV2Algo1&afsrc=1&trd=Visit%20Amazon&sdtid=16757543&tid=16757543&pno=843260&prop=diavail-true%7Cdincp-2%7Cdinpd-3%7Cdipgavail-true&pv=d0916298930611ee818b065367ff376c&au=e2ee0e983bf643b392e9539be1467146,This item has no description,Expired Deal
https://slickdeals.net/?sdtrk=SiteSearchV2Algo1&afsrc=1&trd=Get%20Deal%20at%20Amazon&sdtid=17094664&tid=17094664&pno=891637&prop=diavail-true%7Cdincp-3%7Cdinpd-7%7Cdipgavail-true&pv=d36f7d1a930611eea383c258c79c7091&au=e2ee0e983bf643b392e9539be1467146,This item has no description,
https://slickdeals.net/?sdtrk=SiteSearchV2Algo1&afsrc=1&trd=Get%20Deal%20at%20Target&sdtid=17126050&tid=17126050&prop=diavail-false%7Cdincp-0%7Cdinpd-0%7Cdipgavail-false&pv=d7d159fa930611eeb489d2652e8437d7&au=e2ee0e983bf643b392e9539be1467146,This item has no description,
https://slickdeals.net/?sdtrk=SiteSearchV2Algo1&afsrc=1&trd=Visit%20Amazon&sdtid=17060218&tid=17060218&pno=887197&prop=diavail-true%7Cdincp-3%7Cdinpd-1%7Cdipgavail-true&pv=dbecf882930611eebcaa9e6251c4153f&au=e2ee0e983bf643b392e9539be1467146,This item has no description,Expired Deal
https://slickdeals.net/?sdtrk=SiteSearchV2Algo1&afsrc=1&trd=Visit%20Chewy&sdtid=17093428&tid=17093428&pno=891433&prop=diavail-false%7Cdincp-0%7Cdinpd-0%7Cdipgavail-false&pv=de861e66930611ee9bab22945b031f96&au=e2ee0e983bf643b392e9539be1467146,This item has no description,
https://slickdeals.net/?sdtrk=SiteSearchV2Algo1&afsrc=1&trd=Get%20Deal%20at%20Amazon&sdtid=17085643&tid=17085643&prop=diavail-false%7Cdincp-0%7Cdinpd-0%7Cdipgavail-false&pv=e2f327be930611eea05cf23d550c2941&au=e2ee0e983bf643b392e9539be1467146,This item has no description,
https://slickdeals.net/?sdtrk=SiteSearchV2Algo1&afsrc=1&trd=Get%20Deal%20at%20Retailer&sdtid=16958353&tid=16958353&pno=872185&prop=diavail-false%7Cdincp-0%7Cdinpd-0%7Cdipgavail-false&pv=e74150fc930611ee80474267e803f315&au=e2ee0e983bf643b392e9539be1467146,This item has no description,
https://slickdeals.net/?sdtrk=SiteSearchV2Algo1&afsrc=1&trd=Get%20Deal%20at%20Kohl%27s&sdtid=16788287&tid=16788287&pno=846854&prop=diavail-false%7Cdincp-0%7Cdinpd-0%7Cdipgavail-false&pv=eb98f8ee930611eeba21aea895ef3e67&au=e2ee0e983bf643b392e9539be1467146,This item has no description,
https://slickdeals.net/?sdtrk=SiteSearchV2Algo1&afsrc=1&trd=Get%20Deal%20at%20Chewy&sdtid=17093068&tid=17093068&prop=diavail-false%7Cdincp-0%7Cdinpd-0%7Cdipgavail-false&pv=f0052f1a930611ee981a9edbf881296a&au=e2ee0e983bf643b392e9539be1467146,This item has no description,Expired Deal
https://slickdeals.net/?sdtrk=SiteSearchV2Algo1&afsrc=1&trd=Get%20Deal%20at%20Amazon&sdtid=17081653&tid=17081653&prop=diavail-true%7Cdincp-2%7Cdinpd-3%7Cdipgavail-true&pv=f2dc7f72930611ee801d6ea02c65049f&au=e2ee0e983bf643b392e9539be1467146,This item has no description,Expired Deal
https://slickdeals.net/?sdtrk=SiteSearchV2Algo1&afsrc=1&trd=Visit%20Chewy&sdtid=17118031&tid=17118031&pno=894961&prop=diavail-false%7Cdincp-0%7Cdinpd-0%7Cdipgavail-false&pv=f5d1a680930611ee93f5f6873aadd9b1&au=e2ee0e983bf643b392e9539be1467146,This item has no description,Expired Deal
https://slickdeals.net/?sdtrk=SiteSearchV2Algo1&afsrc=1&trd=Get%20Deal%20at%20Amazon&sdtid=17095765&tid=17095765&prop=diavail-false%7Cdincp-0%7Cdinpd-0%7Cdipgavail-false&pv=f8974e88930611eea550a66a415f3ee7&au=e2ee0e983bf643b392e9539be1467146,This item has no description,
https://slickdeals.net/?sdtrk=SiteSearchV2Algo1&afsrc=1&trd=Visit%20Amazon&sdtid=17002093&tid=17002093&pno=878287&prop=diavail-true%7Cdincp-3%7Cdinpd-6%7Cdipgavail-true&pv=fcd27504930611eeb128f2b6c0bebaaf&au=e2ee0e983bf643b392e9539be1467146,This item has no description,Expired Deal
https://slickdeals.net/?sdtrk=SiteSearchV2Algo1&afsrc=1&trd=Visit%20Amazon&sdtid=16943203&tid=16943203&pno=869563&prop=diavail-false%7Cdincp-0%7Cdinpd-0%7Cdipgavail-false&pv=ffb93a32930611ee9b9f36987a0a01ff&au=e2ee0e983bf643b392e9539be1467146,This item has no description,Expired Deal
https://slickdeals.net/?sdtrk=SiteSearchV2Algo1&afsrc=1&trd=Get%20Deal%20at%20Amazon&sdtid=17068672&tid=17068672&prop=diavail-true%7Cdincp-2%7Cdinpd-5%7Cdipgavail-true&pv=02873f5c930711eeb39a46e4c7109be0&au=e2ee0e983bf643b392e9539be1467146,This item has no description,
https://slickdeals.net/?sdtrk=SiteSearchV2Algo1&afsrc=1&trd=Get%20Deal%20at%20Amazon&sdtid=17003008&tid=17003008&prop=diavail-true%7Cdincp-1%7Cdinpd-0%7Cdipgavail-false&pv=06b32e6a930711ee8a0f5a783dfab57c&au=e2ee0e983bf643b392e9539be1467146,This item has no description,
https://slickdeals.net/?sdtrk=SiteSearchV2Algo1&afsrc=1&trd=Get%20Deal%20at%20PetSmart&sdtid=16847459&tid=16847459&prop=diavail-false%7Cdincp-0%7Cdinpd-0%7Cdipgavail-false&pv=0af1624e930711eebdd636987a0a01ff&au=e2ee0e983bf643b392e9539be1467146,This item has no description,
https://slickdeals.net/?sdtrk=SiteSearchV2Algo1&afsrc=1&trd=Get%20Deal%20at%20Amazon&sdtid=16780457&tid=16780457&prop=diavail-true%7Cdincp-1%7Cdinpd-0%7Cdipgavail-false&pv=0f4e1de6930711eeb7eeeee007a64712&au=e2ee0e983bf643b392e9539be1467146,This item has no description,
https://slickdeals.net/?sdtrk=SiteSearchV2Algo1&afsrc=1&trd=Get%20Deal%20at%20Amazon&sdtid=16993276&tid=16993276&prop=diavail-true%7Cdincp-3%7Cdinpd-2%7Cdipgavail-true&pv=138d9292930711eeabe996e3530149c0&au=e2ee0e983bf643b392e9539be1467146,This item has no description,
https://slickdeals.net/?sdtrk=SiteSearchV2Algo1&afsrc=1&trd=Get%20Deal%20at%20Amazon&sdtid=16704875&tid=16704875&prop=diavail-true%7Cdincp-2%7Cdinpd-1%7Cdipgavail-true&pv=17d9fb24930711eebff0c63f9671413d&au=e2ee0e983bf643b392e9539be1467146,This item has no description,
https://slickdeals.net/?sdtrk=SiteSearchV2Algo1&afsrc=1&trd=Visit%20Amazon&sdtid=16757543&tid=16757543&pno=843260&prop=diavail-true%7Cdincp-2%7Cdinpd-3%7Cdipgavail-true&pv=1c3cd380930711eea2729ad162da6e65&au=e2ee0e983bf643b392e9539be1467146,This item has no description,Expired Deal
https://slickdeals.net/?sdtrk=SiteSearchV2Algo1&afsrc=1&trd=Get%20Deal%20at%20Amazon&sdtid=17094664&tid=17094664&pno=891637&prop=diavail-true%7Cdincp-3%7Cdinpd-7%7Cdipgavail-true&pv=1f0f1f32930711ee8dacaef906d31fd8&au=e2ee0e983bf643b392e9539be1467146,This item has no description,
https://slickdeals.net/?sdtrk=SiteSearchV2Algo1&afsrc=1&trd=Get%20Deal%20at%20Target&sdtid=17126050&tid=17126050&prop=diavail-false%7Cdincp-0%7Cdinpd-0%7Cdipgavail-false&pv=238afc7a930711eeb216b624ff9acd3a&au=e2ee0e983bf643b392e9539be1467146,This item has no description,
https://slickdeals.net/?sdtrk=SiteSearchV2Algo1&afsrc=1&trd=Visit%20Amazon&sdtid=17060218&tid=17060218&pno=887197&prop=diavail-true%7Cdincp-3%7Cdinpd-1%7Cdipgavail-true&pv=27e4f8b6930711ee823b560a8f91e575&au=e2ee0e983bf643b392e9539be1467146,This item has no description,Expired Deal
https://slickdeals.net/?sdtrk=SiteSearchV2Algo1&afsrc=1&trd=Visit%20Chewy&sdtid=17093428&tid=17093428&pno=891433&prop=diavail-false%7Cdincp-0%7Cdinpd-0%7Cdipgavail-false&pv=2ad5fa8e930711ee8696d2917961b292&au=e2ee0e983bf643b392e9539be1467146,This item has no description,
https://slickdeals.net/?sdtrk=SiteSearchV2Algo1&afsrc=1&trd=Get%20Deal%20at%20Amazon&sdtid=17085643&tid=17085643&prop=diavail-false%7Cdincp-0%7Cdinpd-0%7Cdipgavail-false&pv=2f266394930711ee82b0560a8f91e575&au=e2ee0e983bf643b392e9539be1467146,This item has no description,
https://slickdeals.net/?sdtrk=SiteSearchV2Algo1&afsrc=1&trd=Get%20Deal%20at%20Retailer&sdtid=16958353&tid=16958353&pno=872185&prop=diavail-false%7Cdincp-0%7Cdinpd-0%7Cdipgavail-false&pv=3375f748930711eeb36a623216ece0cb&au=e2ee0e983bf643b392e9539be1467146,This item has no description,
https://slickdeals.net/?sdtrk=SiteSearchV2Algo1&afsrc=1&trd=Get%20Deal%20at%20Kohl%27s&sdtid=16788287&tid=16788287&pno=846854&prop=diavail-false%7Cdincp-0%7Cdinpd-0%7Cdipgavail-false&pv=37be72b2930711eea526ee2e757ac07b&au=e2ee0e983bf643b392e9539be1467146,This item has no description,
https://slickdeals.net/?sdtrk=SiteSearchV2Algo1&afsrc=1&trd=Get%20Deal%20at%20Chewy&sdtid=17093068&tid=17093068&prop=diavail-false%7Cdincp-0%7Cdinpd-0%7Cdipgavail-false&pv=3c05602e930711eea9d656cb78a039dc&au=e2ee0e983bf643b392e9539be1467146,This item has no description,Expired Deal
https://slickdeals.net/?sdtrk=SiteSearchV2Algo1&afsrc=1&trd=Get%20Deal%20at%20Amazon&sdtid=17081653&tid=17081653&prop=diavail-true%7Cdincp-2%7Cdinpd-3%7Cdipgavail-true&pv=3eed5788930711ee8eec4267e803f315&au=e2ee0e983bf643b392e9539be1467146,This item has no description,Expired Deal
https://slickdeals.net/?sdtrk=SiteSearchV2Algo1&afsrc=1&trd=Visit%20Chewy&sdtid=17118031&tid=17118031&pno=894961&prop=diavail-false%7Cdincp-0%7Cdinpd-0%7Cdipgavail-false&pv=4192b5e6930711ee923736a3be4491b7&au=e2ee0e983bf643b392e9539be1467146,This item has no description,Expired Deal
https://slickdeals.net/?sdtrk=SiteSearchV2Algo1&afsrc=1&trd=Get%20Deal%20at%20Amazon&sdtid=17095765&tid=17095765&prop=diavail-false%7Cdincp-0%7Cdinpd-0%7Cdipgavail-false&pv=4485a470930711ee9249c695055d1251&au=e2ee0e983bf643b392e9539be1467146,This item has no description,
https://slickdeals.net/?sdtrk=SiteSearchV2Algo1&afsrc=1&trd=Visit%20Amazon&sdtid=17002093&tid=17002093&pno=878287&prop=diavail-true%7Cdincp-3%7Cdinpd-6%7Cdipgavail-true&pv=48b67c2c930711ee93f5f6873aadd9b1&au=e2ee0e983bf643b392e9539be1467146,This item has no description,Expired Deal
https://slickdeals.net/?sdtrk=SiteSearchV2Algo1&afsrc=1&trd=Visit%20Amazon&sdtid=16943203&tid=16943203&pno=869563&prop=diavail-false%7Cdincp-0%7Cdinpd-0%7Cdipgavail-false&pv=4baace4c930711ee82320ab13a408f6d&au=e2ee0e983bf643b392e9539be1467146,This item has no description,Expired Deal
https://slickdeals.net/?sdtrk=SiteSearchV2Algo1&afsrc=1&trd=Get%20Deal%20at%20Amazon&sdtid=17068672&tid=17068672&prop=diavail-true%7Cdincp-2%7Cdinpd-5%7Cdipgavail-true&pv=4ebbed50930711ee914f76a70f53cfb2&au=e2ee0e983bf643b392e9539be1467146,This item has no description,
https://slickdeals.net/?sdtrk=SiteSearchV2Algo1&afsrc=1&trd=Get%20Deal%20at%20Amazon&sdtid=17003008&tid=17003008&prop=diavail-true%7Cdincp-1%7Cdinpd-0%7Cdipgavail-false&pv=5319a5d6930711eead737a43b6270382&au=e2ee0e983bf643b392e9539be1467146,This item has no description,
https://slickdeals.net/?sdtrk=SiteSearchV2Algo1&afsrc=1&trd=Get%20Deal%20at%20PetSmart&sdtid=16847459&tid=16847459&prop=diavail-false%7Cdincp-0%7Cdinpd-0%7Cdipgavail-false&pv=577d59ce930711eea5295281c35caba3&au=e2ee0e983bf643b392e9539be1467146,This item has no description,
https://slickdeals.net/?sdtrk=SiteSearchV2Algo1&afsrc=1&trd=Get%20Deal%20at%20Amazon&sdtid=16780457&tid=16780457&prop=diavail-true%7Cdincp-1%7Cdinpd-0%7Cdipgavail-false&pv=5bc467e8930711eeb0e39277d926bb46&au=e2ee0e983bf643b392e9539be1467146,This item has no description,
https://slickdeals.net/?sdtrk=SiteSearchV2Algo1&afsrc=1&trd=Get%20Deal%20at%20Amazon&sdtid=16993276&tid=16993276&prop=diavail-true%7Cdincp-3%7Cdinpd-2%7Cdipgavail-true&pv=601c17aa930711eeb2ce9a5345c674ba&au=e2ee0e983bf643b392e9539be1467146,This item has no description,
https://slickdeals.net/?sdtrk=SiteSearchV2Algo1&afsrc=1&trd=Get%20Deal%20at%20Amazon&sdtid=16704875&tid=16704875&prop=diavail-true%7Cdincp-2%7Cdinpd-1%7Cdipgavail-true&pv=6461e74a930711eebbfbbafcfc572079&au=e2ee0e983bf643b392e9539be1467146,This item has no description,
https://slickdeals.net/?sdtrk=SiteSearchV2Algo1&afsrc=1&trd=Visit%20Amazon&sdtid=16757543&tid=16757543&pno=843260&prop=diavail-true%7Cdincp-2%7Cdinpd-3%7Cdipgavail-true&pv=69a11000930711eebde2ba76352d654b&au=e2ee0e983bf643b392e9539be1467146,This item has no description,Expired Deal
https://slickdeals.net/?sdtrk=SiteSearchV2Algo1&afsrc=1&trd=Get%20Deal%20at%20Amazon&sdtid=17094664&tid=17094664&pno=891637&prop=diavail-true%7Cdincp-3%7Cdinpd-7%7Cdipgavail-true&pv=6c7e4ff4930711eeb888fa97e9bdbaef&au=e2ee0e983bf643b392e9539be1467146,This item has no description,
https://slickdeals.net/?sdtrk=SiteSearchV2Algo1&afsrc=1&trd=Get%20Deal%20at%20Target&sdtid=17126050&tid=17126050&prop=diavail-false%7Cdincp-0%7Cdinpd-0%7Cdipgavail-false&pv=70db31fc930711eeb144f614d5ddb5b2&au=e2ee0e983bf643b392e9539be1467146,This item has no description,
https://slickdeals.net/?sdtrk=SiteSearchV2Algo1&afsrc=1&trd=Visit%20Amazon&sdtid=17060218&tid=17060218&pno=887197&prop=diavail-true%7Cdincp-3%7Cdinpd-1%7Cdipgavail-true&pv=750b595a930711ee95d26ea02c65049f&au=e2ee0e983bf643b392e9539be1467146,This item has no description,Expired Deal
https://slickdeals.net/?sdtrk=SiteSearchV2Algo1&afsrc=1&trd=Visit%20Chewy&sdtid=17093428&tid=17093428&pno=891433&prop=diavail-false%7Cdincp-0%7Cdinpd-0%7Cdipgavail-false&pv=78e742c8930711ee86a98a8c03570672&au=e2ee0e983bf643b392e9539be1467146,This item has no description,
https://slickdeals.net/?sdtrk=SiteSearchV2Algo1&afsrc=1&trd=Get%20Deal%20at%20Amazon&sdtid=17085643&tid=17085643&prop=diavail-false%7Cdincp-0%7Cdinpd-0%7Cdipgavail-false&pv=7d58f428930711ee8c2bce95ad32fc49&au=e2ee0e983bf643b392e9539be1467146,This item has no description,
https://slickdeals.net/?sdtrk=SiteSearchV2Algo1&afsrc=1&trd=Get%20Deal%20at%20Retailer&sdtid=16958353&tid=16958353&pno=872185&prop=diavail-false%7Cdincp-0%7Cdinpd-0%7Cdipgavail-false&pv=819b1e44930711eea80a9633568f9314&au=e2ee0e983bf643b392e9539be1467146,This item has no description,
https://slickdeals.net/?sdtrk=SiteSearchV2Algo1&afsrc=1&trd=Get%20Deal%20at%20Kohl%27s&sdtid=16788287&tid=16788287&pno=846854&prop=diavail-false%7Cdincp-0%7Cdinpd-0%7Cdipgavail-false&pv=85e943d6930711eeb7a52ecf0bfff0bf&au=e2ee0e983bf643b392e9539be1467146,This item has no description,
https://slickdeals.net/?sdtrk=SiteSearchV2Algo1&afsrc=1&trd=Get%20Deal%20at%20Chewy&sdtid=17093068&tid=17093068&prop=diavail-false%7Cdincp-0%7Cdinpd-0%7Cdipgavail-false&pv=8a57c118930711ee9fafaa67884b6253&au=e2ee0e983bf643b392e9539be1467146,This item has no description,Expired Deal
https://slickdeals.net/?sdtrk=SiteSearchV2Algo1&afsrc=1&trd=Get%20Deal%20at%20Amazon&sdtid=17081653&tid=17081653&prop=diavail-true%7Cdincp-2%7Cdinpd-3%7Cdipgavail-true&pv=8d54eaf8930711eea9d4f614d5ddb5b2&au=e2ee0e983bf643b392e9539be1467146,This item has no description,Expired Deal
https://slickdeals.net/?sdtrk=SiteSearchV2Algo1&afsrc=1&trd=Visit%20Chewy&sdtid=17118031&tid=17118031&pno=894961&prop=diavail-false%7Cdincp-0%7Cdinpd-0%7Cdipgavail-false&pv=90db4410930711eeb409728b6ce44b6a&au=e2ee0e983bf643b392e9539be1467146,This item has no description,Expired Deal
https://slickdeals.net/?sdtrk=SiteSearchV2Algo1&afsrc=1&trd=Get%20Deal%20at%20Amazon&sdtid=17095765&tid=17095765&prop=diavail-false%7Cdincp-0%7Cdinpd-0%7Cdipgavail-false&pv=93da115a930711ee9ba09ee15ae9a4c5&au=e2ee0e983bf643b392e9539be1467146,This item has no description,
https://slickdeals.net/?sdtrk=SiteSearchV2Algo1&afsrc=1&trd=Visit%20Amazon&sdtid=17002093&tid=17002093&pno=878287&prop=diavail-true%7Cdincp-3%7Cdinpd-6%7Cdipgavail-true&pv=981fabf8930711eea761ae84f36f74ac&au=e2ee0e983bf643b392e9539be1467146,This item has no description,Expired Deal
https://slickdeals.net/?sdtrk=SiteSearchV2Algo1&afsrc=1&trd=Visit%20Amazon&sdtid=16943203&tid=16943203&pno=869563&prop=diavail-false%7Cdincp-0%7Cdinpd-0%7Cdipgavail-false&pv=9b62816e930711eea7e83e8a4a86d54f&au=e2ee0e983bf643b392e9539be1467146,This item has no description,Expired Deal
https://slickdeals.net/?sdtrk=SiteSearchV2Algo1&afsrc=1&trd=Get%20Deal%20at%20Amazon&sdtid=17068672&tid=17068672&prop=diavail-true%7Cdincp-2%7Cdinpd-5%7Cdipgavail-true&pv=9e440eac930711eeb6a42211e560f7e8&au=e2ee0e983bf643b392e9539be1467146,This item has no description,
https://slickdeals.net/?sdtrk=SiteSearchV2Algo1&afsrc=1&trd=Get%20Deal%20at%20Amazon&sdtid=17003008&tid=17003008&prop=diavail-true%7Cdincp-1%7Cdinpd-0%7Cdipgavail-false&pv=a2da41e8930711eeb9ed065367ff376c&au=e2ee0e983bf643b392e9539be1467146,This item has no description,
https://slickdeals.net/?sdtrk=SiteSearchV2Algo1&afsrc=1&trd=Get%20Deal%20at%20PetSmart&sdtid=16847459&tid=16847459&prop=diavail-false%7Cdincp-0%7Cdinpd-0%7Cdipgavail-false&pv=a7604fc8930711ee8e21162af5eba7fc&au=e2ee0e983bf643b392e9539be1467146,This item has no description,
https://slickdeals.net/?sdtrk=SiteSearchV2Algo1&afsrc=1&trd=Get%20Deal%20at%20Amazon&sdtid=16780457&tid=16780457&prop=diavail-true%7Cdincp-1%7Cdinpd-0%7Cdipgavail-false&pv=abf978a2930711eea298a2e14e098be5&au=e2ee0e983bf643b392e9539be1467146,This item has no description,
https://slickdeals.net/?sdtrk=SiteSearchV2Algo1&afsrc=1&trd=Get%20Deal%20at%20Amazon&sdtid=16993276&tid=16993276&prop=diavail-true%7Cdincp-3%7Cdinpd-2%7Cdipgavail-true&pv=b089c980930711eebd45d6c60b2fd597&au=e2ee0e983bf643b392e9539be1467146,This item has no description,
https://slickdeals.net/?sdtrk=SiteSearchV2Algo1&afsrc=1&trd=Get%20Deal%20at%20Amazon&sdtid=16704875&tid=16704875&prop=diavail-true%7Cdincp-2%7Cdinpd-1%7Cdipgavail-true&pv=b50466e6930711ee8eb5362f91a0a8f9&au=e2ee0e983bf643b392e9539be1467146,This item has no description,
https://slickdeals.net/?sdtrk=SiteSearchV2Algo1&afsrc=1&trd=Visit%20Amazon&sdtid=16757543&tid=16757543&pno=843260&prop=diavail-true%7Cdincp-2%7Cdinpd-3%7Cdipgavail-true&pv=b9af8a40930711eeac65d2652e8437d7&au=e2ee0e983bf643b392e9539be1467146,This item has no description,Expired Deal
https://slickdeals.net/?sdtrk=SiteSearchV2Algo1&afsrc=1&trd=Get%20Deal%20at%20Amazon&sdtid=17094664&tid=17094664&pno=891637&prop=diavail-true%7Cdincp-3%7Cdinpd-7%7Cdipgavail-true&pv=bd92552a930711eebb565a85c909964f&au=e2ee0e983bf643b392e9539be1467146,This item has no description,
https://slickdeals.net/?sdtrk=SiteSearchV2Algo1&afsrc=1&trd=Get%20Deal%20at%20Target&sdtid=17126050&tid=17126050&prop=diavail-false%7Cdincp-0%7Cdinpd-0%7Cdipgavail-false&pv=c27a7c48930711ee9b6e9e6251c4153f&au=e2ee0e983bf643b392e9539be1467146,This item has no description,
https://slickdeals.net/?sdtrk=SiteSearchV2Algo1&afsrc=1&trd=Visit%20Amazon&sdtid=17060218&tid=17060218&pno=887197&prop=diavail-true%7Cdincp-3%7Cdinpd-1%7Cdipgavail-true&pv=c7266c98930711eea983aa67884b6253&au=e2ee0e983bf643b392e9539be1467146,This item has no description,Expired Deal
https://slickdeals.net/?sdtrk=SiteSearchV2Algo1&afsrc=1&trd=Visit%20Chewy&sdtid=17093428&tid=17093428&pno=891433&prop=diavail-false%7Cdincp-0%7Cdinpd-0%7Cdipgavail-false&pv=cb13eb78930711eeb875e6a63278c924&au=e2ee0e983bf643b392e9539be1467146,This item has no description,
https://slickdeals.net/?sdtrk=SiteSearchV2Algo1&afsrc=1&trd=Get%20Deal%20at%20Amazon&sdtid=17085643&tid=17085643&prop=diavail-false%7Cdincp-0%7Cdinpd-0%7Cdipgavail-false&pv=cfdcdac0930711eea7e10e774cf9d669&au=e2ee0e983bf643b392e9539be1467146,This item has no description,
https://slickdeals.net/?sdtrk=SiteSearchV2Algo1&afsrc=1&trd=Get%20Deal%20at%20Retailer&sdtid=16958353&tid=16958353&pno=872185&prop=diavail-false%7Cdincp-0%7Cdinpd-0%7Cdipgavail-false&pv=d5dbf348930711eeb606f6f2c7d713a0&au=e2ee0e983bf643b392e9539be1467146,This item has no description,
https://slickdeals.net/?sdtrk=SiteSearchV2Algo1&afsrc=1&trd=Get%20Deal%20at%20Kohl%27s&sdtid=16788287&tid=16788287&pno=846854&prop=diavail-false%7Cdincp-0%7Cdinpd-0%7Cdipgavail-false&pv=da91e802930711eeb14ad2652e8437d7&au=e2ee0e983bf643b392e9539be1467146,This item has no description,
https://slickdeals.net/?sdtrk=SiteSearchV2Algo1&afsrc=1&trd=Get%20Deal%20at%20Chewy&sdtid=17093068&tid=17093068&prop=diavail-false%7Cdincp-0%7Cdinpd-0%7Cdipgavail-false&pv=df687440930711eea461a6226f9167e9&au=e2ee0e983bf643b392e9539be1467146,This item has no description,Expired Deal
https://slickdeals.net/?sdtrk=SiteSearchV2Algo1&afsrc=1&trd=Get%20Deal%20at%20Amazon&sdtid=17081653&tid=17081653&prop=diavail-true%7Cdincp-2%7Cdinpd-3%7Cdipgavail-true&pv=e28852da930711eeb770aef906d31fd8&au=e2ee0e983bf643b392e9539be1467146,This item has no description,Expired Deal
https://slickdeals.net/?sdtrk=SiteSearchV2Algo1&afsrc=1&trd=Visit%20Chewy&sdtid=17118031&tid=17118031&pno=894961&prop=diavail-false%7Cdincp-0%7Cdinpd-0%7Cdipgavail-false&pv=e6674532930711ee85518a8c03570672&au=e2ee0e983bf643b392e9539be1467146,This item has no description,Expired Deal
https://slickdeals.net/?sdtrk=SiteSearchV2Algo1&afsrc=1&trd=Get%20Deal%20at%20Amazon&sdtid=17095765&tid=17095765&prop=diavail-false%7Cdincp-0%7Cdinpd-0%7Cdipgavail-false&pv=ea08ac58930711eeb2d2e61b785c285b&au=e2ee0e983bf643b392e9539be1467146,This item has no description,
https://slickdeals.net/?sdtrk=SiteSearchV2Algo1&afsrc=1&trd=Visit%20Amazon&sdtid=17002093&tid=17002093&pno=878287&prop=diavail-true%7Cdincp-3%7Cdinpd-6%7Cdipgavail-true&pv=eecc7256930711ee9f4b7e1fa6f2e8ad&au=e2ee0e983bf643b392e9539be1467146,This item has no description,Expired Deal
https://slickdeals.net/?sdtrk=SiteSearchV2Algo1&afsrc=1&trd=Visit%20Amazon&sdtid=16943203&tid=16943203&pno=869563&prop=diavail-false%7Cdincp-0%7Cdinpd-0%7Cdipgavail-false&pv=f2c8d980930711ee8418aa67884b6253&au=e2ee0e983bf643b392e9539be1467146,This item has no description,Expired Deal
https://slickdeals.net/?sdtrk=SiteSearchV2Algo1&afsrc=1&trd=Get%20Deal%20at%20Amazon&sdtid=17068672&tid=17068672&prop=diavail-true%7Cdincp-2%7Cdinpd-5%7Cdipgavail-true&pv=f6a5a59c930711eeacabc2ead178cde8&au=e2ee0e983bf643b392e9539be1467146,This item has no description,
https://slickdeals.net/?sdtrk=SiteSearchV2Algo1&afsrc=1&trd=Get%20Deal%20at%20Amazon&sdtid=17003008&tid=17003008&prop=diavail-true%7Cdincp-1%7Cdinpd-0%7Cdipgavail-false&pv=fbb18092930711eea9e1f614d5ddb5b2&au=e2ee0e983bf643b392e9539be1467146,This item has no description,
https://slickdeals.net/?sdtrk=SiteSearchV2Algo1&afsrc=1&trd=Get%20Deal%20at%20PetSmart&sdtid=16847459&tid=16847459&prop=diavail-false%7Cdincp-0%7Cdinpd-0%7Cdipgavail-false&pv=00a612d4930811eea749f614d5ddb5b2&au=e2ee0e983bf643b392e9539be1467146,This item has no description,
https://slickdeals.net/?sdtrk=SiteSearchV2Algo1&afsrc=1&trd=Get%20Deal%20at%20Amazon&sdtid=16780457&tid=16780457&prop=diavail-true%7Cdincp-1%7Cdinpd-0%7Cdipgavail-false&pv=0527bd44930811ee865522a93d43f6d8&au=e2ee0e983bf643b392e9539be1467146,This item has no description,
https://slickdeals.net/?sdtrk=SiteSearchV2Algo1&afsrc=1&trd=Get%20Deal%20at%20Amazon&sdtid=16993276&tid=16993276&prop=diavail-true%7Cdincp-3%7Cdinpd-2%7Cdipgavail-true&pv=0a3a9450930811eeaffc2e969d48dfac&au=e2ee0e983bf643b392e9539be1467146,This item has no description,
https://slickdeals.net/?sdtrk=SiteSearchV2Algo1&afsrc=1&trd=Get%20Deal%20at%20Amazon&sdtid=16704875&tid=16704875&prop=diavail-true%7Cdincp-2%7Cdinpd-1%7Cdipgavail-true&pv=0f218bf4930811eea22a2e3df80f031a&au=e2ee0e983bf643b392e9539be1467146,This item has no description,
https://slickdeals.net/?sdtrk=SiteSearchV2Algo1&afsrc=1&trd=Visit%20Amazon&sdtid=16757543&tid=16757543&pno=843260&prop=diavail-true%7Cdincp-2%7Cdinpd-3%7Cdipgavail-true&pv=1386547c930811ee870e6a27e9b9ae10&au=e2ee0e983bf643b392e9539be1467146,This item has no description,Expired Deal
https://slickdeals.net/?sdtrk=SiteSearchV2Algo1&afsrc=1&trd=Get%20Deal%20at%20Amazon&sdtid=17094664&tid=17094664&pno=891637&prop=diavail-true%7Cdincp-3%7Cdinpd-7%7Cdipgavail-true&pv=16adb532930811ee81473e364c14c401&au=e2ee0e983bf643b392e9539be1467146,This item has no description,
https://slickdeals.net/?sdtrk=SiteSearchV2Algo1&afsrc=1&trd=Get%20Deal%20at%20Target&sdtid=17126050&tid=17126050&prop=diavail-false%7Cdincp-0%7Cdinpd-0%7Cdipgavail-false&pv=1b2d91a4930811ee9f063ebc8cc252b3&au=e2ee0e983bf643b392e9539be1467146,This item has no description,
https://slickdeals.net/?sdtrk=SiteSearchV2Algo1&afsrc=1&trd=Visit%20Amazon&sdtid=17060218&tid=17060218&pno=887197&prop=diavail-true%7Cdincp-3%7Cdinpd-1%7Cdipgavail-true&pv=1f70867c930811eea9ed7e1b23435637&au=e2ee0e983bf643b392e9539be1467146,This item has no description,Expired Deal
https://slickdeals.net/?sdtrk=SiteSearchV2Algo1&afsrc=1&trd=Visit%20Chewy&sdtid=17093428&tid=17093428&pno=891433&prop=diavail-false%7Cdincp-0%7Cdinpd-0%7Cdipgavail-false&pv=2210f092930811ee8252ee446ae44d1d&au=e2ee0e983bf643b392e9539be1467146,This item has no description,
https://slickdeals.net/?sdtrk=SiteSearchV2Algo1&afsrc=1&trd=Get%20Deal%20at%20Amazon&sdtid=17085643&tid=17085643&prop=diavail-false%7Cdincp-0%7Cdinpd-0%7Cdipgavail-false&pv=2672a720930811ee8f0ba6d63f35ac30&au=e2ee0e983bf643b392e9539be1467146,This item has no description,
https://slickdeals.net/?sdtrk=SiteSearchV2Algo1&afsrc=1&trd=Get%20Deal%20at%20Retailer&sdtid=16958353&tid=16958353&pno=872185&prop=diavail-false%7Cdincp-0%7Cdinpd-0%7Cdipgavail-false&pv=2ac5a1ce930811eebc722e969d48dfac&au=e2ee0e983bf643b392e9539be1467146,This item has no description,
https://slickdeals.net/?sdtrk=SiteSearchV2Algo1&afsrc=1&trd=Get%20Deal%20at%20Kohl%27s&sdtid=16788287&tid=16788287&pno=846854&prop=diavail-false%7Cdincp-0%7Cdinpd-0%7Cdipgavail-false&pv=2f17c784930811eea9d656cb78a039dc&au=e2ee0e983bf643b392e9539be1467146,This item has no description,
https://slickdeals.net/?sdtrk=SiteSearchV2Algo1&afsrc=1&trd=Get%20Deal%20at%20Chewy&sdtid=17093068&tid=17093068&prop=diavail-false%7Cdincp-0%7Cdinpd-0%7Cdipgavail-false&pv=33656742930811eeaa54c695055d1251&au=e2ee0e983bf643b392e9539be1467146,This item has no description,Expired Deal
https://slickdeals.net/?sdtrk=SiteSearchV2Algo1&afsrc=1&trd=Get%20Deal%20at%20Amazon&sdtid=17081653&tid=17081653&prop=diavail-true%7Cdincp-2%7Cdinpd-3%7Cdipgavail-true&pv=3672f5da930811eea15712b6eb2019a4&au=e2ee0e983bf643b392e9539be1467146,This item has no description,Expired Deal
https://slickdeals.net/?sdtrk=SiteSearchV2Algo1&afsrc=1&trd=Visit%20Chewy&sdtid=17118031&tid=17118031&pno=894961&prop=diavail-false%7Cdincp-0%7Cdinpd-0%7Cdipgavail-false&pv=3958af4c930811eea3d2d6780b5c7112&au=e2ee0e983bf643b392e9539be1467146,This item has no description,Expired Deal
https://slickdeals.net/?sdtrk=SiteSearchV2Algo1&afsrc=1&trd=Get%20Deal%20at%20Amazon&sdtid=17095765&tid=17095765&prop=diavail-false%7Cdincp-0%7Cdinpd-0%7Cdipgavail-false&pv=3c69b62c930811eebddc8230a98a4655&au=e2ee0e983bf643b392e9539be1467146,This item has no description,
https://slickdeals.net/?sdtrk=SiteSearchV2Algo1&afsrc=1&trd=Visit%20Amazon&sdtid=17002093&tid=17002093&pno=878287&prop=diavail-true%7Cdincp-3%7Cdinpd-6%7Cdipgavail-true&pv=40ad9fe6930811ee9057bafcfc572079&au=e2ee0e983bf643b392e9539be1467146,This item has no description,Expired Deal
https://slickdeals.net/?sdtrk=SiteSearchV2Algo1&afsrc=1&trd=Visit%20Amazon&sdtid=16943203&tid=16943203&pno=869563&prop=diavail-false%7Cdincp-0%7Cdinpd-0%7Cdipgavail-false&pv=43401f9a930811eebaf046e4c7109be0&au=e2ee0e983bf643b392e9539be1467146,This item has no description,Expired Deal
https://slickdeals.net/?sdtrk=SiteSearchV2Algo1&afsrc=1&trd=Get%20Deal%20at%20Amazon&sdtid=17068672&tid=17068672&prop=diavail-true%7Cdincp-2%7Cdinpd-5%7Cdipgavail-true&pv=45d47f44930811eeb8c532fabf77f97d&au=e2ee0e983bf643b392e9539be1467146,This item has no description,
https://slickdeals.net/?sdtrk=SiteSearchV2Algo1&afsrc=1&trd=Get%20Deal%20at%20Amazon&sdtid=17003008&tid=17003008&prop=diavail-true%7Cdincp-1%7Cdinpd-0%7Cdipgavail-false&pv=4a38bba4930811ee9d8b9e6251c4153f&au=e2ee0e983bf643b392e9539be1467146,This item has no description,
https://slickdeals.net/?sdtrk=SiteSearchV2Algo1&afsrc=1&trd=Get%20Deal%20at%20PetSmart&sdtid=16847459&tid=16847459&prop=diavail-false%7Cdincp-0%7Cdinpd-0%7Cdipgavail-false&pv=4e78c1d2930811ee88b67eba4bb8dbe8&au=e2ee0e983bf643b392e9539be1467146,This item has no description,
https://slickdeals.net/?sdtrk=SiteSearchV2Algo1&afsrc=1&trd=Get%20Deal%20at%20Amazon&sdtid=16780457&tid=16780457&prop=diavail-true%7Cdincp-1%7Cdinpd-0%7Cdipgavail-false&pv=52b4db14930811eea5cf8641be08cf16&au=e2ee0e983bf643b392e9539be1467146,This item has no description,
https://slickdeals.net/?sdtrk=SiteSearchV2Algo1&afsrc=1&trd=Get%20Deal%20at%20Amazon&sdtid=16993276&tid=16993276&prop=diavail-true%7Cdincp-3%7Cdinpd-2%7Cdipgavail-true&pv=56e84dec930811eea82e76a70f53cfb2&au=e2ee0e983bf643b392e9539be1467146,This item has no description,
https://slickdeals.net/?sdtrk=SiteSearchV2Algo1&afsrc=1&trd=Get%20Deal%20at%20Amazon&sdtid=16704875&tid=16704875&prop=diavail-true%7Cdincp-2%7Cdinpd-1%7Cdipgavail-true&pv=5b42e69a930811eea2fa76a70f53cfb2&au=e2ee0e983bf643b392e9539be1467146,This item has no description,
https://slickdeals.net/?sdtrk=SiteSearchV2Algo1&afsrc=1&trd=Visit%20Amazon&sdtid=16757543&tid=16757543&pno=843260&prop=diavail-true%7Cdincp-2%7Cdinpd-3%7Cdipgavail-true&pv=5f90c366930811eeba0ba2d0325ecb31&au=e2ee0e983bf643b392e9539be1467146,This item has no description,Expired Deal
https://slickdeals.net/?sdtrk=SiteSearchV2Algo1&afsrc=1&trd=Get%20Deal%20at%20Amazon&sdtid=17094664&tid=17094664&pno=891637&prop=diavail-true%7Cdincp-3%7Cdinpd-7%7Cdipgavail-true&pv=62b7f9b0930811ee801a4267e803f315&au=e2ee0e983bf643b392e9539be1467146,This item has no description,
https://slickdeals.net/?sdtrk=SiteSearchV2Algo1&afsrc=1&trd=Get%20Deal%20at%20Target&sdtid=17126050&tid=17126050&prop=diavail-false%7Cdincp-0%7Cdinpd-0%7Cdipgavail-false&pv=6738c8ac930811eea8d3eee007a64712&au=e2ee0e983bf643b392e9539be1467146,This item has no description,
https://slickdeals.net/?sdtrk=SiteSearchV2Algo1&afsrc=1&trd=Visit%20Amazon&sdtid=17060218&tid=17060218&pno=887197&prop=diavail-true%7Cdincp-3%7Cdinpd-1%7Cdipgavail-true&pv=6b6f431a930811ee8f6636a3be4491b7&au=e2ee0e983bf643b392e9539be1467146,This item has no description,Expired Deal
https://slickdeals.net/?sdtrk=SiteSearchV2Algo1&afsrc=1&trd=Visit%20Chewy&sdtid=17093428&tid=17093428&pno=891433&prop=diavail-false%7Cdincp-0%7Cdinpd-0%7Cdipgavail-false&pv=6e964b9c930811ee9d8e5a783dfab57c&au=e2ee0e983bf643b392e9539be1467146,This item has no description,
https://slickdeals.net/?sdtrk=SiteSearchV2Algo1&afsrc=1&trd=Get%20Deal%20at%20Amazon&sdtid=17085643&tid=17085643&prop=diavail-false%7Cdincp-0%7Cdinpd-0%7Cdipgavail-false&pv=72d6d0f0930811ee9cf512735a8b63a5&au=e2ee0e983bf643b392e9539be1467146,This item has no description,
https://slickdeals.net/?sdtrk=SiteSearchV2Algo1&afsrc=1&trd=Get%20Deal%20at%20Retailer&sdtid=16958353&tid=16958353&pno=872185&prop=diavail-false%7Cdincp-0%7Cdinpd-0%7Cdipgavail-false&pv=7719dac2930811ee89ec668ace3e3677&au=e2ee0e983bf643b392e9539be1467146,This item has no description,
https://slickdeals.net/?sdtrk=SiteSearchV2Algo1&afsrc=1&trd=Get%20Deal%20at%20Kohl%27s&sdtid=16788287&tid=16788287&pno=846854&prop=diavail-false%7Cdincp-0%7Cdinpd-0%7Cdipgavail-false&pv=7b870986930811ee94615a85c909964f&au=e2ee0e983bf643b392e9539be1467146,This item has no description,
https://slickdeals.net/?sdtrk=SiteSearchV2Algo1&afsrc=1&trd=Get%20Deal%20at%20Chewy&sdtid=17093068&tid=17093068&prop=diavail-false%7Cdincp-0%7Cdinpd-0%7Cdipgavail-false&pv=7fea9592930811ee843bf6873aadd9b1&au=e2ee0e983bf643b392e9539be1467146,This item has no description,Expired Deal
https://slickdeals.net/?sdtrk=SiteSearchV2Algo1&afsrc=1&trd=Get%20Deal%20at%20Amazon&sdtid=17081653&tid=17081653&prop=diavail-true%7Cdincp-2%7Cdinpd-3%7Cdipgavail-true&pv=82c82522930811ee8f6f763100633dd8&au=e2ee0e983bf643b392e9539be1467146,This item has no description,Expired Deal
https://slickdeals.net/?sdtrk=SiteSearchV2Algo1&afsrc=1&trd=Visit%20Chewy&sdtid=17118031&tid=17118031&pno=894961&prop=diavail-false%7Cdincp-0%7Cdinpd-0%7Cdipgavail-false&pv=85df0884930811eeab863ebc8cc252b3&au=e2ee0e983bf643b392e9539be1467146,This item has no description,Expired Deal
https://slickdeals.net/?sdtrk=SiteSearchV2Algo1&afsrc=1&trd=Get%20Deal%20at%20Amazon&sdtid=17095765&tid=17095765&prop=diavail-false%7Cdincp-0%7Cdinpd-0%7Cdipgavail-false&pv=88b1d7b2930811eeb4f51a5de5c8a3b2&au=e2ee0e983bf643b392e9539be1467146,This item has no description,
https://slickdeals.net/?sdtrk=SiteSearchV2Algo1&afsrc=1&trd=Visit%20Amazon&sdtid=17002093&tid=17002093&pno=878287&prop=diavail-true%7Cdincp-3%7Cdinpd-6%7Cdipgavail-true&pv=8cdfb372930811ee89aebe70f872a18d&au=e2ee0e983bf643b392e9539be1467146,This item has no description,Expired Deal
https://slickdeals.net/?sdtrk=SiteSearchV2Algo1&afsrc=1&trd=Visit%20Amazon&sdtid=16943203&tid=16943203&pno=869563&prop=diavail-false%7Cdincp-0%7Cdinpd-0%7Cdipgavail-false&pv=8feab9f4930811eea9478e1f5ac956b7&au=e2ee0e983bf643b392e9539be1467146,This item has no description,Expired Deal
https://slickdeals.net/?sdtrk=SiteSearchV2Algo1&afsrc=1&trd=Get%20Deal%20at%20Amazon&sdtid=17068672&tid=17068672&prop=diavail-true%7Cdincp-2%7Cdinpd-5%7Cdipgavail-true&pv=92a2d4ec930811ee89c2d28e2e2cc546&au=e2ee0e983bf643b392e9539be1467146,This item has no description,
https://slickdeals.net/?sdtrk=SiteSearchV2Algo1&afsrc=1&trd=Get%20Deal%20at%20Amazon&sdtid=17003008&tid=17003008&prop=diavail-true%7Cdincp-1%7Cdinpd-0%7Cdipgavail-false&pv=96d1b24a930811ee887f562d90c88812&au=e2ee0e983bf643b392e9539be1467146,This item has no description,
https://slickdeals.net/?sdtrk=SiteSearchV2Algo1&afsrc=1&trd=Get%20Deal%20at%20PetSmart&sdtid=16847459&tid=16847459&prop=diavail-false%7Cdincp-0%7Cdinpd-0%7Cdipgavail-false&pv=9b01362e930811eea1ba26bedd00fd3a&au=e2ee0e983bf643b392e9539be1467146,This item has no description,
https://slickdeals.net/?sdtrk=SiteSearchV2Algo1&afsrc=1&trd=Get%20Deal%20at%20Amazon&sdtid=16780457&tid=16780457&prop=diavail-true%7Cdincp-1%7Cdinpd-0%7Cdipgavail-false&pv=9f2c66b0930811ee94c29ae98ab22c26&au=e2ee0e983bf643b392e9539be1467146,This item has no description,
https://slickdeals.net/?sdtrk=SiteSearchV2Algo1&afsrc=1&trd=Get%20Deal%20at%20Amazon&sdtid=16993276&tid=16993276&prop=diavail-true%7Cdincp-3%7Cdinpd-2%7Cdipgavail-true&pv=a38461a4930811eea29af23d550c2941&au=e2ee0e983bf643b392e9539be1467146,This item has no description,
https://slickdeals.net/?sdtrk=SiteSearchV2Algo1&afsrc=1&trd=Get%20Deal%20at%20Amazon&sdtid=16704875&tid=16704875&prop=diavail-true%7Cdincp-2%7Cdinpd-1%7Cdipgavail-true&pv=a7d8e13a930811ee80425a783dfab57c&au=e2ee0e983bf643b392e9539be1467146,This item has no description,
https://slickdeals.net/?sdtrk=SiteSearchV2Algo1&afsrc=1&trd=Visit%20Amazon&sdtid=16757543&tid=16757543&pno=843260&prop=diavail-true%7Cdincp-2%7Cdinpd-3%7Cdipgavail-true&pv=ac235644930811ee948832fabf77f97d&au=e2ee0e983bf643b392e9539be1467146,This item has no description,Expired Deal
