realBuyLink,description,expired
https://slickdeals.net/?sdtrk=SiteSearchV2Algo1&afsrc=1&trd=Get%20Deal%20at%20Amazon&sdtid=17135212&tid=17135212&pno=897136&prop=diavail-true%7Cdincp-3%7Cdinpd-0%7Cdipgavail-true&pv=997af766930511eebf1496e3530149c0&au=d85f1c0d3b4a4a718a892eb10b4439ac,This item has no description,
https://slickdeals.net/?sdtrk=SiteSearchV2Algo1&afsrc=1&trd=Get%20Deal%20at%20Amazon&sdtid=17130448&tid=17130448&pno=896929&prop=diavail-false%7Cdincp-0%7Cdinpd-0%7Cdipgavail-false&pv=9f3c5730930511eea5cff2b6c0bebaaf&au=d85f1c0d3b4a4a718a892eb10b4439ac,This item has no description,
https://slickdeals.net/?sdtrk=SiteSearchV2Algo1&afsrc=1&trd=Get%20Deal%20at%20Amazon&sdtid=17128375&tid=17128375&pno=896161&prop=diavail-true%7Cdincp-1%7Cdinpd-0%7Cdipgavail-false&pv=a4498748930511eeb631ba76352d654b&au=d85f1c0d3b4a4a718a892eb10b4439ac,This item has no description,
https://slickdeals.net/?sdtrk=SiteSearchV2Algo1&afsrc=1&trd=Get%20Deal%20at%20Chewy&sdtid=17137240&tid=17137240&pno=897673&prop=diavail-false%7Cdincp-0%7Cdinpd-0%7Cdipgavail-false&pv=a94fc946930511ee805426cbd3c933ad&au=d85f1c0d3b4a4a718a892eb10b4439ac,"Make your kitty’s gift unforgettable this year with a special holiday-themed Goody Box by Chewy.
This holiday Goody Box includes a penguin plush kicker toy; a pack of 10 bouncy, holiday-colored spring toys; a foldable play tunnel; and delicious treats from Temptations and Hartz Delectables. Plus, all three toys include catnip, for maxed-out holiday excitement.
Each item has been hand-picked by the pet-obsessed experts at Chewy.
Save up to 35% by bundling all these cat-approved products together.
Provides an opportunity to strengthen your bond and make this holiday the best one yet.",
https://slickdeals.net/?sdtrk=SiteSearchV2Algo1&afsrc=1&trd=Get%20Deal%20at%20Amazon&sdtid=17134882&tid=17134882&pno=897277&prop=diavail-true%7Cdincp-0%7Cdinpd-3%7Cdipgavail-false&pv=ac53e6a4930511ee81630e774cf9d669&au=d85f1c0d3b4a4a718a892eb10b4439ac,This item has no description,
https://slickdeals.net/?sdtrk=SiteSearchV2Algo1&afsrc=1&trd=Get%20Deal%20at%20Amazon&sdtid=17114413&tid=17114413&pno=894061&prop=diavail-true%7Cdincp-2%7Cdinpd-2%7Cdipgavail-true&pv=b0c3242a930511eea75d162af5eba7fc&au=d85f1c0d3b4a4a718a892eb10b4439ac,This item has no description,
https://slickdeals.net/?sdtrk=SiteSearchV2Algo1&afsrc=1&trd=Get%20Deal%20at%20Amazon&sdtid=17089717&tid=17089717&pno=891313&prop=diavail-true%7Cdincp-2%7Cdinpd-1%7Cdipgavail-true&pv=b5f3aa96930511ee99426a27e9b9ae10&au=d85f1c0d3b4a4a718a892eb10b4439ac,This item has no description,
https://slickdeals.net/?sdtrk=SiteSearchV2Algo1&afsrc=1&trd=Get%20Deal%20at%20Chewy&sdtid=17089273&tid=17089273&pno=890902&prop=diavail-true%7Cdincp-2%7Cdinpd-4%7Cdipgavail-true&pv=ba82bd72930511eeabb50e6aeaa7f2d9&au=d85f1c0d3b4a4a718a892eb10b4439ac,This item has no description,
https://slickdeals.net/?sdtrk=SiteSearchV2Algo1&afsrc=1&trd=Get%20Deal%20at%20Amazon&sdtid=17094664&tid=17094664&pno=891637&prop=diavail-true%7Cdincp-3%7Cdinpd-7%7Cdipgavail-true&pv=bf0d29ea930511ee874612735a8b63a5&au=d85f1c0d3b4a4a718a892eb10b4439ac,This item has no description,
https://slickdeals.net/?sdtrk=SiteSearchV2Algo1&afsrc=1&trd=Get%20Deal%20at%20Amazon&sdtid=17134579&tid=17134579&prop=diavail-false%7Cdincp-0%7Cdinpd-0%7Cdipgavail-false&pv=c3a5b724930511eeb0b09e46292aae40&au=d85f1c0d3b4a4a718a892eb10b4439ac,This item has no description,
https://slickdeals.net/?sdtrk=SiteSearchV2Algo1&afsrc=1&trd=Get%20Deal%20at%20Amazon&sdtid=17107951&tid=17107951&pno=893227&prop=diavail-false%7Cdincp-0%7Cdinpd-0%7Cdipgavail-false&pv=c7fbfec8930511eeba7b4e3d14269b0d&au=d85f1c0d3b4a4a718a892eb10b4439ac,This item has no description,
https://slickdeals.net/?sdtrk=SiteSearchV2Algo1&afsrc=1&trd=Get%20Deal%20at%20Amazon&sdtid=17114209&tid=17114209&prop=diavail-true%7Cdincp-1%7Cdinpd-0%7Cdipgavail-false&pv=cca784a6930511eeb2e99e6251c4153f&au=d85f1c0d3b4a4a718a892eb10b4439ac,This item has no description,
https://slickdeals.net/?sdtrk=SiteSearchV2Algo1&afsrc=1&trd=Get%20Deal%20at%20Amazon&sdtid=17072650&tid=17072650&prop=diavail-true%7Cdincp-1%7Cdinpd-0%7Cdipgavail-false&pv=d12826d4930511eebd65aea895ef3e67&au=d85f1c0d3b4a4a718a892eb10b4439ac,This item has no description,
https://slickdeals.net/?sdtrk=SiteSearchV2Algo1&afsrc=1&trd=Get%20Deal%20at%20Chewy&sdtid=17043058&tid=17043058&pno=885532&prop=diavail-false%7Cdincp-0%7Cdinpd-0%7Cdipgavail-false&pv=d596c3a6930511eea8e232155b593741&au=d85f1c0d3b4a4a718a892eb10b4439ac,This item has no description,
https://slickdeals.net/?sdtrk=SiteSearchV2Algo1&afsrc=1&trd=Get%20Deal%20at%20Amazon&sdtid=17137714&tid=17137714&prop=diavail-true%7Cdincp-2%7Cdinpd-0%7Cdipgavail-true&pv=da207e08930511ee8a5196bc129f10c7&au=d85f1c0d3b4a4a718a892eb10b4439ac,This item has no description,
https://slickdeals.net/?sdtrk=SiteSearchV2Algo1&afsrc=1&trd=Get%20Deal%20at%20Amazon&sdtid=17138209&tid=17138209&prop=diavail-false%7Cdincp-0%7Cdinpd-0%7Cdipgavail-false&pv=de7651d0930511eea8913e70e4f2813c&au=d85f1c0d3b4a4a718a892eb10b4439ac,This item has no description,
https://slickdeals.net/?sdtrk=SiteSearchV2Algo1&afsrc=1&trd=Get%20Deal%20at%20Chewy&sdtid=17099140&tid=17099140&prop=diavail-false%7Cdincp-0%7Cdinpd-0%7Cdipgavail-false&pv=e3170cac930511eebe669e51afe3efdb&au=d85f1c0d3b4a4a718a892eb10b4439ac,This item has no description,
https://slickdeals.net/?sdtrk=SiteSearchV2Algo1&afsrc=1&trd=Get%20Deal%20at%20Chewy&sdtid=17120005&tid=17120005&prop=diavail-false%7Cdincp-0%7Cdinpd-0%7Cdipgavail-false&pv=e7b5b09c930511eea60546e4c7109be0&au=d85f1c0d3b4a4a718a892eb10b4439ac,This item has no description,
https://slickdeals.net/?sdtrk=SiteSearchV2Algo1&afsrc=1&trd=Get%20Deal%20at%20Amazon&sdtid=17115916&tid=17115916&prop=diavail-true%7Cdincp-4%7Cdinpd-8%7Cdipgavail-true&pv=ec187aca930511ee9302661e7a0f8795&au=d85f1c0d3b4a4a718a892eb10b4439ac,This item has no description,
https://slickdeals.net/?sdtrk=SiteSearchV2Algo1&afsrc=1&trd=Get%20Deal%20at%20Amazon&sdtid=17085595&tid=17085595&prop=diavail-true%7Cdincp-0%7Cdinpd-2%7Cdipgavail-false&pv=f07bbac8930511eeb895c695055d1251&au=d85f1c0d3b4a4a718a892eb10b4439ac,This item has no description,
https://slickdeals.net/?sdtrk=SiteSearchV2Algo1&afsrc=1&trd=Get%20Deal%20at%20Amazon&sdtid=17135212&tid=17135212&pno=897136&prop=diavail-true%7Cdincp-3%7Cdinpd-0%7Cdipgavail-true&pv=f51784c2930511eea107264570c22ffb&au=d85f1c0d3b4a4a718a892eb10b4439ac,This item has no description,
https://slickdeals.net/?sdtrk=SiteSearchV2Algo1&afsrc=1&trd=Get%20Deal%20at%20Amazon&sdtid=17130448&tid=17130448&pno=896929&prop=diavail-false%7Cdincp-0%7Cdinpd-0%7Cdipgavail-false&pv=f9c36d6a930511eea44a3a4e4378d870&au=d85f1c0d3b4a4a718a892eb10b4439ac,This item has no description,
https://slickdeals.net/?sdtrk=SiteSearchV2Algo1&afsrc=1&trd=Get%20Deal%20at%20Amazon&sdtid=17128375&tid=17128375&pno=896161&prop=diavail-true%7Cdincp-1%7Cdinpd-0%7Cdipgavail-false&pv=fe09c8ce930511eeb7002e969d48dfac&au=d85f1c0d3b4a4a718a892eb10b4439ac,This item has no description,
https://slickdeals.net/?sdtrk=SiteSearchV2Algo1&afsrc=1&trd=Get%20Deal%20at%20Chewy&sdtid=17137240&tid=17137240&pno=897673&prop=diavail-false%7Cdincp-0%7Cdinpd-0%7Cdipgavail-false&pv=0255cf5e930611eea432aea895ef3e67&au=d85f1c0d3b4a4a718a892eb10b4439ac,"Make your kitty’s gift unforgettable this year with a special holiday-themed Goody Box by Chewy.
This holiday Goody Box includes a penguin plush kicker toy; a pack of 10 bouncy, holiday-colored spring toys; a foldable play tunnel; and delicious treats from Temptations and Hartz Delectables. Plus, all three toys include catnip, for maxed-out holiday excitement.
Each item has been hand-picked by the pet-obsessed experts at Chewy.
Save up to 35% by bundling all these cat-approved products together.
Provides an opportunity to strengthen your bond and make this holiday the best one yet.",
https://slickdeals.net/?sdtrk=SiteSearchV2Algo1&afsrc=1&trd=Get%20Deal%20at%20Amazon&sdtid=17134882&tid=17134882&pno=897277&prop=diavail-true%7Cdincp-0%7Cdinpd-3%7Cdipgavail-false&pv=04d6c59e930611ee8dd3f6836995d55b&au=d85f1c0d3b4a4a718a892eb10b4439ac,This item has no description,
https://slickdeals.net/?sdtrk=SiteSearchV2Algo1&afsrc=1&trd=Get%20Deal%20at%20Amazon&sdtid=17114413&tid=17114413&pno=894061&prop=diavail-true%7Cdincp-2%7Cdinpd-2%7Cdipgavail-true&pv=094a2aee930611ee99730e6aeaa7f2d9&au=d85f1c0d3b4a4a718a892eb10b4439ac,This item has no description,
https://slickdeals.net/?sdtrk=SiteSearchV2Algo1&afsrc=1&trd=Get%20Deal%20at%20Amazon&sdtid=17089717&tid=17089717&pno=891313&prop=diavail-true%7Cdincp-2%7Cdinpd-1%7Cdipgavail-true&pv=0da84e90930611eebd5712b6eb2019a4&au=d85f1c0d3b4a4a718a892eb10b4439ac,This item has no description,
https://slickdeals.net/?sdtrk=SiteSearchV2Algo1&afsrc=1&trd=Get%20Deal%20at%20Chewy&sdtid=17089273&tid=17089273&pno=890902&prop=diavail-true%7Cdincp-2%7Cdinpd-4%7Cdipgavail-true&pv=123a4b48930611eeb48dbafcfc572079&au=d85f1c0d3b4a4a718a892eb10b4439ac,This item has no description,
https://slickdeals.net/?sdtrk=SiteSearchV2Algo1&afsrc=1&trd=Get%20Deal%20at%20Amazon&sdtid=17094664&tid=17094664&pno=891637&prop=diavail-true%7Cdincp-3%7Cdinpd-7%7Cdipgavail-true&pv=16e4572e930611ee92a72ecf0bfff0bf&au=d85f1c0d3b4a4a718a892eb10b4439ac,This item has no description,
https://slickdeals.net/?sdtrk=SiteSearchV2Algo1&afsrc=1&trd=Get%20Deal%20at%20Amazon&sdtid=17134579&tid=17134579&prop=diavail-false%7Cdincp-0%7Cdinpd-0%7Cdipgavail-false&pv=1b45f106930611eea43a76a70f53cfb2&au=d85f1c0d3b4a4a718a892eb10b4439ac,This item has no description,
https://slickdeals.net/?sdtrk=SiteSearchV2Algo1&afsrc=1&trd=Get%20Deal%20at%20Amazon&sdtid=17107951&tid=17107951&pno=893227&prop=diavail-false%7Cdincp-0%7Cdinpd-0%7Cdipgavail-false&pv=1f8f9fe6930611eebf400e86e249807d&au=d85f1c0d3b4a4a718a892eb10b4439ac,This item has no description,
https://slickdeals.net/?sdtrk=SiteSearchV2Algo1&afsrc=1&trd=Get%20Deal%20at%20Amazon&sdtid=17114209&tid=17114209&prop=diavail-true%7Cdincp-1%7Cdinpd-0%7Cdipgavail-false&pv=23e8acc2930611ee8dde6a27e9b9ae10&au=d85f1c0d3b4a4a718a892eb10b4439ac,This item has no description,
https://slickdeals.net/?sdtrk=SiteSearchV2Algo1&afsrc=1&trd=Get%20Deal%20at%20Amazon&sdtid=17072650&tid=17072650&prop=diavail-true%7Cdincp-1%7Cdinpd-0%7Cdipgavail-false&pv=2832545e930611ee87a476a70f53cfb2&au=d85f1c0d3b4a4a718a892eb10b4439ac,This item has no description,
https://slickdeals.net/?sdtrk=SiteSearchV2Algo1&afsrc=1&trd=Get%20Deal%20at%20Chewy&sdtid=17043058&tid=17043058&pno=885532&prop=diavail-false%7Cdincp-0%7Cdinpd-0%7Cdipgavail-false&pv=2c9249e6930611eebf3f5eb20a345d12&au=d85f1c0d3b4a4a718a892eb10b4439ac,This item has no description,
https://slickdeals.net/?sdtrk=SiteSearchV2Algo1&afsrc=1&trd=Get%20Deal%20at%20Amazon&sdtid=17137714&tid=17137714&prop=diavail-true%7Cdincp-2%7Cdinpd-0%7Cdipgavail-true&pv=310900d2930611ee9970f614d5ddb5b2&au=d85f1c0d3b4a4a718a892eb10b4439ac,This item has no description,
https://slickdeals.net/?sdtrk=SiteSearchV2Algo1&afsrc=1&trd=Get%20Deal%20at%20Amazon&sdtid=17138209&tid=17138209&prop=diavail-false%7Cdincp-0%7Cdinpd-0%7Cdipgavail-false&pv=36fca1ce930611ee8544363f2c00ba5d&au=d85f1c0d3b4a4a718a892eb10b4439ac,This item has no description,
https://slickdeals.net/?sdtrk=SiteSearchV2Algo1&afsrc=1&trd=Get%20Deal%20at%20Chewy&sdtid=17099140&tid=17099140&prop=diavail-false%7Cdincp-0%7Cdinpd-0%7Cdipgavail-false&pv=3b4d9a1c930611eebb438e1f5ac956b7&au=d85f1c0d3b4a4a718a892eb10b4439ac,This item has no description,
https://slickdeals.net/?sdtrk=SiteSearchV2Algo1&afsrc=1&trd=Get%20Deal%20at%20Chewy&sdtid=17120005&tid=17120005&prop=diavail-false%7Cdincp-0%7Cdinpd-0%7Cdipgavail-false&pv=3fac213c930611eeac95be70f872a18d&au=d85f1c0d3b4a4a718a892eb10b4439ac,This item has no description,
https://slickdeals.net/?sdtrk=SiteSearchV2Algo1&afsrc=1&trd=Get%20Deal%20at%20Amazon&sdtid=17115916&tid=17115916&prop=diavail-true%7Cdincp-4%7Cdinpd-8%7Cdipgavail-true&pv=43f89eb4930611eead51fae05afd5f94&au=d85f1c0d3b4a4a718a892eb10b4439ac,This item has no description,
https://slickdeals.net/?sdtrk=SiteSearchV2Algo1&afsrc=1&trd=Get%20Deal%20at%20Amazon&sdtid=17085595&tid=17085595&prop=diavail-true%7Cdincp-0%7Cdinpd-2%7Cdipgavail-false&pv=4859cbfe930611ee893b76a70f53cfb2&au=d85f1c0d3b4a4a718a892eb10b4439ac,This item has no description,
https://slickdeals.net/?sdtrk=SiteSearchV2Algo1&afsrc=1&trd=Get%20Deal%20at%20Amazon&sdtid=17135212&tid=17135212&pno=897136&prop=diavail-true%7Cdincp-3%7Cdinpd-0%7Cdipgavail-true&pv=4c965f34930611ee869afa97e9bdbaef&au=d85f1c0d3b4a4a718a892eb10b4439ac,This item has no description,
https://slickdeals.net/?sdtrk=SiteSearchV2Algo1&afsrc=1&trd=Get%20Deal%20at%20Amazon&sdtid=17130448&tid=17130448&pno=896929&prop=diavail-false%7Cdincp-0%7Cdinpd-0%7Cdipgavail-false&pv=50ed4840930611ee90223e8a4a86d54f&au=d85f1c0d3b4a4a718a892eb10b4439ac,This item has no description,
https://slickdeals.net/?sdtrk=SiteSearchV2Algo1&afsrc=1&trd=Get%20Deal%20at%20Amazon&sdtid=17128375&tid=17128375&pno=896161&prop=diavail-true%7Cdincp-1%7Cdinpd-0%7Cdipgavail-false&pv=556344b0930611ee829fe645f6083ee1&au=d85f1c0d3b4a4a718a892eb10b4439ac,This item has no description,
https://slickdeals.net/?sdtrk=SiteSearchV2Algo1&afsrc=1&trd=Get%20Deal%20at%20Chewy&sdtid=17137240&tid=17137240&pno=897673&prop=diavail-false%7Cdincp-0%7Cdinpd-0%7Cdipgavail-false&pv=59a596ae930611ee9f5c0e86e249807d&au=d85f1c0d3b4a4a718a892eb10b4439ac,"Make your kitty’s gift unforgettable this year with a special holiday-themed Goody Box by Chewy.
This holiday Goody Box includes a penguin plush kicker toy; a pack of 10 bouncy, holiday-colored spring toys; a foldable play tunnel; and delicious treats from Temptations and Hartz Delectables. Plus, all three toys include catnip, for maxed-out holiday excitement.
Each item has been hand-picked by the pet-obsessed experts at Chewy.
Save up to 35% by bundling all these cat-approved products together.
Provides an opportunity to strengthen your bond and make this holiday the best one yet.",
https://slickdeals.net/?sdtrk=SiteSearchV2Algo1&afsrc=1&trd=Get%20Deal%20at%20Amazon&sdtid=17134882&tid=17134882&pno=897277&prop=diavail-true%7Cdincp-0%7Cdinpd-3%7Cdipgavail-false&pv=5c3c2838930611eebc1fa6d63f35ac30&au=d85f1c0d3b4a4a718a892eb10b4439ac,This item has no description,
https://slickdeals.net/?sdtrk=SiteSearchV2Algo1&afsrc=1&trd=Get%20Deal%20at%20Amazon&sdtid=17114413&tid=17114413&pno=894061&prop=diavail-true%7Cdincp-2%7Cdinpd-2%7Cdipgavail-true&pv=60cb00b8930611ee9fb68e7a0d52cbc4&au=d85f1c0d3b4a4a718a892eb10b4439ac,This item has no description,
https://slickdeals.net/?sdtrk=SiteSearchV2Algo1&afsrc=1&trd=Get%20Deal%20at%20Amazon&sdtid=17089717&tid=17089717&pno=891313&prop=diavail-true%7Cdincp-2%7Cdinpd-1%7Cdipgavail-true&pv=65433386930611ee8438aef906d31fd8&au=d85f1c0d3b4a4a718a892eb10b4439ac,This item has no description,
https://slickdeals.net/?sdtrk=SiteSearchV2Algo1&afsrc=1&trd=Get%20Deal%20at%20Chewy&sdtid=17089273&tid=17089273&pno=890902&prop=diavail-true%7Cdincp-2%7Cdinpd-4%7Cdipgavail-true&pv=69839648930611eebb8adeea9ecd979f&au=d85f1c0d3b4a4a718a892eb10b4439ac,This item has no description,
https://slickdeals.net/?sdtrk=SiteSearchV2Algo1&afsrc=1&trd=Get%20Deal%20at%20Amazon&sdtid=17094664&tid=17094664&pno=891637&prop=diavail-true%7Cdincp-3%7Cdinpd-7%7Cdipgavail-true&pv=6dd900ca930611eeb6ae9e6251c4153f&au=d85f1c0d3b4a4a718a892eb10b4439ac,This item has no description,
https://slickdeals.net/?sdtrk=SiteSearchV2Algo1&afsrc=1&trd=Get%20Deal%20at%20Amazon&sdtid=17134579&tid=17134579&prop=diavail-false%7Cdincp-0%7Cdinpd-0%7Cdipgavail-false&pv=7253d6ca930611eea62f32fabf77f97d&au=d85f1c0d3b4a4a718a892eb10b4439ac,This item has no description,
https://slickdeals.net/?sdtrk=SiteSearchV2Algo1&afsrc=1&trd=Get%20Deal%20at%20Amazon&sdtid=17107951&tid=17107951&pno=893227&prop=diavail-false%7Cdincp-0%7Cdinpd-0%7Cdipgavail-false&pv=769b014a930611ee99743e8a4a86d54f&au=d85f1c0d3b4a4a718a892eb10b4439ac,This item has no description,
https://slickdeals.net/?sdtrk=SiteSearchV2Algo1&afsrc=1&trd=Get%20Deal%20at%20Amazon&sdtid=17114209&tid=17114209&prop=diavail-true%7Cdincp-1%7Cdinpd-0%7Cdipgavail-false&pv=7adfb5d4930611eebc8c266c2775f9cb&au=d85f1c0d3b4a4a718a892eb10b4439ac,This item has no description,
https://slickdeals.net/?sdtrk=SiteSearchV2Algo1&afsrc=1&trd=Get%20Deal%20at%20Amazon&sdtid=17072650&tid=17072650&prop=diavail-true%7Cdincp-1%7Cdinpd-0%7Cdipgavail-false&pv=7f4e2e02930611eeb67732fabf77f97d&au=d85f1c0d3b4a4a718a892eb10b4439ac,This item has no description,
https://slickdeals.net/?sdtrk=SiteSearchV2Algo1&afsrc=1&trd=Get%20Deal%20at%20Chewy&sdtid=17043058&tid=17043058&pno=885532&prop=diavail-false%7Cdincp-0%7Cdinpd-0%7Cdipgavail-false&pv=83c49462930611eeb4b012b6eb2019a4&au=d85f1c0d3b4a4a718a892eb10b4439ac,This item has no description,
https://slickdeals.net/?sdtrk=SiteSearchV2Algo1&afsrc=1&trd=Get%20Deal%20at%20Amazon&sdtid=17137714&tid=17137714&prop=diavail-true%7Cdincp-2%7Cdinpd-0%7Cdipgavail-true&pv=8838d684930611ee8a110e774cf9d669&au=d85f1c0d3b4a4a718a892eb10b4439ac,This item has no description,
https://slickdeals.net/?sdtrk=SiteSearchV2Algo1&afsrc=1&trd=Get%20Deal%20at%20Amazon&sdtid=17138209&tid=17138209&prop=diavail-false%7Cdincp-0%7Cdinpd-0%7Cdipgavail-false&pv=8c80aec4930611eea860bafcfc572079&au=d85f1c0d3b4a4a718a892eb10b4439ac,This item has no description,
https://slickdeals.net/?sdtrk=SiteSearchV2Algo1&afsrc=1&trd=Get%20Deal%20at%20Chewy&sdtid=17099140&tid=17099140&prop=diavail-false%7Cdincp-0%7Cdinpd-0%7Cdipgavail-false&pv=90f0e1b8930611ee829f668ace3e3677&au=d85f1c0d3b4a4a718a892eb10b4439ac,This item has no description,
https://slickdeals.net/?sdtrk=SiteSearchV2Algo1&afsrc=1&trd=Get%20Deal%20at%20Chewy&sdtid=17120005&tid=17120005&prop=diavail-false%7Cdincp-0%7Cdinpd-0%7Cdipgavail-false&pv=9553c31a930611ee91f57e9685b86d34&au=d85f1c0d3b4a4a718a892eb10b4439ac,This item has no description,
https://slickdeals.net/?sdtrk=SiteSearchV2Algo1&afsrc=1&trd=Get%20Deal%20at%20Amazon&sdtid=17115916&tid=17115916&prop=diavail-true%7Cdincp-4%7Cdinpd-8%7Cdipgavail-true&pv=99caf4ae930611ee98c942e834a7e014&au=d85f1c0d3b4a4a718a892eb10b4439ac,This item has no description,
https://slickdeals.net/?sdtrk=SiteSearchV2Algo1&afsrc=1&trd=Get%20Deal%20at%20Amazon&sdtid=17063311&tid=17063311&prop=diavail-true%7Cdincp-1%7Cdinpd-1%7Cdipgavail-false&pv=9e3c0cd0930611ee8a693ae2af341a1d&au=d85f1c0d3b4a4a718a892eb10b4439ac,This item has no description,
https://slickdeals.net/?sdtrk=SiteSearchV2Algo1&afsrc=1&trd=Get%20Deal%20at%20Amazon&sdtid=17135212&tid=17135212&pno=897136&prop=diavail-true%7Cdincp-3%7Cdinpd-0%7Cdipgavail-true&pv=a2e86512930611eea9b932fabf77f97d&au=d85f1c0d3b4a4a718a892eb10b4439ac,This item has no description,
https://slickdeals.net/?sdtrk=SiteSearchV2Algo1&afsrc=1&trd=Get%20Deal%20at%20Amazon&sdtid=17130448&tid=17130448&pno=896929&prop=diavail-false%7Cdincp-0%7Cdinpd-0%7Cdipgavail-false&pv=a7784aac930611ee9476f23d550c2941&au=d85f1c0d3b4a4a718a892eb10b4439ac,This item has no description,
https://slickdeals.net/?sdtrk=SiteSearchV2Algo1&afsrc=1&trd=Get%20Deal%20at%20Amazon&sdtid=17128375&tid=17128375&pno=896161&prop=diavail-true%7Cdincp-1%7Cdinpd-0%7Cdipgavail-false&pv=abdcac78930611eeabf3d28e2e2cc546&au=d85f1c0d3b4a4a718a892eb10b4439ac,This item has no description,
https://slickdeals.net/?sdtrk=SiteSearchV2Algo1&afsrc=1&trd=Get%20Deal%20at%20Chewy&sdtid=17137240&tid=17137240&pno=897673&prop=diavail-false%7Cdincp-0%7Cdinpd-0%7Cdipgavail-false&pv=b03b09ea930611ee93df362f91a0a8f9&au=d85f1c0d3b4a4a718a892eb10b4439ac,"Make your kitty’s gift unforgettable this year with a special holiday-themed Goody Box by Chewy.
This holiday Goody Box includes a penguin plush kicker toy; a pack of 10 bouncy, holiday-colored spring toys; a foldable play tunnel; and delicious treats from Temptations and Hartz Delectables. Plus, all three toys include catnip, for maxed-out holiday excitement.
Each item has been hand-picked by the pet-obsessed experts at Chewy.
Save up to 35% by bundling all these cat-approved products together.
Provides an opportunity to strengthen your bond and make this holiday the best one yet.",
https://slickdeals.net/?sdtrk=SiteSearchV2Algo1&afsrc=1&trd=Get%20Deal%20at%20Amazon&sdtid=17134882&tid=17134882&pno=897277&prop=diavail-true%7Cdincp-0%7Cdinpd-3%7Cdipgavail-false&pv=b2c2b104930611ee902f868ec6c9cf1a&au=d85f1c0d3b4a4a718a892eb10b4439ac,This item has no description,
https://slickdeals.net/?sdtrk=SiteSearchV2Algo1&afsrc=1&trd=Get%20Deal%20at%20Amazon&sdtid=17114413&tid=17114413&pno=894061&prop=diavail-true%7Cdincp-2%7Cdinpd-2%7Cdipgavail-true&pv=b73196e2930611ee94681ecc22d9047b&au=d85f1c0d3b4a4a718a892eb10b4439ac,This item has no description,
https://slickdeals.net/?sdtrk=SiteSearchV2Algo1&afsrc=1&trd=Get%20Deal%20at%20Amazon&sdtid=17089717&tid=17089717&pno=891313&prop=diavail-true%7Cdincp-2%7Cdinpd-1%7Cdipgavail-true&pv=bbd3a852930611eeba0f0ab13a408f6d&au=d85f1c0d3b4a4a718a892eb10b4439ac,This item has no description,
https://slickdeals.net/?sdtrk=SiteSearchV2Algo1&afsrc=1&trd=Get%20Deal%20at%20Chewy&sdtid=17089273&tid=17089273&pno=890902&prop=diavail-true%7Cdincp-2%7Cdinpd-4%7Cdipgavail-true&pv=c05e98b4930611eeaf3052d99aef8a32&au=d85f1c0d3b4a4a718a892eb10b4439ac,This item has no description,
https://slickdeals.net/?sdtrk=SiteSearchV2Algo1&afsrc=1&trd=Get%20Deal%20at%20Amazon&sdtid=17094664&tid=17094664&pno=891637&prop=diavail-true%7Cdincp-3%7Cdinpd-7%7Cdipgavail-true&pv=c4ab7090930611eebfe44e42ddacaef7&au=d85f1c0d3b4a4a718a892eb10b4439ac,This item has no description,
https://slickdeals.net/?sdtrk=SiteSearchV2Algo1&afsrc=1&trd=Get%20Deal%20at%20Amazon&sdtid=17134579&tid=17134579&prop=diavail-false%7Cdincp-0%7Cdinpd-0%7Cdipgavail-false&pv=c9064278930611eea1aadee7c78a78dc&au=d85f1c0d3b4a4a718a892eb10b4439ac,This item has no description,
https://slickdeals.net/?sdtrk=SiteSearchV2Algo1&afsrc=1&trd=Get%20Deal%20at%20Amazon&sdtid=17107951&tid=17107951&pno=893227&prop=diavail-false%7Cdincp-0%7Cdinpd-0%7Cdipgavail-false&pv=cd4be81a930611eea1d3ae84f36f74ac&au=d85f1c0d3b4a4a718a892eb10b4439ac,This item has no description,
https://slickdeals.net/?sdtrk=SiteSearchV2Algo1&afsrc=1&trd=Get%20Deal%20at%20Amazon&sdtid=17114209&tid=17114209&prop=diavail-true%7Cdincp-1%7Cdinpd-0%7Cdipgavail-false&pv=d1b946b8930611ee8abb3ebc8cc252b3&au=d85f1c0d3b4a4a718a892eb10b4439ac,This item has no description,
https://slickdeals.net/?sdtrk=SiteSearchV2Algo1&afsrc=1&trd=Get%20Deal%20at%20Amazon&sdtid=17072650&tid=17072650&prop=diavail-true%7Cdincp-1%7Cdinpd-0%7Cdipgavail-false&pv=d5e7ca3e930611eea1310e6aeaa7f2d9&au=d85f1c0d3b4a4a718a892eb10b4439ac,This item has no description,
https://slickdeals.net/?sdtrk=SiteSearchV2Algo1&afsrc=1&trd=Get%20Deal%20at%20Chewy&sdtid=17043058&tid=17043058&pno=885532&prop=diavail-false%7Cdincp-0%7Cdinpd-0%7Cdipgavail-false&pv=da3f037c930611eeadf9aa569a0b14b4&au=d85f1c0d3b4a4a718a892eb10b4439ac,This item has no description,
https://slickdeals.net/?sdtrk=SiteSearchV2Algo1&afsrc=1&trd=Get%20Deal%20at%20Amazon&sdtid=17137714&tid=17137714&prop=diavail-true%7Cdincp-2%7Cdinpd-0%7Cdipgavail-true&pv=dec853ee930611eebc5b9ad162da6e65&au=d85f1c0d3b4a4a718a892eb10b4439ac,This item has no description,
https://slickdeals.net/?sdtrk=SiteSearchV2Algo1&afsrc=1&trd=Get%20Deal%20at%20Amazon&sdtid=17138209&tid=17138209&prop=diavail-false%7Cdincp-0%7Cdinpd-0%7Cdipgavail-false&pv=e320b6f2930611ee918eb624ff9acd3a&au=d85f1c0d3b4a4a718a892eb10b4439ac,This item has no description,
https://slickdeals.net/?sdtrk=SiteSearchV2Algo1&afsrc=1&trd=Get%20Deal%20at%20Chewy&sdtid=17099140&tid=17099140&prop=diavail-false%7Cdincp-0%7Cdinpd-0%7Cdipgavail-false&pv=e77b7138930611ee8f440e6aeaa7f2d9&au=d85f1c0d3b4a4a718a892eb10b4439ac,This item has no description,
https://slickdeals.net/?sdtrk=SiteSearchV2Algo1&afsrc=1&trd=Get%20Deal%20at%20Chewy&sdtid=17120005&tid=17120005&prop=diavail-false%7Cdincp-0%7Cdinpd-0%7Cdipgavail-false&pv=ebd798e2930611ee9542d2917961b292&au=d85f1c0d3b4a4a718a892eb10b4439ac,This item has no description,
https://slickdeals.net/?sdtrk=SiteSearchV2Algo1&afsrc=1&trd=Get%20Deal%20at%20Amazon&sdtid=17115916&tid=17115916&prop=diavail-true%7Cdincp-4%7Cdinpd-8%7Cdipgavail-true&pv=f01faaac930611ee9941f23d550c2941&au=d85f1c0d3b4a4a718a892eb10b4439ac,This item has no description,
https://slickdeals.net/?sdtrk=SiteSearchV2Algo1&afsrc=1&trd=Get%20Deal%20at%20Amazon&sdtid=17063311&tid=17063311&prop=diavail-true%7Cdincp-1%7Cdinpd-1%7Cdipgavail-false&pv=f474ef5e930611eeabb316284d3f4263&au=d85f1c0d3b4a4a718a892eb10b4439ac,This item has no description,
https://slickdeals.net/?sdtrk=SiteSearchV2Algo1&afsrc=1&trd=Get%20Deal%20at%20Amazon&sdtid=17135212&tid=17135212&pno=897136&prop=diavail-true%7Cdincp-3%7Cdinpd-0%7Cdipgavail-true&pv=f8ca7948930611eea2a29ee15ae9a4c5&au=d85f1c0d3b4a4a718a892eb10b4439ac,This item has no description,
https://slickdeals.net/?sdtrk=SiteSearchV2Algo1&afsrc=1&trd=Get%20Deal%20at%20Amazon&sdtid=17130448&tid=17130448&pno=896929&prop=diavail-false%7Cdincp-0%7Cdinpd-0%7Cdipgavail-false&pv=fd267276930611eea2cb52891ca1aa11&au=d85f1c0d3b4a4a718a892eb10b4439ac,This item has no description,
https://slickdeals.net/?sdtrk=SiteSearchV2Algo1&afsrc=1&trd=Get%20Deal%20at%20Amazon&sdtid=17128375&tid=17128375&pno=896161&prop=diavail-true%7Cdincp-1%7Cdinpd-0%7Cdipgavail-false&pv=0179edc6930711ee9463be70f872a18d&au=d85f1c0d3b4a4a718a892eb10b4439ac,This item has no description,
https://slickdeals.net/?sdtrk=SiteSearchV2Algo1&afsrc=1&trd=Get%20Deal%20at%20Chewy&sdtid=17137240&tid=17137240&pno=897673&prop=diavail-false%7Cdincp-0%7Cdinpd-0%7Cdipgavail-false&pv=05c9a722930711ee8b777a1b1e43ba39&au=d85f1c0d3b4a4a718a892eb10b4439ac,"Make your kitty’s gift unforgettable this year with a special holiday-themed Goody Box by Chewy.
This holiday Goody Box includes a penguin plush kicker toy; a pack of 10 bouncy, holiday-colored spring toys; a foldable play tunnel; and delicious treats from Temptations and Hartz Delectables. Plus, all three toys include catnip, for maxed-out holiday excitement.
Each item has been hand-picked by the pet-obsessed experts at Chewy.
Save up to 35% by bundling all these cat-approved products together.
Provides an opportunity to strengthen your bond and make this holiday the best one yet.",
https://slickdeals.net/?sdtrk=SiteSearchV2Algo1&afsrc=1&trd=Get%20Deal%20at%20Amazon&sdtid=17134882&tid=17134882&pno=897277&prop=diavail-true%7Cdincp-0%7Cdinpd-3%7Cdipgavail-false&pv=08474586930711eeaeb3f6f2c7d713a0&au=d85f1c0d3b4a4a718a892eb10b4439ac,This item has no description,
https://slickdeals.net/?sdtrk=SiteSearchV2Algo1&afsrc=1&trd=Get%20Deal%20at%20Amazon&sdtid=17114413&tid=17114413&pno=894061&prop=diavail-true%7Cdincp-2%7Cdinpd-2%7Cdipgavail-true&pv=0caa706c930711ee8a352a34d537341f&au=d85f1c0d3b4a4a718a892eb10b4439ac,This item has no description,
https://slickdeals.net/?sdtrk=SiteSearchV2Algo1&afsrc=1&trd=Get%20Deal%20at%20Amazon&sdtid=17089717&tid=17089717&pno=891313&prop=diavail-true%7Cdincp-2%7Cdinpd-1%7Cdipgavail-true&pv=10e0cb04930711ee8b266631cc1e7523&au=d85f1c0d3b4a4a718a892eb10b4439ac,This item has no description,
https://slickdeals.net/?sdtrk=SiteSearchV2Algo1&afsrc=1&trd=Get%20Deal%20at%20Chewy&sdtid=17089273&tid=17089273&pno=890902&prop=diavail-true%7Cdincp-2%7Cdinpd-4%7Cdipgavail-true&pv=152dda8a930711ee835d2a34d537341f&au=d85f1c0d3b4a4a718a892eb10b4439ac,This item has no description,
https://slickdeals.net/?sdtrk=SiteSearchV2Algo1&afsrc=1&trd=Get%20Deal%20at%20Amazon&sdtid=17094664&tid=17094664&pno=891637&prop=diavail-true%7Cdincp-3%7Cdinpd-7%7Cdipgavail-true&pv=19a3d826930711eea226fa97e9bdbaef&au=d85f1c0d3b4a4a718a892eb10b4439ac,This item has no description,
https://slickdeals.net/?sdtrk=SiteSearchV2Algo1&afsrc=1&trd=Get%20Deal%20at%20Amazon&sdtid=17134579&tid=17134579&prop=diavail-false%7Cdincp-0%7Cdinpd-0%7Cdipgavail-false&pv=1e4f317c930711ee97b312b6eb2019a4&au=d85f1c0d3b4a4a718a892eb10b4439ac,This item has no description,
https://slickdeals.net/?sdtrk=SiteSearchV2Algo1&afsrc=1&trd=Get%20Deal%20at%20Amazon&sdtid=17107951&tid=17107951&pno=893227&prop=diavail-false%7Cdincp-0%7Cdinpd-0%7Cdipgavail-false&pv=22a3d840930711ee809036a3be4491b7&au=d85f1c0d3b4a4a718a892eb10b4439ac,This item has no description,
https://slickdeals.net/?sdtrk=SiteSearchV2Algo1&afsrc=1&trd=Get%20Deal%20at%20Amazon&sdtid=17114209&tid=17114209&prop=diavail-true%7Cdincp-1%7Cdinpd-0%7Cdipgavail-false&pv=26eb2f3e930711ee8101b624ff9acd3a&au=d85f1c0d3b4a4a718a892eb10b4439ac,This item has no description,
https://slickdeals.net/?sdtrk=SiteSearchV2Algo1&afsrc=1&trd=Get%20Deal%20at%20Amazon&sdtid=17072650&tid=17072650&prop=diavail-true%7Cdincp-1%7Cdinpd-0%7Cdipgavail-false&pv=2b3488f6930711ee9a7a8e47b639583f&au=d85f1c0d3b4a4a718a892eb10b4439ac,This item has no description,
https://slickdeals.net/?sdtrk=SiteSearchV2Algo1&afsrc=1&trd=Get%20Deal%20at%20Chewy&sdtid=17043058&tid=17043058&pno=885532&prop=diavail-false%7Cdincp-0%7Cdinpd-0%7Cdipgavail-false&pv=2f720ec0930711eeb5397eba4bb8dbe8&au=d85f1c0d3b4a4a718a892eb10b4439ac,This item has no description,
https://slickdeals.net/?sdtrk=SiteSearchV2Algo1&afsrc=1&trd=Get%20Deal%20at%20Amazon&sdtid=17137714&tid=17137714&prop=diavail-true%7Cdincp-2%7Cdinpd-0%7Cdipgavail-true&pv=33b93c2e930711ee986fdee7c78a78dc&au=d85f1c0d3b4a4a718a892eb10b4439ac,This item has no description,
https://slickdeals.net/?sdtrk=SiteSearchV2Algo1&afsrc=1&trd=Get%20Deal%20at%20Amazon&sdtid=17138209&tid=17138209&prop=diavail-false%7Cdincp-0%7Cdinpd-0%7Cdipgavail-false&pv=382e2e9a930711ee8244668ace3e3677&au=d85f1c0d3b4a4a718a892eb10b4439ac,This item has no description,
https://slickdeals.net/?sdtrk=SiteSearchV2Algo1&afsrc=1&trd=Get%20Deal%20at%20Chewy&sdtid=17099140&tid=17099140&prop=diavail-false%7Cdincp-0%7Cdinpd-0%7Cdipgavail-false&pv=3c7a5af0930711eebd10c2ead178cde8&au=d85f1c0d3b4a4a718a892eb10b4439ac,This item has no description,
https://slickdeals.net/?sdtrk=SiteSearchV2Algo1&afsrc=1&trd=Get%20Deal%20at%20Chewy&sdtid=17120005&tid=17120005&prop=diavail-false%7Cdincp-0%7Cdinpd-0%7Cdipgavail-false&pv=40c44198930711ee82a3e2ff9c0aef19&au=d85f1c0d3b4a4a718a892eb10b4439ac,This item has no description,
https://slickdeals.net/?sdtrk=SiteSearchV2Algo1&afsrc=1&trd=Get%20Deal%20at%20Amazon&sdtid=17115916&tid=17115916&prop=diavail-true%7Cdincp-4%7Cdinpd-8%7Cdipgavail-true&pv=45037fda930711ee8623d289d02817d7&au=d85f1c0d3b4a4a718a892eb10b4439ac,This item has no description,
https://slickdeals.net/?sdtrk=SiteSearchV2Algo1&afsrc=1&trd=Get%20Deal%20at%20Amazon&sdtid=17063311&tid=17063311&prop=diavail-true%7Cdincp-1%7Cdinpd-1%7Cdipgavail-false&pv=495177c2930711ee873326bedd00fd3a&au=d85f1c0d3b4a4a718a892eb10b4439ac,This item has no description,
https://slickdeals.net/?sdtrk=SiteSearchV2Algo1&afsrc=1&trd=Get%20Deal%20at%20Amazon&sdtid=17135212&tid=17135212&pno=897136&prop=diavail-true%7Cdincp-3%7Cdinpd-0%7Cdipgavail-true&pv=4d8c1d42930711ee87f6162af5eba7fc&au=d85f1c0d3b4a4a718a892eb10b4439ac,This item has no description,
https://slickdeals.net/?sdtrk=SiteSearchV2Algo1&afsrc=1&trd=Get%20Deal%20at%20Amazon&sdtid=17130448&tid=17130448&pno=896929&prop=diavail-false%7Cdincp-0%7Cdinpd-0%7Cdipgavail-false&pv=520a42d6930711eeb0d4ee446ae44d1d&au=d85f1c0d3b4a4a718a892eb10b4439ac,This item has no description,
https://slickdeals.net/?sdtrk=SiteSearchV2Algo1&afsrc=1&trd=Get%20Deal%20at%20Amazon&sdtid=17128375&tid=17128375&pno=896161&prop=diavail-true%7Cdincp-1%7Cdinpd-0%7Cdipgavail-false&pv=567ca7e6930711ee811a162af5eba7fc&au=d85f1c0d3b4a4a718a892eb10b4439ac,This item has no description,
https://slickdeals.net/?sdtrk=SiteSearchV2Algo1&afsrc=1&trd=Get%20Deal%20at%20Chewy&sdtid=17137240&tid=17137240&pno=897673&prop=diavail-false%7Cdincp-0%7Cdinpd-0%7Cdipgavail-false&pv=5aec6cee930711eea36fb2d9063b0fb6&au=d85f1c0d3b4a4a718a892eb10b4439ac,"Make your kitty’s gift unforgettable this year with a special holiday-themed Goody Box by Chewy.
This holiday Goody Box includes a penguin plush kicker toy; a pack of 10 bouncy, holiday-colored spring toys; a foldable play tunnel; and delicious treats from Temptations and Hartz Delectables. Plus, all three toys include catnip, for maxed-out holiday excitement.
Each item has been hand-picked by the pet-obsessed experts at Chewy.
Save up to 35% by bundling all these cat-approved products together.
Provides an opportunity to strengthen your bond and make this holiday the best one yet.",
https://slickdeals.net/?sdtrk=SiteSearchV2Algo1&afsrc=1&trd=Get%20Deal%20at%20Amazon&sdtid=17134882&tid=17134882&pno=897277&prop=diavail-true%7Cdincp-0%7Cdinpd-3%7Cdipgavail-false&pv=630b0444930711ee8c5812b6eb2019a4&au=d85f1c0d3b4a4a718a892eb10b4439ac,This item has no description,
https://slickdeals.net/?sdtrk=SiteSearchV2Algo1&afsrc=1&trd=Get%20Deal%20at%20Amazon&sdtid=17114413&tid=17114413&pno=894061&prop=diavail-true%7Cdincp-2%7Cdinpd-2%7Cdipgavail-true&pv=677460ca930711ee940e36a3be4491b7&au=d85f1c0d3b4a4a718a892eb10b4439ac,This item has no description,
https://slickdeals.net/?sdtrk=SiteSearchV2Algo1&afsrc=1&trd=Get%20Deal%20at%20Amazon&sdtid=17089717&tid=17089717&pno=891313&prop=diavail-true%7Cdincp-2%7Cdinpd-1%7Cdipgavail-true&pv=6c06e46e930711eeab16d2917961b292&au=d85f1c0d3b4a4a718a892eb10b4439ac,This item has no description,
https://slickdeals.net/?sdtrk=SiteSearchV2Algo1&afsrc=1&trd=Get%20Deal%20at%20Chewy&sdtid=17089273&tid=17089273&pno=890902&prop=diavail-true%7Cdincp-2%7Cdinpd-4%7Cdipgavail-true&pv=706a8c2c930711eeae98c2ead178cde8&au=d85f1c0d3b4a4a718a892eb10b4439ac,This item has no description,
https://slickdeals.net/?sdtrk=SiteSearchV2Algo1&afsrc=1&trd=Get%20Deal%20at%20Amazon&sdtid=17094664&tid=17094664&pno=891637&prop=diavail-true%7Cdincp-3%7Cdinpd-7%7Cdipgavail-true&pv=74c19036930711ee99342ecfd3424a6c&au=d85f1c0d3b4a4a718a892eb10b4439ac,This item has no description,
https://slickdeals.net/?sdtrk=SiteSearchV2Algo1&afsrc=1&trd=Get%20Deal%20at%20Amazon&sdtid=17134579&tid=17134579&prop=diavail-false%7Cdincp-0%7Cdinpd-0%7Cdipgavail-false&pv=792a1a44930711eea946b213d4e1265c&au=d85f1c0d3b4a4a718a892eb10b4439ac,This item has no description,
https://slickdeals.net/?sdtrk=SiteSearchV2Algo1&afsrc=1&trd=Get%20Deal%20at%20Amazon&sdtid=17107951&tid=17107951&pno=893227&prop=diavail-false%7Cdincp-0%7Cdinpd-0%7Cdipgavail-false&pv=7d728834930711ee82879a140b1569d6&au=d85f1c0d3b4a4a718a892eb10b4439ac,This item has no description,
https://slickdeals.net/?sdtrk=SiteSearchV2Algo1&afsrc=1&trd=Get%20Deal%20at%20Amazon&sdtid=17114209&tid=17114209&prop=diavail-true%7Cdincp-1%7Cdinpd-0%7Cdipgavail-false&pv=81d23352930711eea41fdeea9ecd979f&au=d85f1c0d3b4a4a718a892eb10b4439ac,This item has no description,
https://slickdeals.net/?sdtrk=SiteSearchV2Algo1&afsrc=1&trd=Get%20Deal%20at%20Amazon&sdtid=17072650&tid=17072650&prop=diavail-true%7Cdincp-1%7Cdinpd-0%7Cdipgavail-false&pv=862b49f2930711eebf789e46292aae40&au=d85f1c0d3b4a4a718a892eb10b4439ac,This item has no description,
https://slickdeals.net/?sdtrk=SiteSearchV2Algo1&afsrc=1&trd=Get%20Deal%20at%20Chewy&sdtid=17043058&tid=17043058&pno=885532&prop=diavail-false%7Cdincp-0%7Cdinpd-0%7Cdipgavail-false&pv=8a6f26fa930711eeba477e1fa6f2e8ad&au=d85f1c0d3b4a4a718a892eb10b4439ac,This item has no description,
https://slickdeals.net/?sdtrk=SiteSearchV2Algo1&afsrc=1&trd=Get%20Deal%20at%20Amazon&sdtid=17137714&tid=17137714&prop=diavail-true%7Cdincp-2%7Cdinpd-0%7Cdipgavail-true&pv=8ed07f50930711ee9e180e86e249807d&au=d85f1c0d3b4a4a718a892eb10b4439ac,This item has no description,
https://slickdeals.net/?sdtrk=SiteSearchV2Algo1&afsrc=1&trd=Get%20Deal%20at%20Amazon&sdtid=17138209&tid=17138209&prop=diavail-false%7Cdincp-0%7Cdinpd-0%7Cdipgavail-false&pv=932900d6930711ee9d841a5de5c8a3b2&au=d85f1c0d3b4a4a718a892eb10b4439ac,This item has no description,
https://slickdeals.net/?sdtrk=SiteSearchV2Algo1&afsrc=1&trd=Get%20Deal%20at%20Chewy&sdtid=17099140&tid=17099140&prop=diavail-false%7Cdincp-0%7Cdinpd-0%7Cdipgavail-false&pv=97682988930711eeb056aa402ec8805f&au=d85f1c0d3b4a4a718a892eb10b4439ac,This item has no description,
https://slickdeals.net/?sdtrk=SiteSearchV2Algo1&afsrc=1&trd=Get%20Deal%20at%20Chewy&sdtid=17120005&tid=17120005&prop=diavail-false%7Cdincp-0%7Cdinpd-0%7Cdipgavail-false&pv=9b8e5960930711ee8629ced5612574d3&au=d85f1c0d3b4a4a718a892eb10b4439ac,This item has no description,
https://slickdeals.net/?sdtrk=SiteSearchV2Algo1&afsrc=1&trd=Get%20Deal%20at%20Amazon&sdtid=17115916&tid=17115916&prop=diavail-true%7Cdincp-4%7Cdinpd-8%7Cdipgavail-true&pv=a03d2d6a930711eeb398da2417169e40&au=d85f1c0d3b4a4a718a892eb10b4439ac,This item has no description,
https://slickdeals.net/?sdtrk=SiteSearchV2Algo1&afsrc=1&trd=Get%20Deal%20at%20Amazon&sdtid=17085595&tid=17085595&prop=diavail-true%7Cdincp-0%7Cdinpd-2%7Cdipgavail-false&pv=a5328766930711ee9073f23d550c2941&au=d85f1c0d3b4a4a718a892eb10b4439ac,This item has no description,
https://slickdeals.net/?sdtrk=SiteSearchV2Algo1&afsrc=1&trd=Get%20Deal%20at%20Amazon&sdtid=17135212&tid=17135212&pno=897136&prop=diavail-true%7Cdincp-3%7Cdinpd-0%7Cdipgavail-true&pv=aa53bad0930711ee8eb5362f91a0a8f9&au=d85f1c0d3b4a4a718a892eb10b4439ac,This item has no description,
https://slickdeals.net/?sdtrk=SiteSearchV2Algo1&afsrc=1&trd=Get%20Deal%20at%20Amazon&sdtid=17130448&tid=17130448&pno=896929&prop=diavail-false%7Cdincp-0%7Cdinpd-0%7Cdipgavail-false&pv=af3fe1b8930711eeaa35a6d63f35ac30&au=d85f1c0d3b4a4a718a892eb10b4439ac,This item has no description,
https://slickdeals.net/?sdtrk=SiteSearchV2Algo1&afsrc=1&trd=Get%20Deal%20at%20Amazon&sdtid=17128375&tid=17128375&pno=896161&prop=diavail-true%7Cdincp-1%7Cdinpd-0%7Cdipgavail-false&pv=b41c55d6930711ee97e2e281b58694f9&au=d85f1c0d3b4a4a718a892eb10b4439ac,This item has no description,
https://slickdeals.net/?sdtrk=SiteSearchV2Algo1&afsrc=1&trd=Get%20Deal%20at%20Chewy&sdtid=17137240&tid=17137240&pno=897673&prop=diavail-false%7Cdincp-0%7Cdinpd-0%7Cdipgavail-false&pv=b8eb5d78930711ee96a0aec59e3f4e02&au=d85f1c0d3b4a4a718a892eb10b4439ac,"Make your kitty’s gift unforgettable this year with a special holiday-themed Goody Box by Chewy.
This holiday Goody Box includes a penguin plush kicker toy; a pack of 10 bouncy, holiday-colored spring toys; a foldable play tunnel; and delicious treats from Temptations and Hartz Delectables. Plus, all three toys include catnip, for maxed-out holiday excitement.
Each item has been hand-picked by the pet-obsessed experts at Chewy.
Save up to 35% by bundling all these cat-approved products together.
Provides an opportunity to strengthen your bond and make this holiday the best one yet.",
https://slickdeals.net/?sdtrk=SiteSearchV2Algo1&afsrc=1&trd=Get%20Deal%20at%20Amazon&sdtid=17134882&tid=17134882&pno=897277&prop=diavail-true%7Cdincp-0%7Cdinpd-3%7Cdipgavail-false&pv=bc0141d0930711eea0c3065367ff376c&au=d85f1c0d3b4a4a718a892eb10b4439ac,This item has no description,
https://slickdeals.net/?sdtrk=SiteSearchV2Algo1&afsrc=1&trd=Get%20Deal%20at%20Amazon&sdtid=17114413&tid=17114413&pno=894061&prop=diavail-true%7Cdincp-2%7Cdinpd-2%7Cdipgavail-true&pv=c12b08b2930711eeb2e5967b084cc5f5&au=d85f1c0d3b4a4a718a892eb10b4439ac,This item has no description,
https://slickdeals.net/?sdtrk=SiteSearchV2Algo1&afsrc=1&trd=Get%20Deal%20at%20Amazon&sdtid=17089717&tid=17089717&pno=891313&prop=diavail-true%7Cdincp-2%7Cdinpd-1%7Cdipgavail-true&pv=c6033eea930711eebe7e9277d926bb46&au=d85f1c0d3b4a4a718a892eb10b4439ac,This item has no description,
https://slickdeals.net/?sdtrk=SiteSearchV2Algo1&afsrc=1&trd=Get%20Deal%20at%20Chewy&sdtid=17089273&tid=17089273&pno=890902&prop=diavail-true%7Cdincp-2%7Cdinpd-4%7Cdipgavail-true&pv=caeb8548930711ee89b1f6836995d55b&au=d85f1c0d3b4a4a718a892eb10b4439ac,This item has no description,
https://slickdeals.net/?sdtrk=SiteSearchV2Algo1&afsrc=1&trd=Get%20Deal%20at%20Amazon&sdtid=17094664&tid=17094664&pno=891637&prop=diavail-true%7Cdincp-3%7Cdinpd-7%7Cdipgavail-true&pv=d1d29644930711ee8556266c2775f9cb&au=d85f1c0d3b4a4a718a892eb10b4439ac,This item has no description,
https://slickdeals.net/?sdtrk=SiteSearchV2Algo1&afsrc=1&trd=Get%20Deal%20at%20Amazon&sdtid=17134579&tid=17134579&prop=diavail-false%7Cdincp-0%7Cdinpd-0%7Cdipgavail-false&pv=d6c80058930711eeb82e9277d926bb46&au=d85f1c0d3b4a4a718a892eb10b4439ac,This item has no description,
https://slickdeals.net/?sdtrk=SiteSearchV2Algo1&afsrc=1&trd=Get%20Deal%20at%20Amazon&sdtid=17107951&tid=17107951&pno=893227&prop=diavail-false%7Cdincp-0%7Cdinpd-0%7Cdipgavail-false&pv=db5aed4c930711eeafd5d28e2e2cc546&au=d85f1c0d3b4a4a718a892eb10b4439ac,This item has no description,
https://slickdeals.net/?sdtrk=SiteSearchV2Algo1&afsrc=1&trd=Get%20Deal%20at%20Amazon&sdtid=17114209&tid=17114209&prop=diavail-true%7Cdincp-1%7Cdinpd-0%7Cdipgavail-false&pv=e0836452930711eea8a25a85c909964f&au=d85f1c0d3b4a4a718a892eb10b4439ac,This item has no description,
https://slickdeals.net/?sdtrk=SiteSearchV2Algo1&afsrc=1&trd=Get%20Deal%20at%20Amazon&sdtid=17072650&tid=17072650&prop=diavail-true%7Cdincp-1%7Cdinpd-0%7Cdipgavail-false&pv=e5524570930711ee9768deea9ecd979f&au=d85f1c0d3b4a4a718a892eb10b4439ac,This item has no description,
https://slickdeals.net/?sdtrk=SiteSearchV2Algo1&afsrc=1&trd=Get%20Deal%20at%20Chewy&sdtid=17043058&tid=17043058&pno=885532&prop=diavail-false%7Cdincp-0%7Cdinpd-0%7Cdipgavail-false&pv=e9f4c1c0930711ee8ce98e1f5ac956b7&au=d85f1c0d3b4a4a718a892eb10b4439ac,This item has no description,
https://slickdeals.net/?sdtrk=SiteSearchV2Algo1&afsrc=1&trd=Get%20Deal%20at%20Amazon&sdtid=17137714&tid=17137714&prop=diavail-true%7Cdincp-2%7Cdinpd-0%7Cdipgavail-true&pv=eee9b3ac930711eead036ea02c65049f&au=d85f1c0d3b4a4a718a892eb10b4439ac,This item has no description,
https://slickdeals.net/?sdtrk=SiteSearchV2Algo1&afsrc=1&trd=Get%20Deal%20at%20Amazon&sdtid=17138209&tid=17138209&prop=diavail-false%7Cdincp-0%7Cdinpd-0%7Cdipgavail-false&pv=f4041d46930711ee8f6796e3530149c0&au=d85f1c0d3b4a4a718a892eb10b4439ac,This item has no description,
https://slickdeals.net/?sdtrk=SiteSearchV2Algo1&afsrc=1&trd=Get%20Deal%20at%20Chewy&sdtid=17099140&tid=17099140&prop=diavail-false%7Cdincp-0%7Cdinpd-0%7Cdipgavail-false&pv=f8a8d968930711ee9e9d76a70f53cfb2&au=d85f1c0d3b4a4a718a892eb10b4439ac,This item has no description,
https://slickdeals.net/?sdtrk=SiteSearchV2Algo1&afsrc=1&trd=Get%20Deal%20at%20Chewy&sdtid=17120005&tid=17120005&prop=diavail-false%7Cdincp-0%7Cdinpd-0%7Cdipgavail-false&pv=fd52eaf8930711eebb8f16284d3f4263&au=d85f1c0d3b4a4a718a892eb10b4439ac,This item has no description,
https://slickdeals.net/?sdtrk=SiteSearchV2Algo1&afsrc=1&trd=Get%20Deal%20at%20Amazon&sdtid=17115916&tid=17115916&prop=diavail-true%7Cdincp-4%7Cdinpd-8%7Cdipgavail-true&pv=0213756c930811eeae149ad162da6e65&au=d85f1c0d3b4a4a718a892eb10b4439ac,This item has no description,
https://slickdeals.net/?sdtrk=SiteSearchV2Algo1&afsrc=1&trd=Get%20Deal%20at%20Amazon&sdtid=17063311&tid=17063311&prop=diavail-true%7Cdincp-1%7Cdinpd-1%7Cdipgavail-false&pv=06ef3350930811ee99e48230a98a4655&au=d85f1c0d3b4a4a718a892eb10b4439ac,This item has no description,
https://slickdeals.net/?sdtrk=SiteSearchV2Algo1&afsrc=1&trd=Get%20Deal%20at%20Amazon&sdtid=17135212&tid=17135212&pno=897136&prop=diavail-true%7Cdincp-3%7Cdinpd-0%7Cdipgavail-true&pv=0c09f2a8930811eea0c3065367ff376c&au=d85f1c0d3b4a4a718a892eb10b4439ac,This item has no description,
https://slickdeals.net/?sdtrk=SiteSearchV2Algo1&afsrc=1&trd=Get%20Deal%20at%20Amazon&sdtid=17130448&tid=17130448&pno=896929&prop=diavail-false%7Cdincp-0%7Cdinpd-0%7Cdipgavail-false&pv=1192eedc930811ee9ba90e2c2394bcf6&au=d85f1c0d3b4a4a718a892eb10b4439ac,This item has no description,
https://slickdeals.net/?sdtrk=SiteSearchV2Algo1&afsrc=1&trd=Get%20Deal%20at%20Amazon&sdtid=17128375&tid=17128375&pno=896161&prop=diavail-true%7Cdincp-1%7Cdinpd-0%7Cdipgavail-false&pv=16113734930811eeb4fb7a1b1e43ba39&au=d85f1c0d3b4a4a718a892eb10b4439ac,This item has no description,
https://slickdeals.net/?sdtrk=SiteSearchV2Algo1&afsrc=1&trd=Get%20Deal%20at%20Chewy&sdtid=17137240&tid=17137240&pno=897673&prop=diavail-false%7Cdincp-0%7Cdinpd-0%7Cdipgavail-false&pv=1a67faa2930811ee97970ab13a408f6d&au=d85f1c0d3b4a4a718a892eb10b4439ac,"Make your kitty’s gift unforgettable this year with a special holiday-themed Goody Box by Chewy.
This holiday Goody Box includes a penguin plush kicker toy; a pack of 10 bouncy, holiday-colored spring toys; a foldable play tunnel; and delicious treats from Temptations and Hartz Delectables. Plus, all three toys include catnip, for maxed-out holiday excitement.
Each item has been hand-picked by the pet-obsessed experts at Chewy.
Save up to 35% by bundling all these cat-approved products together.
Provides an opportunity to strengthen your bond and make this holiday the best one yet.",
https://slickdeals.net/?sdtrk=SiteSearchV2Algo1&afsrc=1&trd=Get%20Deal%20at%20Amazon&sdtid=17134882&tid=17134882&pno=897277&prop=diavail-true%7Cdincp-0%7Cdinpd-3%7Cdipgavail-false&pv=1ce9742c930811ee90509ae98ab22c26&au=d85f1c0d3b4a4a718a892eb10b4439ac,This item has no description,
https://slickdeals.net/?sdtrk=SiteSearchV2Algo1&afsrc=1&trd=Get%20Deal%20at%20Amazon&sdtid=17114413&tid=17114413&pno=894061&prop=diavail-true%7Cdincp-2%7Cdinpd-2%7Cdipgavail-true&pv=214d51f0930811eea188623216ece0cb&au=d85f1c0d3b4a4a718a892eb10b4439ac,This item has no description,
https://slickdeals.net/?sdtrk=SiteSearchV2Algo1&afsrc=1&trd=Get%20Deal%20at%20Amazon&sdtid=17089717&tid=17089717&pno=891313&prop=diavail-true%7Cdincp-2%7Cdinpd-1%7Cdipgavail-true&pv=25d5ca2c930811ee9379ee2e757ac07b&au=d85f1c0d3b4a4a718a892eb10b4439ac,This item has no description,
https://slickdeals.net/?sdtrk=SiteSearchV2Algo1&afsrc=1&trd=Get%20Deal%20at%20Chewy&sdtid=17089273&tid=17089273&pno=890902&prop=diavail-true%7Cdincp-2%7Cdinpd-4%7Cdipgavail-true&pv=2a29ab48930811ee92b4aea895ef3e67&au=d85f1c0d3b4a4a718a892eb10b4439ac,This item has no description,
https://slickdeals.net/?sdtrk=SiteSearchV2Algo1&afsrc=1&trd=Get%20Deal%20at%20Amazon&sdtid=17094664&tid=17094664&pno=891637&prop=diavail-true%7Cdincp-3%7Cdinpd-7%7Cdipgavail-true&pv=2e7b99f4930811ee90b53a4e4378d870&au=d85f1c0d3b4a4a718a892eb10b4439ac,This item has no description,
https://slickdeals.net/?sdtrk=SiteSearchV2Algo1&afsrc=1&trd=Get%20Deal%20at%20Amazon&sdtid=17134579&tid=17134579&prop=diavail-false%7Cdincp-0%7Cdinpd-0%7Cdipgavail-false&pv=32bdefa8930811ee930902ced187688b&au=d85f1c0d3b4a4a718a892eb10b4439ac,This item has no description,
https://slickdeals.net/?sdtrk=SiteSearchV2Algo1&afsrc=1&trd=Get%20Deal%20at%20Amazon&sdtid=17107951&tid=17107951&pno=893227&prop=diavail-false%7Cdincp-0%7Cdinpd-0%7Cdipgavail-false&pv=36f6c310930811eebb698e47b639583f&au=d85f1c0d3b4a4a718a892eb10b4439ac,This item has no description,
https://slickdeals.net/?sdtrk=SiteSearchV2Algo1&afsrc=1&trd=Get%20Deal%20at%20Amazon&sdtid=17114209&tid=17114209&prop=diavail-true%7Cdincp-1%7Cdinpd-0%7Cdipgavail-false&pv=3b36ba3e930811ee88d4aa569a0b14b4&au=d85f1c0d3b4a4a718a892eb10b4439ac,This item has no description,
https://slickdeals.net/?sdtrk=SiteSearchV2Algo1&afsrc=1&trd=Get%20Deal%20at%20Amazon&sdtid=17072650&tid=17072650&prop=diavail-true%7Cdincp-1%7Cdinpd-0%7Cdipgavail-false&pv=3fafcd94930811eeaa75f614d5ddb5b2&au=d85f1c0d3b4a4a718a892eb10b4439ac,This item has no description,
https://slickdeals.net/?sdtrk=SiteSearchV2Algo1&afsrc=1&trd=Get%20Deal%20at%20Chewy&sdtid=17043058&tid=17043058&pno=885532&prop=diavail-false%7Cdincp-0%7Cdinpd-0%7Cdipgavail-false&pv=43eb2b88930811ee8e49dafb51a00520&au=d85f1c0d3b4a4a718a892eb10b4439ac,This item has no description,
https://slickdeals.net/?sdtrk=SiteSearchV2Algo1&afsrc=1&trd=Get%20Deal%20at%20Amazon&sdtid=17137714&tid=17137714&prop=diavail-true%7Cdincp-2%7Cdinpd-0%7Cdipgavail-true&pv=482e996e930811ee9d8f4267e803f315&au=d85f1c0d3b4a4a718a892eb10b4439ac,This item has no description,
https://slickdeals.net/?sdtrk=SiteSearchV2Algo1&afsrc=1&trd=Get%20Deal%20at%20Amazon&sdtid=17138209&tid=17138209&prop=diavail-false%7Cdincp-0%7Cdinpd-0%7Cdipgavail-false&pv=4c64efce930811ee8ec322945b031f96&au=d85f1c0d3b4a4a718a892eb10b4439ac,This item has no description,
https://slickdeals.net/?sdtrk=SiteSearchV2Algo1&afsrc=1&trd=Get%20Deal%20at%20Chewy&sdtid=17099140&tid=17099140&prop=diavail-false%7Cdincp-0%7Cdinpd-0%7Cdipgavail-false&pv=50ad3960930811ee97f1ee446ae44d1d&au=d85f1c0d3b4a4a718a892eb10b4439ac,This item has no description,
https://slickdeals.net/?sdtrk=SiteSearchV2Algo1&afsrc=1&trd=Get%20Deal%20at%20Chewy&sdtid=17120005&tid=17120005&prop=diavail-false%7Cdincp-0%7Cdinpd-0%7Cdipgavail-false&pv=55538cc6930811ee9a5c9aec81e22f08&au=d85f1c0d3b4a4a718a892eb10b4439ac,This item has no description,
https://slickdeals.net/?sdtrk=SiteSearchV2Algo1&afsrc=1&trd=Get%20Deal%20at%20Amazon&sdtid=17115916&tid=17115916&prop=diavail-true%7Cdincp-4%7Cdinpd-8%7Cdipgavail-true&pv=59b45c32930811eeb12186ac4273965d&au=d85f1c0d3b4a4a718a892eb10b4439ac,This item has no description,
https://slickdeals.net/?sdtrk=SiteSearchV2Algo1&afsrc=1&trd=Get%20Deal%20at%20Amazon&sdtid=17085595&tid=17085595&prop=diavail-true%7Cdincp-0%7Cdinpd-2%7Cdipgavail-false&pv=5e3b7b28930811eeabcc562d90c88812&au=d85f1c0d3b4a4a718a892eb10b4439ac,This item has no description,
https://slickdeals.net/?sdtrk=SiteSearchV2Algo1&afsrc=1&trd=Get%20Deal%20at%20Amazon&sdtid=17135212&tid=17135212&pno=897136&prop=diavail-true%7Cdincp-3%7Cdinpd-0%7Cdipgavail-true&pv=62b39d7a930811ee97907e9685b86d34&au=d85f1c0d3b4a4a718a892eb10b4439ac,This item has no description,
https://slickdeals.net/?sdtrk=SiteSearchV2Algo1&afsrc=1&trd=Get%20Deal%20at%20Amazon&sdtid=17130448&tid=17130448&pno=896929&prop=diavail-false%7Cdincp-0%7Cdinpd-0%7Cdipgavail-false&pv=672a8602930811ee889f36987a0a01ff&au=d85f1c0d3b4a4a718a892eb10b4439ac,This item has no description,
https://slickdeals.net/?sdtrk=SiteSearchV2Algo1&afsrc=1&trd=Get%20Deal%20at%20Amazon&sdtid=17128375&tid=17128375&pno=896161&prop=diavail-true%7Cdincp-1%7Cdinpd-0%7Cdipgavail-false&pv=6b7f8112930811ee87e0b2322e436896&au=d85f1c0d3b4a4a718a892eb10b4439ac,This item has no description,
https://slickdeals.net/?sdtrk=SiteSearchV2Algo1&afsrc=1&trd=Get%20Deal%20at%20Chewy&sdtid=17137240&tid=17137240&pno=897673&prop=diavail-false%7Cdincp-0%7Cdinpd-0%7Cdipgavail-false&pv=6feea390930811eeaa2a7aabb1c97e42&au=d85f1c0d3b4a4a718a892eb10b4439ac,"Make your kitty’s gift unforgettable this year with a special holiday-themed Goody Box by Chewy.
This holiday Goody Box includes a penguin plush kicker toy; a pack of 10 bouncy, holiday-colored spring toys; a foldable play tunnel; and delicious treats from Temptations and Hartz Delectables. Plus, all three toys include catnip, for maxed-out holiday excitement.
Each item has been hand-picked by the pet-obsessed experts at Chewy.
Save up to 35% by bundling all these cat-approved products together.
Provides an opportunity to strengthen your bond and make this holiday the best one yet.",
https://slickdeals.net/?sdtrk=SiteSearchV2Algo1&afsrc=1&trd=Get%20Deal%20at%20Amazon&sdtid=17134882&tid=17134882&pno=897277&prop=diavail-true%7Cdincp-0%7Cdinpd-3%7Cdipgavail-false&pv=725d539c930811eea3f92ab9d51e9d18&au=d85f1c0d3b4a4a718a892eb10b4439ac,This item has no description,
https://slickdeals.net/?sdtrk=SiteSearchV2Algo1&afsrc=1&trd=Get%20Deal%20at%20Amazon&sdtid=17114413&tid=17114413&pno=894061&prop=diavail-true%7Cdincp-2%7Cdinpd-2%7Cdipgavail-true&pv=76ee155e930811eeb2bd2ecf0bfff0bf&au=d85f1c0d3b4a4a718a892eb10b4439ac,This item has no description,
https://slickdeals.net/?sdtrk=SiteSearchV2Algo1&afsrc=1&trd=Get%20Deal%20at%20Amazon&sdtid=17089717&tid=17089717&pno=891313&prop=diavail-true%7Cdincp-2%7Cdinpd-1%7Cdipgavail-true&pv=7b230198930811eeb3a142e8039dc599&au=d85f1c0d3b4a4a718a892eb10b4439ac,This item has no description,
https://slickdeals.net/?sdtrk=SiteSearchV2Algo1&afsrc=1&trd=Get%20Deal%20at%20Chewy&sdtid=17089273&tid=17089273&pno=890902&prop=diavail-true%7Cdincp-2%7Cdinpd-4%7Cdipgavail-true&pv=7f85df12930811ee8cd00ab13a408f6d&au=d85f1c0d3b4a4a718a892eb10b4439ac,This item has no description,
https://slickdeals.net/?sdtrk=SiteSearchV2Algo1&afsrc=1&trd=Get%20Deal%20at%20Amazon&sdtid=17094664&tid=17094664&pno=891637&prop=diavail-true%7Cdincp-3%7Cdinpd-7%7Cdipgavail-true&pv=83ff58a2930811ee99046a27e9b9ae10&au=d85f1c0d3b4a4a718a892eb10b4439ac,This item has no description,
https://slickdeals.net/?sdtrk=SiteSearchV2Algo1&afsrc=1&trd=Get%20Deal%20at%20Amazon&sdtid=17134579&tid=17134579&prop=diavail-false%7Cdincp-0%7Cdinpd-0%7Cdipgavail-false&pv=887fd4c4930811eebc279298aa044935&au=d85f1c0d3b4a4a718a892eb10b4439ac,This item has no description,
https://slickdeals.net/?sdtrk=SiteSearchV2Algo1&afsrc=1&trd=Get%20Deal%20at%20Amazon&sdtid=17107951&tid=17107951&pno=893227&prop=diavail-false%7Cdincp-0%7Cdinpd-0%7Cdipgavail-false&pv=8cdeb198930811eebd081ecc22d9047b&au=d85f1c0d3b4a4a718a892eb10b4439ac,This item has no description,
https://slickdeals.net/?sdtrk=SiteSearchV2Algo1&afsrc=1&trd=Get%20Deal%20at%20Amazon&sdtid=17114209&tid=17114209&prop=diavail-true%7Cdincp-1%7Cdinpd-0%7Cdipgavail-false&pv=9140b114930811ee828096e3530149c0&au=d85f1c0d3b4a4a718a892eb10b4439ac,This item has no description,
https://slickdeals.net/?sdtrk=SiteSearchV2Algo1&afsrc=1&trd=Get%20Deal%20at%20Amazon&sdtid=17072650&tid=17072650&prop=diavail-true%7Cdincp-1%7Cdinpd-0%7Cdipgavail-false&pv=956f9642930811ee9d46ced5612574d3&au=d85f1c0d3b4a4a718a892eb10b4439ac,This item has no description,
https://slickdeals.net/?sdtrk=SiteSearchV2Algo1&afsrc=1&trd=Get%20Deal%20at%20Chewy&sdtid=17043058&tid=17043058&pno=885532&prop=diavail-false%7Cdincp-0%7Cdinpd-0%7Cdipgavail-false&pv=99bd8498930811eeaf14c695055d1251&au=d85f1c0d3b4a4a718a892eb10b4439ac,This item has no description,
https://slickdeals.net/?sdtrk=SiteSearchV2Algo1&afsrc=1&trd=Get%20Deal%20at%20Amazon&sdtid=17137714&tid=17137714&prop=diavail-true%7Cdincp-2%7Cdinpd-0%7Cdipgavail-true&pv=9e15af48930811eebf408e7a0d52cbc4&au=d85f1c0d3b4a4a718a892eb10b4439ac,This item has no description,
https://slickdeals.net/?sdtrk=SiteSearchV2Algo1&afsrc=1&trd=Get%20Deal%20at%20Amazon&sdtid=17138209&tid=17138209&prop=diavail-false%7Cdincp-0%7Cdinpd-0%7Cdipgavail-false&pv=a2547b84930811ee97067e1b23435637&au=d85f1c0d3b4a4a718a892eb10b4439ac,This item has no description,
https://slickdeals.net/?sdtrk=SiteSearchV2Algo1&afsrc=1&trd=Get%20Deal%20at%20Chewy&sdtid=17099140&tid=17099140&prop=diavail-false%7Cdincp-0%7Cdinpd-0%7Cdipgavail-false&pv=a6aaef74930811eeae695eb20a345d12&au=d85f1c0d3b4a4a718a892eb10b4439ac,This item has no description,
https://slickdeals.net/?sdtrk=SiteSearchV2Algo1&afsrc=1&trd=Get%20Deal%20at%20Chewy&sdtid=17120005&tid=17120005&prop=diavail-false%7Cdincp-0%7Cdinpd-0%7Cdipgavail-false&pv=ab1386d4930811ee983edeea9ecd979f&au=d85f1c0d3b4a4a718a892eb10b4439ac,This item has no description,
https://slickdeals.net/?sdtrk=SiteSearchV2Algo1&afsrc=1&trd=Get%20Deal%20at%20Amazon&sdtid=17115916&tid=17115916&prop=diavail-true%7Cdincp-4%7Cdinpd-8%7Cdipgavail-true&pv=af74b946930811eebf42d2e5958396b2&au=d85f1c0d3b4a4a718a892eb10b4439ac,This item has no description,
https://slickdeals.net/?sdtrk=SiteSearchV2Algo1&afsrc=1&trd=Get%20Deal%20at%20Amazon&sdtid=17063311&tid=17063311&prop=diavail-true%7Cdincp-1%7Cdinpd-1%7Cdipgavail-false&pv=b3b719c2930811eea5d3e281b58694f9&au=d85f1c0d3b4a4a718a892eb10b4439ac,This item has no description,
https://slickdeals.net/?sdtrk=SiteSearchV2Algo1&afsrc=1&trd=Get%20Deal%20at%20Amazon&sdtid=17135212&tid=17135212&pno=897136&prop=diavail-true%7Cdincp-3%7Cdinpd-0%7Cdipgavail-true&pv=b8036936930811eeac0e9ae98ab22c26&au=d85f1c0d3b4a4a718a892eb10b4439ac,This item has no description,
https://slickdeals.net/?sdtrk=SiteSearchV2Algo1&afsrc=1&trd=Get%20Deal%20at%20Amazon&sdtid=17130448&tid=17130448&pno=896929&prop=diavail-false%7Cdincp-0%7Cdinpd-0%7Cdipgavail-false&pv=bc60e972930811ee9906661e7a0f8795&au=d85f1c0d3b4a4a718a892eb10b4439ac,This item has no description,
https://slickdeals.net/?sdtrk=SiteSearchV2Algo1&afsrc=1&trd=Get%20Deal%20at%20Amazon&sdtid=17128375&tid=17128375&pno=896161&prop=diavail-true%7Cdincp-1%7Cdinpd-0%7Cdipgavail-false&pv=c0bfc1be930811ee9bb9d28e2e2cc546&au=d85f1c0d3b4a4a718a892eb10b4439ac,This item has no description,
https://slickdeals.net/?sdtrk=SiteSearchV2Algo1&afsrc=1&trd=Get%20Deal%20at%20Chewy&sdtid=17137240&tid=17137240&pno=897673&prop=diavail-false%7Cdincp-0%7Cdinpd-0%7Cdipgavail-false&pv=c511ed0a930811ee9e2c36a3be4491b7&au=d85f1c0d3b4a4a718a892eb10b4439ac,"Make your kitty’s gift unforgettable this year with a special holiday-themed Goody Box by Chewy.
This holiday Goody Box includes a penguin plush kicker toy; a pack of 10 bouncy, holiday-colored spring toys; a foldable play tunnel; and delicious treats from Temptations and Hartz Delectables. Plus, all three toys include catnip, for maxed-out holiday excitement.
Each item has been hand-picked by the pet-obsessed experts at Chewy.
Save up to 35% by bundling all these cat-approved products together.
Provides an opportunity to strengthen your bond and make this holiday the best one yet.",
https://slickdeals.net/?sdtrk=SiteSearchV2Algo1&afsrc=1&trd=Get%20Deal%20at%20Amazon&sdtid=17134882&tid=17134882&pno=897277&prop=diavail-true%7Cdincp-0%7Cdinpd-3%7Cdipgavail-false&pv=c7958cee930811ee8b82aa569a0b14b4&au=d85f1c0d3b4a4a718a892eb10b4439ac,This item has no description,
https://slickdeals.net/?sdtrk=SiteSearchV2Algo1&afsrc=1&trd=Get%20Deal%20at%20Amazon&sdtid=17114413&tid=17114413&pno=894061&prop=diavail-true%7Cdincp-2%7Cdinpd-2%7Cdipgavail-true&pv=cbeab6c0930811eea8757e9685b86d34&au=d85f1c0d3b4a4a718a892eb10b4439ac,This item has no description,
https://slickdeals.net/?sdtrk=SiteSearchV2Algo1&afsrc=1&trd=Get%20Deal%20at%20Amazon&sdtid=17089717&tid=17089717&pno=891313&prop=diavail-true%7Cdincp-2%7Cdinpd-1%7Cdipgavail-true&pv=d05510ac930811ee9e479e46292aae40&au=d85f1c0d3b4a4a718a892eb10b4439ac,This item has no description,
https://slickdeals.net/?sdtrk=SiteSearchV2Algo1&afsrc=1&trd=Get%20Deal%20at%20Chewy&sdtid=17089273&tid=17089273&pno=890902&prop=diavail-true%7Cdincp-2%7Cdinpd-4%7Cdipgavail-true&pv=d4b3d3a4930811ee98cf46e4c7109be0&au=d85f1c0d3b4a4a718a892eb10b4439ac,This item has no description,
https://slickdeals.net/?sdtrk=SiteSearchV2Algo1&afsrc=1&trd=Get%20Deal%20at%20Amazon&sdtid=17094664&tid=17094664&pno=891637&prop=diavail-true%7Cdincp-3%7Cdinpd-7%7Cdipgavail-true&pv=d906d078930811ee805a0e774cf9d669&au=d85f1c0d3b4a4a718a892eb10b4439ac,This item has no description,
https://slickdeals.net/?sdtrk=SiteSearchV2Algo1&afsrc=1&trd=Get%20Deal%20at%20Amazon&sdtid=17134579&tid=17134579&prop=diavail-false%7Cdincp-0%7Cdinpd-0%7Cdipgavail-false&pv=dd5a8520930811ee96f3ea10a259d0d4&au=d85f1c0d3b4a4a718a892eb10b4439ac,This item has no description,
https://slickdeals.net/?sdtrk=SiteSearchV2Algo1&afsrc=1&trd=Get%20Deal%20at%20Amazon&sdtid=17107951&tid=17107951&pno=893227&prop=diavail-false%7Cdincp-0%7Cdinpd-0%7Cdipgavail-false&pv=e19fd0cc930811eeaf760e6aeaa7f2d9&au=d85f1c0d3b4a4a718a892eb10b4439ac,This item has no description,
https://slickdeals.net/?sdtrk=SiteSearchV2Algo1&afsrc=1&trd=Get%20Deal%20at%20Amazon&sdtid=17114209&tid=17114209&prop=diavail-true%7Cdincp-1%7Cdinpd-0%7Cdipgavail-false&pv=e6401e52930811ee96758e47b639583f&au=d85f1c0d3b4a4a718a892eb10b4439ac,This item has no description,
https://slickdeals.net/?sdtrk=SiteSearchV2Algo1&afsrc=1&trd=Get%20Deal%20at%20Amazon&sdtid=17072650&tid=17072650&prop=diavail-true%7Cdincp-1%7Cdinpd-0%7Cdipgavail-false&pv=ea7c9388930811eea9861ecc22d9047b&au=d85f1c0d3b4a4a718a892eb10b4439ac,This item has no description,
https://slickdeals.net/?sdtrk=SiteSearchV2Algo1&afsrc=1&trd=Get%20Deal%20at%20Chewy&sdtid=17043058&tid=17043058&pno=885532&prop=diavail-false%7Cdincp-0%7Cdinpd-0%7Cdipgavail-false&pv=eee361a4930811eeac9096bc129f10c7&au=d85f1c0d3b4a4a718a892eb10b4439ac,This item has no description,
https://slickdeals.net/?sdtrk=SiteSearchV2Algo1&afsrc=1&trd=Get%20Deal%20at%20Amazon&sdtid=17137714&tid=17137714&prop=diavail-true%7Cdincp-2%7Cdinpd-0%7Cdipgavail-true&pv=f34170ce930811ee9572ea10a259d0d4&au=d85f1c0d3b4a4a718a892eb10b4439ac,This item has no description,
https://slickdeals.net/?sdtrk=SiteSearchV2Algo1&afsrc=1&trd=Get%20Deal%20at%20Amazon&sdtid=17138209&tid=17138209&prop=diavail-false%7Cdincp-0%7Cdinpd-0%7Cdipgavail-false&pv=f7ad1ee2930811eeb1c60e6aeaa7f2d9&au=d85f1c0d3b4a4a718a892eb10b4439ac,This item has no description,
https://slickdeals.net/?sdtrk=SiteSearchV2Algo1&afsrc=1&trd=Get%20Deal%20at%20Chewy&sdtid=17099140&tid=17099140&prop=diavail-false%7Cdincp-0%7Cdinpd-0%7Cdipgavail-false&pv=fbeb2008930811eea9838a8c03570672&au=d85f1c0d3b4a4a718a892eb10b4439ac,This item has no description,
https://slickdeals.net/?sdtrk=SiteSearchV2Algo1&afsrc=1&trd=Get%20Deal%20at%20Chewy&sdtid=17120005&tid=17120005&prop=diavail-false%7Cdincp-0%7Cdinpd-0%7Cdipgavail-false&pv=0038ce08930911ee989d7e1fa6f2e8ad&au=d85f1c0d3b4a4a718a892eb10b4439ac,This item has no description,
https://slickdeals.net/?sdtrk=SiteSearchV2Algo1&afsrc=1&trd=Get%20Deal%20at%20Amazon&sdtid=17115916&tid=17115916&prop=diavail-true%7Cdincp-4%7Cdinpd-8%7Cdipgavail-true&pv=04816f10930911ee89937e9685b86d34&au=d85f1c0d3b4a4a718a892eb10b4439ac,This item has no description,
https://slickdeals.net/?sdtrk=SiteSearchV2Algo1&afsrc=1&trd=Get%20Deal%20at%20Amazon&sdtid=17085595&tid=17085595&prop=diavail-true%7Cdincp-0%7Cdinpd-2%7Cdipgavail-false&pv=08c4a61e930911ee828d3ae2af341a1d&au=d85f1c0d3b4a4a718a892eb10b4439ac,This item has no description,
