realBuyLink,description,expired
https://slickdeals.net/?sdtrk=SiteSearchV2Algo1&afsrc=1&trd=Get%20Deal%20at%20Amazon&sdtid=17132095&tid=17132095&pno=896896&prop=diavail-true%7Cdincp-1%7Cdinpd-12%7Cdipgavail-true&pv=997b1516930511ee89889e6251c4153f&au=4986a2c304b4427a87d3ca1ef45fda1c,This item has no description,
https://slickdeals.net/?sdtrk=SiteSearchV2Algo1&afsrc=1&trd=Get%20Deal%20at%20Chewy&sdtid=17110204&tid=17110204&pno=893584&prop=diavail-true%7Cdincp-0%7Cdinpd-4%7Cdipgavail-false&pv=9f6fdfc4930511ee90039e51afe3efdb&au=4986a2c304b4427a87d3ca1ef45fda1c,This item has no description,
https://slickdeals.net/?sdtrk=SiteSearchV2Algo1&afsrc=1&trd=Get%20Deal%20at%20Chewy&sdtid=17117278&tid=17117278&pno=895363&prop=diavail-true%7Cdincp-2%7Cdinpd-0%7Cdipgavail-true&pv=a51459aa930511ee8fe69edbf881296a&au=4986a2c304b4427a87d3ca1ef45fda1c,This item has no description,
https://slickdeals.net/?sdtrk=SiteSearchV2Algo1&afsrc=1&trd=Get%20Deal%20at%20Target&sdtid=17080174&tid=17080174&pno=890275&prop=diavail-true%7Cdincp-3%7Cdinpd-2%7Cdipgavail-true&pv=aa134d44930511ee8a98d289d02817d7&au=4986a2c304b4427a87d3ca1ef45fda1c,This item has no description,
https://slickdeals.net/?sdtrk=SiteSearchV2Algo1&afsrc=1&trd=Get%20Deal%20at%20Chewy&sdtid=17137240&tid=17137240&pno=897673&prop=diavail-false%7Cdincp-0%7Cdinpd-0%7Cdipgavail-false&pv=aed27ca6930511ee8ebd9a140b1569d6&au=4986a2c304b4427a87d3ca1ef45fda1c,"Make your kitty’s gift unforgettable this year with a special holiday-themed Goody Box by Chewy.
This holiday Goody Box includes a penguin plush kicker toy; a pack of 10 bouncy, holiday-colored spring toys; a foldable play tunnel; and delicious treats from Temptations and Hartz Delectables. Plus, all three toys include catnip, for maxed-out holiday excitement.
Each item has been hand-picked by the pet-obsessed experts at Chewy.
Save up to 35% by bundling all these cat-approved products together.
Provides an opportunity to strengthen your bond and make this holiday the best one yet.",
https://slickdeals.net/?sdtrk=SiteSearchV2Algo1&afsrc=1&trd=Get%20Deal%20at%20Woot%21&sdtid=17137948&tid=17137948&prop=diavail-false%7Cdincp-0%7Cdinpd-0%7Cdipgavail-false&pv=b1715888930511ee8a256a27e9b9ae10&au=4986a2c304b4427a87d3ca1ef45fda1c,This item has no description,
https://slickdeals.net/?sdtrk=SiteSearchV2Algo1&afsrc=1&trd=Get%20Deal%20at%20Amazon&sdtid=17108209&tid=17108209&prop=diavail-true%7Cdincp-1%7Cdinpd-7%7Cdipgavail-true&pv=b5d97f7c930511eea87a2e969d48dfac&au=4986a2c304b4427a87d3ca1ef45fda1c,This item has no description,
https://slickdeals.net/?sdtrk=SiteSearchV2Algo1&afsrc=1&trd=Get%20Deal%20at%20Amazon&sdtid=17081947&tid=17081947&prop=diavail-true%7Cdincp-1%7Cdinpd-12%7Cdipgavail-true&pv=bae524bc930511ee9b513e8a4a86d54f&au=4986a2c304b4427a87d3ca1ef45fda1c,This item has no description,
https://slickdeals.net/?sdtrk=SiteSearchV2Algo1&afsrc=1&trd=Get%20Deal%20at%20Amazon&sdtid=17111266&tid=17111266&prop=diavail-true%7Cdincp-0%7Cdinpd-3%7Cdipgavail-false&pv=bf83a5ac930511ee91d3eef2e093f679&au=4986a2c304b4427a87d3ca1ef45fda1c,This item has no description,
https://slickdeals.net/?sdtrk=SiteSearchV2Algo1&afsrc=1&trd=Get%20Deal%20at%20Chewy&sdtid=17043058&tid=17043058&pno=885532&prop=diavail-false%7Cdincp-0%7Cdinpd-0%7Cdipgavail-false&pv=c41c0e56930511eebc0216284d3f4263&au=4986a2c304b4427a87d3ca1ef45fda1c,This item has no description,
https://slickdeals.net/?sdtrk=SiteSearchV2Algo1&afsrc=1&trd=Get%20Deal%20at%20Amazon&sdtid=17122435&tid=17122435&prop=diavail-true%7Cdincp-1%7Cdinpd-7%7Cdipgavail-true&pv=c895f6cc930511ee880532e1bb81e18c&au=4986a2c304b4427a87d3ca1ef45fda1c,This item has no description,
https://slickdeals.net/?sdtrk=SiteSearchV2Algo1&afsrc=1&trd=Get%20Deal%20at%20Amazon&sdtid=17094976&tid=17094976&prop=diavail-true%7Cdincp-2%7Cdinpd-2%7Cdipgavail-true&pv=cd158b90930511ee8cb4c258c79c7091&au=4986a2c304b4427a87d3ca1ef45fda1c,This item has no description,
https://slickdeals.net/?sdtrk=SiteSearchV2Algo1&afsrc=1&trd=Get%20Deal%20at%20Amazon&sdtid=17056915&tid=17056915&prop=diavail-true%7Cdincp-0%7Cdinpd-4%7Cdipgavail-false&pv=d1e6fbfe930511eeae539edbf881296a&au=4986a2c304b4427a87d3ca1ef45fda1c,This item has no description,
https://slickdeals.net/?sdtrk=SiteSearchV2Algo1&afsrc=1&trd=Get%20Deal%20at%20Amazon&sdtid=17100946&tid=17100946&prop=diavail-true%7Cdincp-1%7Cdinpd-3%7Cdipgavail-false&pv=d659f1b4930511eeaf959ad162da6e65&au=4986a2c304b4427a87d3ca1ef45fda1c,This item has no description,
https://slickdeals.net/?sdtrk=SiteSearchV2Algo1&afsrc=1&trd=Get%20Deal%20at%20Amazon&sdtid=17038660&tid=17038660&pno=884014&prop=diavail-true%7Cdincp-2%7Cdinpd-0%7Cdipgavail-true&pv=dad565c0930511eeb6f63e70e4f2813c&au=4986a2c304b4427a87d3ca1ef45fda1c,This item has no description,
https://slickdeals.net/?sdtrk=SiteSearchV2Algo1&afsrc=1&trd=Get%20Deal%20at%20Amazon&sdtid=17035588&tid=17035588&prop=diavail-false%7Cdincp-0%7Cdinpd-0%7Cdipgavail-false&pv=df52cd90930511ee9625ea7718e137e0&au=4986a2c304b4427a87d3ca1ef45fda1c,This item has no description,
https://slickdeals.net/?sdtrk=SiteSearchV2Algo1&afsrc=1&trd=Get%20Deal%20at%20Amazon&sdtid=16964371&tid=16964371&pno=872668&prop=diavail-true%7Cdincp-1%7Cdinpd-0%7Cdipgavail-false&pv=e410b77a930511eebdcfda2417169e40&au=4986a2c304b4427a87d3ca1ef45fda1c,This item has no description,
https://slickdeals.net/?sdtrk=SiteSearchV2Algo1&afsrc=1&trd=Get%20Deal%20at%20Amazon&sdtid=17094625&tid=17094625&prop=diavail-true%7Cdincp-1%7Cdinpd-0%7Cdipgavail-false&pv=e90e6826930511ee9c869e6251c4153f&au=4986a2c304b4427a87d3ca1ef45fda1c,This item has no description,
https://slickdeals.net/?sdtrk=SiteSearchV2Algo1&afsrc=1&trd=Get%20Deal%20at%20Amazon&sdtid=17113717&tid=17113717&prop=diavail-true%7Cdincp-3%7Cdinpd-0%7Cdipgavail-true&pv=eec65e86930511ee9900967b084cc5f5&au=4986a2c304b4427a87d3ca1ef45fda1c,This item has no description,
https://slickdeals.net/?sdtrk=SiteSearchV2Algo1&afsrc=1&trd=Get%20Deal%20at%20Target&sdtid=17138446&tid=17138446&prop=diavail-true%7Cdincp-2%7Cdinpd-1%7Cdipgavail-true&pv=f333bfae930511ee8c90065367ff376c&au=4986a2c304b4427a87d3ca1ef45fda1c,This item has no description,
https://slickdeals.net/?sdtrk=SiteSearchV2Algo1&afsrc=1&trd=Get%20Deal%20at%20Amazon&sdtid=17132095&tid=17132095&pno=896896&prop=diavail-true%7Cdincp-1%7Cdinpd-12%7Cdipgavail-true&pv=f7a094a4930511ee9db73ebc8cc252b3&au=4986a2c304b4427a87d3ca1ef45fda1c,This item has no description,
https://slickdeals.net/?sdtrk=SiteSearchV2Algo1&afsrc=1&trd=Get%20Deal%20at%20Chewy&sdtid=17110204&tid=17110204&pno=893584&prop=diavail-true%7Cdincp-0%7Cdinpd-4%7Cdipgavail-false&pv=fc2be0b4930511ee9e6faeb9af6f605e&au=4986a2c304b4427a87d3ca1ef45fda1c,This item has no description,
https://slickdeals.net/?sdtrk=SiteSearchV2Algo1&afsrc=1&trd=Get%20Deal%20at%20Chewy&sdtid=17117278&tid=17117278&pno=895363&prop=diavail-true%7Cdincp-2%7Cdinpd-0%7Cdipgavail-true&pv=0080e204930611eead180e6aeaa7f2d9&au=4986a2c304b4427a87d3ca1ef45fda1c,This item has no description,
https://slickdeals.net/?sdtrk=SiteSearchV2Algo1&afsrc=1&trd=Get%20Deal%20at%20Target&sdtid=17080174&tid=17080174&pno=890275&prop=diavail-true%7Cdincp-3%7Cdinpd-2%7Cdipgavail-true&pv=04cbb226930611ee83a80640c0794e28&au=4986a2c304b4427a87d3ca1ef45fda1c,This item has no description,
https://slickdeals.net/?sdtrk=SiteSearchV2Algo1&afsrc=1&trd=Get%20Deal%20at%20Chewy&sdtid=17137240&tid=17137240&pno=897673&prop=diavail-false%7Cdincp-0%7Cdinpd-0%7Cdipgavail-false&pv=0915d5f0930611ee948d46e4c7109be0&au=4986a2c304b4427a87d3ca1ef45fda1c,"Make your kitty’s gift unforgettable this year with a special holiday-themed Goody Box by Chewy.
This holiday Goody Box includes a penguin plush kicker toy; a pack of 10 bouncy, holiday-colored spring toys; a foldable play tunnel; and delicious treats from Temptations and Hartz Delectables. Plus, all three toys include catnip, for maxed-out holiday excitement.
Each item has been hand-picked by the pet-obsessed experts at Chewy.
Save up to 35% by bundling all these cat-approved products together.
Provides an opportunity to strengthen your bond and make this holiday the best one yet.",
https://slickdeals.net/?sdtrk=SiteSearchV2Algo1&afsrc=1&trd=Get%20Deal%20at%20Woot%21&sdtid=17137948&tid=17137948&prop=diavail-false%7Cdincp-0%7Cdinpd-0%7Cdipgavail-false&pv=0b84fb7c930611ee955daa569a0b14b4&au=4986a2c304b4427a87d3ca1ef45fda1c,This item has no description,
https://slickdeals.net/?sdtrk=SiteSearchV2Algo1&afsrc=1&trd=Get%20Deal%20at%20Amazon&sdtid=17108209&tid=17108209&prop=diavail-true%7Cdincp-1%7Cdinpd-7%7Cdipgavail-true&pv=0fc4730c930611eea78e4a71662b62f7&au=4986a2c304b4427a87d3ca1ef45fda1c,This item has no description,
https://slickdeals.net/?sdtrk=SiteSearchV2Algo1&afsrc=1&trd=Get%20Deal%20at%20Amazon&sdtid=17081947&tid=17081947&prop=diavail-true%7Cdincp-1%7Cdinpd-12%7Cdipgavail-true&pv=13fcaf52930611ee90eaaea895ef3e67&au=4986a2c304b4427a87d3ca1ef45fda1c,This item has no description,
https://slickdeals.net/?sdtrk=SiteSearchV2Algo1&afsrc=1&trd=Get%20Deal%20at%20Amazon&sdtid=17111266&tid=17111266&prop=diavail-true%7Cdincp-0%7Cdinpd-3%7Cdipgavail-false&pv=184aa924930611eebadbba76352d654b&au=4986a2c304b4427a87d3ca1ef45fda1c,This item has no description,
https://slickdeals.net/?sdtrk=SiteSearchV2Algo1&afsrc=1&trd=Get%20Deal%20at%20Chewy&sdtid=17043058&tid=17043058&pno=885532&prop=diavail-false%7Cdincp-0%7Cdinpd-0%7Cdipgavail-false&pv=1c8fae76930611eea9377aabb1c97e42&au=4986a2c304b4427a87d3ca1ef45fda1c,This item has no description,
https://slickdeals.net/?sdtrk=SiteSearchV2Algo1&afsrc=1&trd=Get%20Deal%20at%20Amazon&sdtid=17122435&tid=17122435&prop=diavail-true%7Cdincp-1%7Cdinpd-7%7Cdipgavail-true&pv=20de4e42930611ee8e2a56cb78a039dc&au=4986a2c304b4427a87d3ca1ef45fda1c,This item has no description,
https://slickdeals.net/?sdtrk=SiteSearchV2Algo1&afsrc=1&trd=Get%20Deal%20at%20Amazon&sdtid=17094976&tid=17094976&prop=diavail-true%7Cdincp-2%7Cdinpd-2%7Cdipgavail-true&pv=25042672930611eeb5e2a66a415f3ee7&au=4986a2c304b4427a87d3ca1ef45fda1c,This item has no description,
https://slickdeals.net/?sdtrk=SiteSearchV2Algo1&afsrc=1&trd=Get%20Deal%20at%20Amazon&sdtid=17056915&tid=17056915&prop=diavail-true%7Cdincp-0%7Cdinpd-4%7Cdipgavail-false&pv=293da9a2930611eeabb82e969d48dfac&au=4986a2c304b4427a87d3ca1ef45fda1c,This item has no description,
https://slickdeals.net/?sdtrk=SiteSearchV2Algo1&afsrc=1&trd=Get%20Deal%20at%20Amazon&sdtid=17100946&tid=17100946&prop=diavail-true%7Cdincp-1%7Cdinpd-3%7Cdipgavail-false&pv=2d9972b0930611ee86ca7e9685b86d34&au=4986a2c304b4427a87d3ca1ef45fda1c,This item has no description,
https://slickdeals.net/?sdtrk=SiteSearchV2Algo1&afsrc=1&trd=Get%20Deal%20at%20Amazon&sdtid=17038660&tid=17038660&pno=884014&prop=diavail-true%7Cdincp-2%7Cdinpd-0%7Cdipgavail-true&pv=33514318930611eea2aefa97e9bdbaef&au=4986a2c304b4427a87d3ca1ef45fda1c,This item has no description,
https://slickdeals.net/?sdtrk=SiteSearchV2Algo1&afsrc=1&trd=Get%20Deal%20at%20Amazon&sdtid=17035588&tid=17035588&prop=diavail-false%7Cdincp-0%7Cdinpd-0%7Cdipgavail-false&pv=37cc2f66930611ee90c9f6873aadd9b1&au=4986a2c304b4427a87d3ca1ef45fda1c,This item has no description,
https://slickdeals.net/?sdtrk=SiteSearchV2Algo1&afsrc=1&trd=Get%20Deal%20at%20Amazon&sdtid=16964371&tid=16964371&pno=872668&prop=diavail-true%7Cdincp-1%7Cdinpd-0%7Cdipgavail-false&pv=3c12d6f6930611eeae625281c35caba3&au=4986a2c304b4427a87d3ca1ef45fda1c,This item has no description,
https://slickdeals.net/?sdtrk=SiteSearchV2Algo1&afsrc=1&trd=Get%20Deal%20at%20Amazon&sdtid=17094625&tid=17094625&prop=diavail-true%7Cdincp-1%7Cdinpd-0%7Cdipgavail-false&pv=4070aafc930611eea88fc695055d1251&au=4986a2c304b4427a87d3ca1ef45fda1c,This item has no description,
https://slickdeals.net/?sdtrk=SiteSearchV2Algo1&afsrc=1&trd=Get%20Deal%20at%20Amazon&sdtid=17113717&tid=17113717&prop=diavail-true%7Cdincp-3%7Cdinpd-0%7Cdipgavail-true&pv=44a8d842930611ee9cb5f68da10d4181&au=4986a2c304b4427a87d3ca1ef45fda1c,This item has no description,
https://slickdeals.net/?sdtrk=SiteSearchV2Algo1&afsrc=1&trd=Get%20Deal%20at%20Target&sdtid=17138446&tid=17138446&prop=diavail-true%7Cdincp-2%7Cdinpd-1%7Cdipgavail-true&pv=48f4ff20930611eebb330a985dc1f53e&au=4986a2c304b4427a87d3ca1ef45fda1c,This item has no description,
https://slickdeals.net/?sdtrk=SiteSearchV2Algo1&afsrc=1&trd=Get%20Deal%20at%20Amazon&sdtid=17132095&tid=17132095&pno=896896&prop=diavail-true%7Cdincp-1%7Cdinpd-12%7Cdipgavail-true&pv=4d4b49a8930611eeba919a140b1569d6&au=4986a2c304b4427a87d3ca1ef45fda1c,This item has no description,
https://slickdeals.net/?sdtrk=SiteSearchV2Algo1&afsrc=1&trd=Get%20Deal%20at%20Chewy&sdtid=17110204&tid=17110204&pno=893584&prop=diavail-true%7Cdincp-0%7Cdinpd-4%7Cdipgavail-false&pv=51bd982e930611ee8fda7a1b1e43ba39&au=4986a2c304b4427a87d3ca1ef45fda1c,This item has no description,
https://slickdeals.net/?sdtrk=SiteSearchV2Algo1&afsrc=1&trd=Get%20Deal%20at%20Chewy&sdtid=17117278&tid=17117278&pno=895363&prop=diavail-true%7Cdincp-2%7Cdinpd-0%7Cdipgavail-true&pv=55ee20a8930611eea94c46a353a83649&au=4986a2c304b4427a87d3ca1ef45fda1c,This item has no description,
https://slickdeals.net/?sdtrk=SiteSearchV2Algo1&afsrc=1&trd=Get%20Deal%20at%20Target&sdtid=17080174&tid=17080174&pno=890275&prop=diavail-true%7Cdincp-3%7Cdinpd-2%7Cdipgavail-true&pv=5a466bec930611eebf8cd6780b5c7112&au=4986a2c304b4427a87d3ca1ef45fda1c,This item has no description,
https://slickdeals.net/?sdtrk=SiteSearchV2Algo1&afsrc=1&trd=Get%20Deal%20at%20Chewy&sdtid=17137240&tid=17137240&pno=897673&prop=diavail-false%7Cdincp-0%7Cdinpd-0%7Cdipgavail-false&pv=5e91f9dc930611eeb7fe5217dadf8f51&au=4986a2c304b4427a87d3ca1ef45fda1c,"Make your kitty’s gift unforgettable this year with a special holiday-themed Goody Box by Chewy.
This holiday Goody Box includes a penguin plush kicker toy; a pack of 10 bouncy, holiday-colored spring toys; a foldable play tunnel; and delicious treats from Temptations and Hartz Delectables. Plus, all three toys include catnip, for maxed-out holiday excitement.
Each item has been hand-picked by the pet-obsessed experts at Chewy.
Save up to 35% by bundling all these cat-approved products together.
Provides an opportunity to strengthen your bond and make this holiday the best one yet.",
https://slickdeals.net/?sdtrk=SiteSearchV2Algo1&afsrc=1&trd=Get%20Deal%20at%20Woot%21&sdtid=17137948&tid=17137948&prop=diavail-false%7Cdincp-0%7Cdinpd-0%7Cdipgavail-false&pv=611d2316930611eea663ca32e05c6d67&au=4986a2c304b4427a87d3ca1ef45fda1c,This item has no description,
https://slickdeals.net/?sdtrk=SiteSearchV2Algo1&afsrc=1&trd=Get%20Deal%20at%20Amazon&sdtid=17108209&tid=17108209&prop=diavail-true%7Cdincp-1%7Cdinpd-7%7Cdipgavail-true&pv=656b5398930611ee9c34763100633dd8&au=4986a2c304b4427a87d3ca1ef45fda1c,This item has no description,
https://slickdeals.net/?sdtrk=SiteSearchV2Algo1&afsrc=1&trd=Get%20Deal%20at%20Amazon&sdtid=17081947&tid=17081947&prop=diavail-true%7Cdincp-1%7Cdinpd-12%7Cdipgavail-true&pv=69b66816930611eeb7cffae05afd5f94&au=4986a2c304b4427a87d3ca1ef45fda1c,This item has no description,
https://slickdeals.net/?sdtrk=SiteSearchV2Algo1&afsrc=1&trd=Get%20Deal%20at%20Amazon&sdtid=17111266&tid=17111266&prop=diavail-true%7Cdincp-0%7Cdinpd-3%7Cdipgavail-false&pv=6e4e9308930611ee8ee232e1bb81e18c&au=4986a2c304b4427a87d3ca1ef45fda1c,This item has no description,
https://slickdeals.net/?sdtrk=SiteSearchV2Algo1&afsrc=1&trd=Get%20Deal%20at%20Chewy&sdtid=17043058&tid=17043058&pno=885532&prop=diavail-false%7Cdincp-0%7Cdinpd-0%7Cdipgavail-false&pv=72907be8930611ee901d7e1fa6f2e8ad&au=4986a2c304b4427a87d3ca1ef45fda1c,This item has no description,
https://slickdeals.net/?sdtrk=SiteSearchV2Algo1&afsrc=1&trd=Get%20Deal%20at%20Amazon&sdtid=17122435&tid=17122435&prop=diavail-true%7Cdincp-1%7Cdinpd-7%7Cdipgavail-true&pv=76eeafb6930611eeb275d2e5958396b2&au=4986a2c304b4427a87d3ca1ef45fda1c,This item has no description,
https://slickdeals.net/?sdtrk=SiteSearchV2Algo1&afsrc=1&trd=Get%20Deal%20at%20Amazon&sdtid=17094976&tid=17094976&prop=diavail-true%7Cdincp-2%7Cdinpd-2%7Cdipgavail-true&pv=7b46d944930611eeb985dee7c78a78dc&au=4986a2c304b4427a87d3ca1ef45fda1c,This item has no description,
https://slickdeals.net/?sdtrk=SiteSearchV2Algo1&afsrc=1&trd=Get%20Deal%20at%20Amazon&sdtid=17056915&tid=17056915&prop=diavail-true%7Cdincp-0%7Cdinpd-4%7Cdipgavail-false&pv=7f91f9b6930611eeb86c3ae2af341a1d&au=4986a2c304b4427a87d3ca1ef45fda1c,This item has no description,
https://slickdeals.net/?sdtrk=SiteSearchV2Algo1&afsrc=1&trd=Get%20Deal%20at%20Amazon&sdtid=17100946&tid=17100946&prop=diavail-true%7Cdincp-1%7Cdinpd-3%7Cdipgavail-false&pv=83e1c3e8930611ee886ec695055d1251&au=4986a2c304b4427a87d3ca1ef45fda1c,This item has no description,
https://slickdeals.net/?sdtrk=SiteSearchV2Algo1&afsrc=1&trd=Get%20Deal%20at%20Amazon&sdtid=17038660&tid=17038660&pno=884014&prop=diavail-true%7Cdincp-2%7Cdinpd-0%7Cdipgavail-true&pv=882f4f56930611ee870c22945b031f96&au=4986a2c304b4427a87d3ca1ef45fda1c,This item has no description,
https://slickdeals.net/?sdtrk=SiteSearchV2Algo1&afsrc=1&trd=Get%20Deal%20at%20Amazon&sdtid=17035588&tid=17035588&prop=diavail-false%7Cdincp-0%7Cdinpd-0%7Cdipgavail-false&pv=8c8b4050930611eeace496bc129f10c7&au=4986a2c304b4427a87d3ca1ef45fda1c,This item has no description,
https://slickdeals.net/?sdtrk=SiteSearchV2Algo1&afsrc=1&trd=Get%20Deal%20at%20Amazon&sdtid=16964371&tid=16964371&pno=872668&prop=diavail-true%7Cdincp-1%7Cdinpd-0%7Cdipgavail-false&pv=90db604a930611ee936752d99aef8a32&au=4986a2c304b4427a87d3ca1ef45fda1c,This item has no description,
https://slickdeals.net/?sdtrk=SiteSearchV2Algo1&afsrc=1&trd=Get%20Deal%20at%20Amazon&sdtid=17094625&tid=17094625&prop=diavail-true%7Cdincp-1%7Cdinpd-0%7Cdipgavail-false&pv=95387efc930611ee973d5a783dfab57c&au=4986a2c304b4427a87d3ca1ef45fda1c,This item has no description,
https://slickdeals.net/?sdtrk=SiteSearchV2Algo1&afsrc=1&trd=Get%20Deal%20at%20Amazon&sdtid=17113717&tid=17113717&prop=diavail-true%7Cdincp-3%7Cdinpd-0%7Cdipgavail-true&pv=9976cd34930611eebfd6aa569a0b14b4&au=4986a2c304b4427a87d3ca1ef45fda1c,This item has no description,
https://slickdeals.net/?sdtrk=SiteSearchV2Algo1&afsrc=1&trd=Get%20Deal%20at%20Target&sdtid=17138446&tid=17138446&prop=diavail-true%7Cdincp-2%7Cdinpd-1%7Cdipgavail-true&pv=9dc980b6930611ee93da3e8a4a86d54f&au=4986a2c304b4427a87d3ca1ef45fda1c,This item has no description,
https://slickdeals.net/?sdtrk=SiteSearchV2Algo1&afsrc=1&trd=Get%20Deal%20at%20Amazon&sdtid=17132095&tid=17132095&pno=896896&prop=diavail-true%7Cdincp-1%7Cdinpd-12%7Cdipgavail-true&pv=a226a04e930611eea57802ced187688b&au=4986a2c304b4427a87d3ca1ef45fda1c,This item has no description,
https://slickdeals.net/?sdtrk=SiteSearchV2Algo1&afsrc=1&trd=Get%20Deal%20at%20Chewy&sdtid=17110204&tid=17110204&pno=893584&prop=diavail-true%7Cdincp-0%7Cdinpd-4%7Cdipgavail-false&pv=a6b5f114930611ee88719e51afe3efdb&au=4986a2c304b4427a87d3ca1ef45fda1c,This item has no description,
https://slickdeals.net/?sdtrk=SiteSearchV2Algo1&afsrc=1&trd=Get%20Deal%20at%20Chewy&sdtid=17117278&tid=17117278&pno=895363&prop=diavail-true%7Cdincp-2%7Cdinpd-0%7Cdipgavail-true&pv=ab1b1fa4930611ee80143ebc8cc252b3&au=4986a2c304b4427a87d3ca1ef45fda1c,This item has no description,
https://slickdeals.net/?sdtrk=SiteSearchV2Algo1&afsrc=1&trd=Get%20Deal%20at%20Target&sdtid=17080174&tid=17080174&pno=890275&prop=diavail-true%7Cdincp-3%7Cdinpd-2%7Cdipgavail-true&pv=af6f0642930611ee949c12735a8b63a5&au=4986a2c304b4427a87d3ca1ef45fda1c,This item has no description,
https://slickdeals.net/?sdtrk=SiteSearchV2Algo1&afsrc=1&trd=Get%20Deal%20at%20Chewy&sdtid=17137240&tid=17137240&pno=897673&prop=diavail-false%7Cdincp-0%7Cdinpd-0%7Cdipgavail-false&pv=b3b79692930611eeac6c2a338d338185&au=4986a2c304b4427a87d3ca1ef45fda1c,"Make your kitty’s gift unforgettable this year with a special holiday-themed Goody Box by Chewy.
This holiday Goody Box includes a penguin plush kicker toy; a pack of 10 bouncy, holiday-colored spring toys; a foldable play tunnel; and delicious treats from Temptations and Hartz Delectables. Plus, all three toys include catnip, for maxed-out holiday excitement.
Each item has been hand-picked by the pet-obsessed experts at Chewy.
Save up to 35% by bundling all these cat-approved products together.
Provides an opportunity to strengthen your bond and make this holiday the best one yet.",
https://slickdeals.net/?sdtrk=SiteSearchV2Algo1&afsrc=1&trd=Get%20Deal%20at%20Woot%21&sdtid=17137948&tid=17137948&prop=diavail-false%7Cdincp-0%7Cdinpd-0%7Cdipgavail-false&pv=b63ad370930611eebad71a5de5c8a3b2&au=4986a2c304b4427a87d3ca1ef45fda1c,This item has no description,
https://slickdeals.net/?sdtrk=SiteSearchV2Algo1&afsrc=1&trd=Get%20Deal%20at%20Amazon&sdtid=17108209&tid=17108209&prop=diavail-true%7Cdincp-1%7Cdinpd-7%7Cdipgavail-true&pv=ba70873c930611ee9af7ee446ae44d1d&au=4986a2c304b4427a87d3ca1ef45fda1c,This item has no description,
https://slickdeals.net/?sdtrk=SiteSearchV2Algo1&afsrc=1&trd=Get%20Deal%20at%20Amazon&sdtid=17081947&tid=17081947&prop=diavail-true%7Cdincp-1%7Cdinpd-12%7Cdipgavail-true&pv=beaa0a6c930611ee8a644267e803f315&au=4986a2c304b4427a87d3ca1ef45fda1c,This item has no description,
https://slickdeals.net/?sdtrk=SiteSearchV2Algo1&afsrc=1&trd=Get%20Deal%20at%20Amazon&sdtid=17111266&tid=17111266&prop=diavail-true%7Cdincp-0%7Cdinpd-3%7Cdipgavail-false&pv=c2de76e0930611eeb9ea9ee15ae9a4c5&au=4986a2c304b4427a87d3ca1ef45fda1c,This item has no description,
https://slickdeals.net/?sdtrk=SiteSearchV2Algo1&afsrc=1&trd=Get%20Deal%20at%20Chewy&sdtid=17043058&tid=17043058&pno=885532&prop=diavail-false%7Cdincp-0%7Cdinpd-0%7Cdipgavail-false&pv=c722805c930611eebc6c0ab13a408f6d&au=4986a2c304b4427a87d3ca1ef45fda1c,This item has no description,
https://slickdeals.net/?sdtrk=SiteSearchV2Algo1&afsrc=1&trd=Get%20Deal%20at%20Amazon&sdtid=17122435&tid=17122435&prop=diavail-true%7Cdincp-1%7Cdinpd-7%7Cdipgavail-true&pv=cbb1044a930611ee9f47ee7b3f3e8d1f&au=4986a2c304b4427a87d3ca1ef45fda1c,This item has no description,
https://slickdeals.net/?sdtrk=SiteSearchV2Algo1&afsrc=1&trd=Get%20Deal%20at%20Amazon&sdtid=17094976&tid=17094976&prop=diavail-true%7Cdincp-2%7Cdinpd-2%7Cdipgavail-true&pv=d034ea40930611eea5c7d265bfc59192&au=4986a2c304b4427a87d3ca1ef45fda1c,This item has no description,
https://slickdeals.net/?sdtrk=SiteSearchV2Algo1&afsrc=1&trd=Get%20Deal%20at%20Amazon&sdtid=17056915&tid=17056915&prop=diavail-true%7Cdincp-0%7Cdinpd-4%7Cdipgavail-false&pv=d48cafc4930611eeb19f4267e803f315&au=4986a2c304b4427a87d3ca1ef45fda1c,This item has no description,
https://slickdeals.net/?sdtrk=SiteSearchV2Algo1&afsrc=1&trd=Get%20Deal%20at%20Amazon&sdtid=17100946&tid=17100946&prop=diavail-true%7Cdincp-1%7Cdinpd-3%7Cdipgavail-false&pv=d8d77f14930611ee93093e8a4a86d54f&au=4986a2c304b4427a87d3ca1ef45fda1c,This item has no description,
https://slickdeals.net/?sdtrk=SiteSearchV2Algo1&afsrc=1&trd=Get%20Deal%20at%20Amazon&sdtid=17038660&tid=17038660&pno=884014&prop=diavail-true%7Cdincp-2%7Cdinpd-0%7Cdipgavail-true&pv=dd13cbe6930611ee87dcf68da10d4181&au=4986a2c304b4427a87d3ca1ef45fda1c,This item has no description,
https://slickdeals.net/?sdtrk=SiteSearchV2Algo1&afsrc=1&trd=Get%20Deal%20at%20Amazon&sdtid=17035588&tid=17035588&prop=diavail-false%7Cdincp-0%7Cdinpd-0%7Cdipgavail-false&pv=e1938814930611eeb1f48641be08cf16&au=4986a2c304b4427a87d3ca1ef45fda1c,This item has no description,
https://slickdeals.net/?sdtrk=SiteSearchV2Algo1&afsrc=1&trd=Get%20Deal%20at%20Amazon&sdtid=16964371&tid=16964371&pno=872668&prop=diavail-true%7Cdincp-1%7Cdinpd-0%7Cdipgavail-false&pv=e5d87984930611eea0c18641be08cf16&au=4986a2c304b4427a87d3ca1ef45fda1c,This item has no description,
https://slickdeals.net/?sdtrk=SiteSearchV2Algo1&afsrc=1&trd=Get%20Deal%20at%20Amazon&sdtid=17094625&tid=17094625&prop=diavail-true%7Cdincp-1%7Cdinpd-0%7Cdipgavail-false&pv=ea23fd10930611ee80212ecfd3424a6c&au=4986a2c304b4427a87d3ca1ef45fda1c,This item has no description,
https://slickdeals.net/?sdtrk=SiteSearchV2Algo1&afsrc=1&trd=Get%20Deal%20at%20Amazon&sdtid=17113717&tid=17113717&prop=diavail-true%7Cdincp-3%7Cdinpd-0%7Cdipgavail-true&pv=ee63fd08930611eea9861ecc22d9047b&au=4986a2c304b4427a87d3ca1ef45fda1c,This item has no description,
https://slickdeals.net/?sdtrk=SiteSearchV2Algo1&afsrc=1&trd=Get%20Deal%20at%20Target&sdtid=17138446&tid=17138446&prop=diavail-true%7Cdincp-2%7Cdinpd-1%7Cdipgavail-true&pv=f2cb3b22930611eea6619277d926bb46&au=4986a2c304b4427a87d3ca1ef45fda1c,This item has no description,
https://slickdeals.net/?sdtrk=SiteSearchV2Algo1&afsrc=1&trd=Get%20Deal%20at%20Amazon&sdtid=17132095&tid=17132095&pno=896896&prop=diavail-true%7Cdincp-1%7Cdinpd-12%7Cdipgavail-true&pv=f7123a6e930611eeba21aea895ef3e67&au=4986a2c304b4427a87d3ca1ef45fda1c,This item has no description,
https://slickdeals.net/?sdtrk=SiteSearchV2Algo1&afsrc=1&trd=Get%20Deal%20at%20Chewy&sdtid=17110204&tid=17110204&pno=893584&prop=diavail-true%7Cdincp-0%7Cdinpd-4%7Cdipgavail-false&pv=fb6d8212930611eebcde86ac4273965d&au=4986a2c304b4427a87d3ca1ef45fda1c,This item has no description,
https://slickdeals.net/?sdtrk=SiteSearchV2Algo1&afsrc=1&trd=Get%20Deal%20at%20Chewy&sdtid=17117278&tid=17117278&pno=895363&prop=diavail-true%7Cdincp-2%7Cdinpd-0%7Cdipgavail-true&pv=ffcb2ee0930611eeae9a0e86e249807d&au=4986a2c304b4427a87d3ca1ef45fda1c,This item has no description,
https://slickdeals.net/?sdtrk=SiteSearchV2Algo1&afsrc=1&trd=Get%20Deal%20at%20Target&sdtid=17080174&tid=17080174&pno=890275&prop=diavail-true%7Cdincp-3%7Cdinpd-2%7Cdipgavail-true&pv=042a08da930711ee80a6a6d63f35ac30&au=4986a2c304b4427a87d3ca1ef45fda1c,This item has no description,
https://slickdeals.net/?sdtrk=SiteSearchV2Algo1&afsrc=1&trd=Get%20Deal%20at%20Chewy&sdtid=17137240&tid=17137240&pno=897673&prop=diavail-false%7Cdincp-0%7Cdinpd-0%7Cdipgavail-false&pv=088d3cc6930711eeb1c60e6aeaa7f2d9&au=4986a2c304b4427a87d3ca1ef45fda1c,"Make your kitty’s gift unforgettable this year with a special holiday-themed Goody Box by Chewy.
This holiday Goody Box includes a penguin plush kicker toy; a pack of 10 bouncy, holiday-colored spring toys; a foldable play tunnel; and delicious treats from Temptations and Hartz Delectables. Plus, all three toys include catnip, for maxed-out holiday excitement.
Each item has been hand-picked by the pet-obsessed experts at Chewy.
Save up to 35% by bundling all these cat-approved products together.
Provides an opportunity to strengthen your bond and make this holiday the best one yet.",
https://slickdeals.net/?sdtrk=SiteSearchV2Algo1&afsrc=1&trd=Get%20Deal%20at%20Woot%21&sdtid=17137948&tid=17137948&prop=diavail-false%7Cdincp-0%7Cdinpd-0%7Cdipgavail-false&pv=0b13e8be930711ee924a96097eac0713&au=4986a2c304b4427a87d3ca1ef45fda1c,This item has no description,
https://slickdeals.net/?sdtrk=SiteSearchV2Algo1&afsrc=1&trd=Get%20Deal%20at%20Amazon&sdtid=17108209&tid=17108209&prop=diavail-true%7Cdincp-1%7Cdinpd-7%7Cdipgavail-true&pv=0f4f84ec930711ee98445eb20a345d12&au=4986a2c304b4427a87d3ca1ef45fda1c,This item has no description,
https://slickdeals.net/?sdtrk=SiteSearchV2Algo1&afsrc=1&trd=Get%20Deal%20at%20Amazon&sdtid=17081947&tid=17081947&prop=diavail-true%7Cdincp-1%7Cdinpd-12%7Cdipgavail-true&pv=1398a1b4930711eeb29316284d3f4263&au=4986a2c304b4427a87d3ca1ef45fda1c,This item has no description,
https://slickdeals.net/?sdtrk=SiteSearchV2Algo1&afsrc=1&trd=Get%20Deal%20at%20Amazon&sdtid=17111266&tid=17111266&prop=diavail-true%7Cdincp-0%7Cdinpd-3%7Cdipgavail-false&pv=17dbe9a2930711ee8e7532155b593741&au=4986a2c304b4427a87d3ca1ef45fda1c,This item has no description,
https://slickdeals.net/?sdtrk=SiteSearchV2Algo1&afsrc=1&trd=Get%20Deal%20at%20Chewy&sdtid=17043058&tid=17043058&pno=885532&prop=diavail-false%7Cdincp-0%7Cdinpd-0%7Cdipgavail-false&pv=1c0d179e930711eeab20ba76352d654b&au=4986a2c304b4427a87d3ca1ef45fda1c,This item has no description,
https://slickdeals.net/?sdtrk=SiteSearchV2Algo1&afsrc=1&trd=Get%20Deal%20at%20Amazon&sdtid=17122435&tid=17122435&prop=diavail-true%7Cdincp-1%7Cdinpd-7%7Cdipgavail-true&pv=208998b0930711ee980b5281c35caba3&au=4986a2c304b4427a87d3ca1ef45fda1c,This item has no description,
https://slickdeals.net/?sdtrk=SiteSearchV2Algo1&afsrc=1&trd=Get%20Deal%20at%20Amazon&sdtid=17094976&tid=17094976&prop=diavail-true%7Cdincp-2%7Cdinpd-2%7Cdipgavail-true&pv=24b5e5b0930711eebfd6aa569a0b14b4&au=4986a2c304b4427a87d3ca1ef45fda1c,This item has no description,
https://slickdeals.net/?sdtrk=SiteSearchV2Algo1&afsrc=1&trd=Get%20Deal%20at%20Amazon&sdtid=17056915&tid=17056915&prop=diavail-true%7Cdincp-0%7Cdinpd-4%7Cdipgavail-false&pv=292a24b2930711ee9f638641be08cf16&au=4986a2c304b4427a87d3ca1ef45fda1c,This item has no description,
https://slickdeals.net/?sdtrk=SiteSearchV2Algo1&afsrc=1&trd=Get%20Deal%20at%20Amazon&sdtid=17100946&tid=17100946&prop=diavail-true%7Cdincp-1%7Cdinpd-3%7Cdipgavail-false&pv=2d8a4136930711eeaa409633568f9314&au=4986a2c304b4427a87d3ca1ef45fda1c,This item has no description,
https://slickdeals.net/?sdtrk=SiteSearchV2Algo1&afsrc=1&trd=Get%20Deal%20at%20Amazon&sdtid=17038660&tid=17038660&pno=884014&prop=diavail-true%7Cdincp-2%7Cdinpd-0%7Cdipgavail-true&pv=31d53f52930711eeb42cd28e2e2cc546&au=4986a2c304b4427a87d3ca1ef45fda1c,This item has no description,
https://slickdeals.net/?sdtrk=SiteSearchV2Algo1&afsrc=1&trd=Get%20Deal%20at%20Amazon&sdtid=17035588&tid=17035588&prop=diavail-false%7Cdincp-0%7Cdinpd-0%7Cdipgavail-false&pv=3639a79a930711ee806c32e1bb81e18c&au=4986a2c304b4427a87d3ca1ef45fda1c,This item has no description,
https://slickdeals.net/?sdtrk=SiteSearchV2Algo1&afsrc=1&trd=Get%20Deal%20at%20Amazon&sdtid=16964371&tid=16964371&pno=872668&prop=diavail-true%7Cdincp-1%7Cdinpd-0%7Cdipgavail-false&pv=3a87154e930711ee8dd3f6836995d55b&au=4986a2c304b4427a87d3ca1ef45fda1c,This item has no description,
https://slickdeals.net/?sdtrk=SiteSearchV2Algo1&afsrc=1&trd=Get%20Deal%20at%20Amazon&sdtid=17094625&tid=17094625&prop=diavail-true%7Cdincp-1%7Cdinpd-0%7Cdipgavail-false&pv=3f4532c8930711eea3d23e8a4a86d54f&au=4986a2c304b4427a87d3ca1ef45fda1c,This item has no description,
https://slickdeals.net/?sdtrk=SiteSearchV2Algo1&afsrc=1&trd=Get%20Deal%20at%20Amazon&sdtid=17113717&tid=17113717&prop=diavail-true%7Cdincp-3%7Cdinpd-0%7Cdipgavail-true&pv=439ba096930711eeb5abee2e757ac07b&au=4986a2c304b4427a87d3ca1ef45fda1c,This item has no description,
https://slickdeals.net/?sdtrk=SiteSearchV2Algo1&afsrc=1&trd=Get%20Deal%20at%20Target&sdtid=17138446&tid=17138446&prop=diavail-true%7Cdincp-2%7Cdinpd-1%7Cdipgavail-true&pv=47efa70a930711ee952f96097eac0713&au=4986a2c304b4427a87d3ca1ef45fda1c,This item has no description,
https://slickdeals.net/?sdtrk=SiteSearchV2Algo1&afsrc=1&trd=Get%20Deal%20at%20Amazon&sdtid=17132095&tid=17132095&pno=896896&prop=diavail-true%7Cdincp-1%7Cdinpd-12%7Cdipgavail-true&pv=4c465d76930711ee9be49ae98ab22c26&au=4986a2c304b4427a87d3ca1ef45fda1c,This item has no description,
https://slickdeals.net/?sdtrk=SiteSearchV2Algo1&afsrc=1&trd=Get%20Deal%20at%20Chewy&sdtid=17110204&tid=17110204&pno=893584&prop=diavail-true%7Cdincp-0%7Cdinpd-4%7Cdipgavail-false&pv=50a6872e930711ee81e9ee2e757ac07b&au=4986a2c304b4427a87d3ca1ef45fda1c,This item has no description,
https://slickdeals.net/?sdtrk=SiteSearchV2Algo1&afsrc=1&trd=Get%20Deal%20at%20Chewy&sdtid=17117278&tid=17117278&pno=895363&prop=diavail-true%7Cdincp-2%7Cdinpd-0%7Cdipgavail-true&pv=5572ea4a930711eeb9b8a66a415f3ee7&au=4986a2c304b4427a87d3ca1ef45fda1c,This item has no description,
https://slickdeals.net/?sdtrk=SiteSearchV2Algo1&afsrc=1&trd=Get%20Deal%20at%20Target&sdtid=17080174&tid=17080174&pno=890275&prop=diavail-true%7Cdincp-3%7Cdinpd-2%7Cdipgavail-true&pv=59df1bda930711ee9aa4d28e2e2cc546&au=4986a2c304b4427a87d3ca1ef45fda1c,This item has no description,
https://slickdeals.net/?sdtrk=SiteSearchV2Algo1&afsrc=1&trd=Get%20Deal%20at%20Chewy&sdtid=17137240&tid=17137240&pno=897673&prop=diavail-false%7Cdincp-0%7Cdinpd-0%7Cdipgavail-false&pv=5e41fa9e930711ee8df402ced187688b&au=4986a2c304b4427a87d3ca1ef45fda1c,"Make your kitty’s gift unforgettable this year with a special holiday-themed Goody Box by Chewy.
This holiday Goody Box includes a penguin plush kicker toy; a pack of 10 bouncy, holiday-colored spring toys; a foldable play tunnel; and delicious treats from Temptations and Hartz Delectables. Plus, all three toys include catnip, for maxed-out holiday excitement.
Each item has been hand-picked by the pet-obsessed experts at Chewy.
Save up to 35% by bundling all these cat-approved products together.
Provides an opportunity to strengthen your bond and make this holiday the best one yet.",
https://slickdeals.net/?sdtrk=SiteSearchV2Algo1&afsrc=1&trd=Get%20Deal%20at%20Woot%21&sdtid=17137948&tid=17137948&prop=diavail-false%7Cdincp-0%7Cdinpd-0%7Cdipgavail-false&pv=60a88e92930711eeb6c2ced5612574d3&au=4986a2c304b4427a87d3ca1ef45fda1c,This item has no description,
https://slickdeals.net/?sdtrk=SiteSearchV2Algo1&afsrc=1&trd=Get%20Deal%20at%20Amazon&sdtid=17108209&tid=17108209&prop=diavail-true%7Cdincp-1%7Cdinpd-7%7Cdipgavail-true&pv=64fb3c7e930711ee9349668ace3e3677&au=4986a2c304b4427a87d3ca1ef45fda1c,This item has no description,
https://slickdeals.net/?sdtrk=SiteSearchV2Algo1&afsrc=1&trd=Get%20Deal%20at%20Amazon&sdtid=17081947&tid=17081947&prop=diavail-true%7Cdincp-1%7Cdinpd-12%7Cdipgavail-true&pv=6940e3ba930711eebe5602fafdfe0186&au=4986a2c304b4427a87d3ca1ef45fda1c,This item has no description,
https://slickdeals.net/?sdtrk=SiteSearchV2Algo1&afsrc=1&trd=Get%20Deal%20at%20Amazon&sdtid=17111266&tid=17111266&prop=diavail-true%7Cdincp-0%7Cdinpd-3%7Cdipgavail-false&pv=6d9889e0930711eea7acc695055d1251&au=4986a2c304b4427a87d3ca1ef45fda1c,This item has no description,
https://slickdeals.net/?sdtrk=SiteSearchV2Algo1&afsrc=1&trd=Get%20Deal%20at%20Chewy&sdtid=17043058&tid=17043058&pno=885532&prop=diavail-false%7Cdincp-0%7Cdinpd-0%7Cdipgavail-false&pv=71e96050930711ee8b75e2ff9c0aef19&au=4986a2c304b4427a87d3ca1ef45fda1c,This item has no description,
https://slickdeals.net/?sdtrk=SiteSearchV2Algo1&afsrc=1&trd=Get%20Deal%20at%20Amazon&sdtid=17122435&tid=17122435&prop=diavail-true%7Cdincp-1%7Cdinpd-7%7Cdipgavail-true&pv=7639ddba930711ee8e048a794a57f3ed&au=4986a2c304b4427a87d3ca1ef45fda1c,This item has no description,
https://slickdeals.net/?sdtrk=SiteSearchV2Algo1&afsrc=1&trd=Get%20Deal%20at%20Amazon&sdtid=17094976&tid=17094976&prop=diavail-true%7Cdincp-2%7Cdinpd-2%7Cdipgavail-true&pv=7a9502b8930711eeb4529ae98ab22c26&au=4986a2c304b4427a87d3ca1ef45fda1c,This item has no description,
https://slickdeals.net/?sdtrk=SiteSearchV2Algo1&afsrc=1&trd=Get%20Deal%20at%20Amazon&sdtid=17056915&tid=17056915&prop=diavail-true%7Cdincp-0%7Cdinpd-4%7Cdipgavail-false&pv=7ee0456c930711ee8add22426bd0a8ca&au=4986a2c304b4427a87d3ca1ef45fda1c,This item has no description,
https://slickdeals.net/?sdtrk=SiteSearchV2Algo1&afsrc=1&trd=Get%20Deal%20at%20Amazon&sdtid=17100946&tid=17100946&prop=diavail-true%7Cdincp-1%7Cdinpd-3%7Cdipgavail-false&pv=831c91e4930711eebc00562d90c88812&au=4986a2c304b4427a87d3ca1ef45fda1c,This item has no description,
https://slickdeals.net/?sdtrk=SiteSearchV2Algo1&afsrc=1&trd=Get%20Deal%20at%20Amazon&sdtid=17038660&tid=17038660&pno=884014&prop=diavail-true%7Cdincp-2%7Cdinpd-0%7Cdipgavail-true&pv=877a7440930711eea946b213d4e1265c&au=4986a2c304b4427a87d3ca1ef45fda1c,This item has no description,
https://slickdeals.net/?sdtrk=SiteSearchV2Algo1&afsrc=1&trd=Get%20Deal%20at%20Amazon&sdtid=17035588&tid=17035588&prop=diavail-false%7Cdincp-0%7Cdinpd-0%7Cdipgavail-false&pv=8bd9953e930711ee82d086ac4273965d&au=4986a2c304b4427a87d3ca1ef45fda1c,This item has no description,
https://slickdeals.net/?sdtrk=SiteSearchV2Algo1&afsrc=1&trd=Get%20Deal%20at%20Amazon&sdtid=16964371&tid=16964371&pno=872668&prop=diavail-true%7Cdincp-1%7Cdinpd-0%7Cdipgavail-false&pv=9037aca6930711eeb6e5ea7718e137e0&au=4986a2c304b4427a87d3ca1ef45fda1c,This item has no description,
https://slickdeals.net/?sdtrk=SiteSearchV2Algo1&afsrc=1&trd=Get%20Deal%20at%20Amazon&sdtid=17094625&tid=17094625&prop=diavail-true%7Cdincp-1%7Cdinpd-0%7Cdipgavail-false&pv=94713b34930711eeb218d6780b5c7112&au=4986a2c304b4427a87d3ca1ef45fda1c,This item has no description,
https://slickdeals.net/?sdtrk=SiteSearchV2Algo1&afsrc=1&trd=Get%20Deal%20at%20Amazon&sdtid=17113717&tid=17113717&prop=diavail-true%7Cdincp-3%7Cdinpd-0%7Cdipgavail-true&pv=98b6f4c2930711eea6608280f768462e&au=4986a2c304b4427a87d3ca1ef45fda1c,This item has no description,
https://slickdeals.net/?sdtrk=SiteSearchV2Algo1&afsrc=1&trd=Get%20Deal%20at%20Target&sdtid=17138446&tid=17138446&prop=diavail-true%7Cdincp-2%7Cdinpd-1%7Cdipgavail-true&pv=9d12659c930711ee91d3eef2e093f679&au=4986a2c304b4427a87d3ca1ef45fda1c,This item has no description,
https://slickdeals.net/?sdtrk=SiteSearchV2Algo1&afsrc=1&trd=Get%20Deal%20at%20Amazon&sdtid=17132095&tid=17132095&pno=896896&prop=diavail-true%7Cdincp-1%7Cdinpd-12%7Cdipgavail-true&pv=a1c8a6d2930711ee99a76eb946fa210e&au=4986a2c304b4427a87d3ca1ef45fda1c,This item has no description,
https://slickdeals.net/?sdtrk=SiteSearchV2Algo1&afsrc=1&trd=Get%20Deal%20at%20Chewy&sdtid=17110204&tid=17110204&pno=893584&prop=diavail-true%7Cdincp-0%7Cdinpd-4%7Cdipgavail-false&pv=a69272a6930711ee98be22426bd0a8ca&au=4986a2c304b4427a87d3ca1ef45fda1c,This item has no description,
https://slickdeals.net/?sdtrk=SiteSearchV2Algo1&afsrc=1&trd=Get%20Deal%20at%20Chewy&sdtid=17117278&tid=17117278&pno=895363&prop=diavail-true%7Cdincp-2%7Cdinpd-0%7Cdipgavail-true&pv=abc1cc04930711eea060362f91a0a8f9&au=4986a2c304b4427a87d3ca1ef45fda1c,This item has no description,
https://slickdeals.net/?sdtrk=SiteSearchV2Algo1&afsrc=1&trd=Get%20Deal%20at%20Target&sdtid=17080174&tid=17080174&pno=890275&prop=diavail-true%7Cdincp-3%7Cdinpd-2%7Cdipgavail-true&pv=b09a4616930711eea1c176a70f53cfb2&au=4986a2c304b4427a87d3ca1ef45fda1c,This item has no description,
https://slickdeals.net/?sdtrk=SiteSearchV2Algo1&afsrc=1&trd=Get%20Deal%20at%20Chewy&sdtid=17137240&tid=17137240&pno=897673&prop=diavail-false%7Cdincp-0%7Cdinpd-0%7Cdipgavail-false&pv=b5a1d6b0930711ee8d6a0e774cf9d669&au=4986a2c304b4427a87d3ca1ef45fda1c,"Make your kitty’s gift unforgettable this year with a special holiday-themed Goody Box by Chewy.
This holiday Goody Box includes a penguin plush kicker toy; a pack of 10 bouncy, holiday-colored spring toys; a foldable play tunnel; and delicious treats from Temptations and Hartz Delectables. Plus, all three toys include catnip, for maxed-out holiday excitement.
Each item has been hand-picked by the pet-obsessed experts at Chewy.
Save up to 35% by bundling all these cat-approved products together.
Provides an opportunity to strengthen your bond and make this holiday the best one yet.",
https://slickdeals.net/?sdtrk=SiteSearchV2Algo1&afsrc=1&trd=Get%20Deal%20at%20Woot%21&sdtid=17137948&tid=17137948&prop=diavail-false%7Cdincp-0%7Cdinpd-0%7Cdipgavail-false&pv=b8f3404c930711eebdd33e364c14c401&au=4986a2c304b4427a87d3ca1ef45fda1c,This item has no description,
https://slickdeals.net/?sdtrk=SiteSearchV2Algo1&afsrc=1&trd=Get%20Deal%20at%20Amazon&sdtid=17108209&tid=17108209&prop=diavail-true%7Cdincp-1%7Cdinpd-7%7Cdipgavail-true&pv=bdaeffa4930711ee9118e281b58694f9&au=4986a2c304b4427a87d3ca1ef45fda1c,This item has no description,
https://slickdeals.net/?sdtrk=SiteSearchV2Algo1&afsrc=1&trd=Get%20Deal%20at%20Amazon&sdtid=17081947&tid=17081947&prop=diavail-true%7Cdincp-1%7Cdinpd-12%7Cdipgavail-true&pv=c29ef6ae930711ee8b283e364c14c401&au=4986a2c304b4427a87d3ca1ef45fda1c,This item has no description,
https://slickdeals.net/?sdtrk=SiteSearchV2Algo1&afsrc=1&trd=Get%20Deal%20at%20Amazon&sdtid=17111266&tid=17111266&prop=diavail-true%7Cdincp-0%7Cdinpd-3%7Cdipgavail-false&pv=c7bfae12930711ee8a37ea7718e137e0&au=4986a2c304b4427a87d3ca1ef45fda1c,This item has no description,
https://slickdeals.net/?sdtrk=SiteSearchV2Algo1&afsrc=1&trd=Get%20Deal%20at%20Chewy&sdtid=17043058&tid=17043058&pno=885532&prop=diavail-false%7Cdincp-0%7Cdinpd-0%7Cdipgavail-false&pv=cc54f1ee930711ee8c420675b876cbfa&au=4986a2c304b4427a87d3ca1ef45fda1c,This item has no description,
https://slickdeals.net/?sdtrk=SiteSearchV2Algo1&afsrc=1&trd=Get%20Deal%20at%20Amazon&sdtid=17122435&tid=17122435&prop=diavail-true%7Cdincp-1%7Cdinpd-7%7Cdipgavail-true&pv=d2f2779c930711ee9be99a5345c674ba&au=4986a2c304b4427a87d3ca1ef45fda1c,This item has no description,
https://slickdeals.net/?sdtrk=SiteSearchV2Algo1&afsrc=1&trd=Get%20Deal%20at%20Amazon&sdtid=17094976&tid=17094976&prop=diavail-true%7Cdincp-2%7Cdinpd-2%7Cdipgavail-true&pv=d81aa744930711eea3f50e86e249807d&au=4986a2c304b4427a87d3ca1ef45fda1c,This item has no description,
https://slickdeals.net/?sdtrk=SiteSearchV2Algo1&afsrc=1&trd=Get%20Deal%20at%20Amazon&sdtid=17056915&tid=17056915&prop=diavail-true%7Cdincp-0%7Cdinpd-4%7Cdipgavail-false&pv=dd562d6e930711eebcc1fae05afd5f94&au=4986a2c304b4427a87d3ca1ef45fda1c,This item has no description,
https://slickdeals.net/?sdtrk=SiteSearchV2Algo1&afsrc=1&trd=Get%20Deal%20at%20Amazon&sdtid=17100946&tid=17100946&prop=diavail-true%7Cdincp-1%7Cdinpd-3%7Cdipgavail-false&pv=e2bc9554930711ee8b844267e803f315&au=4986a2c304b4427a87d3ca1ef45fda1c,This item has no description,
https://slickdeals.net/?sdtrk=SiteSearchV2Algo1&afsrc=1&trd=Get%20Deal%20at%20Amazon&sdtid=17038660&tid=17038660&pno=884014&prop=diavail-true%7Cdincp-2%7Cdinpd-0%7Cdipgavail-true&pv=e7d489e8930711ee83c38e47b639583f&au=4986a2c304b4427a87d3ca1ef45fda1c,This item has no description,
https://slickdeals.net/?sdtrk=SiteSearchV2Algo1&afsrc=1&trd=Get%20Deal%20at%20Amazon&sdtid=17035588&tid=17035588&prop=diavail-false%7Cdincp-0%7Cdinpd-0%7Cdipgavail-false&pv=ed422066930711ee8c6b22945b031f96&au=4986a2c304b4427a87d3ca1ef45fda1c,This item has no description,
https://slickdeals.net/?sdtrk=SiteSearchV2Algo1&afsrc=1&trd=Get%20Deal%20at%20Amazon&sdtid=16964371&tid=16964371&pno=872668&prop=diavail-true%7Cdincp-1%7Cdinpd-0%7Cdipgavail-false&pv=f25ce7f2930711eeae2df6f2c7d713a0&au=4986a2c304b4427a87d3ca1ef45fda1c,This item has no description,
https://slickdeals.net/?sdtrk=SiteSearchV2Algo1&afsrc=1&trd=Get%20Deal%20at%20Amazon&sdtid=17094625&tid=17094625&prop=diavail-true%7Cdincp-1%7Cdinpd-0%7Cdipgavail-false&pv=f77d15d6930711eeb3723e70e4f2813c&au=4986a2c304b4427a87d3ca1ef45fda1c,This item has no description,
https://slickdeals.net/?sdtrk=SiteSearchV2Algo1&afsrc=1&trd=Get%20Deal%20at%20Amazon&sdtid=17113717&tid=17113717&prop=diavail-true%7Cdincp-3%7Cdinpd-0%7Cdipgavail-true&pv=fc79f1e4930711eeb128363f2c00ba5d&au=4986a2c304b4427a87d3ca1ef45fda1c,This item has no description,
https://slickdeals.net/?sdtrk=SiteSearchV2Algo1&afsrc=1&trd=Get%20Deal%20at%20Target&sdtid=17138446&tid=17138446&prop=diavail-true%7Cdincp-2%7Cdinpd-1%7Cdipgavail-true&pv=011fb530930811eea3d89277d926bb46&au=4986a2c304b4427a87d3ca1ef45fda1c,This item has no description,
https://slickdeals.net/?sdtrk=SiteSearchV2Algo1&afsrc=1&trd=Get%20Deal%20at%20Amazon&sdtid=17132095&tid=17132095&pno=896896&prop=diavail-true%7Cdincp-1%7Cdinpd-12%7Cdipgavail-true&pv=05d3ccd8930811eea2d4362f91a0a8f9&au=4986a2c304b4427a87d3ca1ef45fda1c,This item has no description,
https://slickdeals.net/?sdtrk=SiteSearchV2Algo1&afsrc=1&trd=Get%20Deal%20at%20Chewy&sdtid=17110204&tid=17110204&pno=893584&prop=diavail-true%7Cdincp-0%7Cdinpd-4%7Cdipgavail-false&pv=0b64deda930811ee956cce12c7b6dd9e&au=4986a2c304b4427a87d3ca1ef45fda1c,This item has no description,
https://slickdeals.net/?sdtrk=SiteSearchV2Algo1&afsrc=1&trd=Get%20Deal%20at%20Chewy&sdtid=17117278&tid=17117278&pno=895363&prop=diavail-true%7Cdincp-2%7Cdinpd-0%7Cdipgavail-true&pv=11079f58930811ee88da02fafdfe0186&au=4986a2c304b4427a87d3ca1ef45fda1c,This item has no description,
https://slickdeals.net/?sdtrk=SiteSearchV2Algo1&afsrc=1&trd=Get%20Deal%20at%20Target&sdtid=17080174&tid=17080174&pno=890275&prop=diavail-true%7Cdincp-3%7Cdinpd-2%7Cdipgavail-true&pv=155d5c14930811ee8e21162af5eba7fc&au=4986a2c304b4427a87d3ca1ef45fda1c,This item has no description,
https://slickdeals.net/?sdtrk=SiteSearchV2Algo1&afsrc=1&trd=Get%20Deal%20at%20Chewy&sdtid=17137240&tid=17137240&pno=897673&prop=diavail-false%7Cdincp-0%7Cdinpd-0%7Cdipgavail-false&pv=1a079e0a930811ee97e94267e803f315&au=4986a2c304b4427a87d3ca1ef45fda1c,"Make your kitty’s gift unforgettable this year with a special holiday-themed Goody Box by Chewy.
This holiday Goody Box includes a penguin plush kicker toy; a pack of 10 bouncy, holiday-colored spring toys; a foldable play tunnel; and delicious treats from Temptations and Hartz Delectables. Plus, all three toys include catnip, for maxed-out holiday excitement.
Each item has been hand-picked by the pet-obsessed experts at Chewy.
Save up to 35% by bundling all these cat-approved products together.
Provides an opportunity to strengthen your bond and make this holiday the best one yet.",
https://slickdeals.net/?sdtrk=SiteSearchV2Algo1&afsrc=1&trd=Get%20Deal%20at%20Woot%21&sdtid=17137948&tid=17137948&prop=diavail-false%7Cdincp-0%7Cdinpd-0%7Cdipgavail-false&pv=1cb86594930811ee82f96631cc1e7523&au=4986a2c304b4427a87d3ca1ef45fda1c,This item has no description,
https://slickdeals.net/?sdtrk=SiteSearchV2Algo1&afsrc=1&trd=Get%20Deal%20at%20Amazon&sdtid=17108209&tid=17108209&prop=diavail-true%7Cdincp-1%7Cdinpd-7%7Cdipgavail-true&pv=20e52e18930811eeb0a6ced5612574d3&au=4986a2c304b4427a87d3ca1ef45fda1c,This item has no description,
https://slickdeals.net/?sdtrk=SiteSearchV2Algo1&afsrc=1&trd=Get%20Deal%20at%20Amazon&sdtid=17081947&tid=17081947&prop=diavail-true%7Cdincp-1%7Cdinpd-12%7Cdipgavail-true&pv=2545a8a2930811ee838d0e2c2394bcf6&au=4986a2c304b4427a87d3ca1ef45fda1c,This item has no description,
https://slickdeals.net/?sdtrk=SiteSearchV2Algo1&afsrc=1&trd=Get%20Deal%20at%20Amazon&sdtid=17111266&tid=17111266&prop=diavail-true%7Cdincp-0%7Cdinpd-3%7Cdipgavail-false&pv=298ac820930811ee9042fa97e9bdbaef&au=4986a2c304b4427a87d3ca1ef45fda1c,This item has no description,
https://slickdeals.net/?sdtrk=SiteSearchV2Algo1&afsrc=1&trd=Get%20Deal%20at%20Chewy&sdtid=17043058&tid=17043058&pno=885532&prop=diavail-false%7Cdincp-0%7Cdinpd-0%7Cdipgavail-false&pv=2de9c934930811ee9fc532fabf77f97d&au=4986a2c304b4427a87d3ca1ef45fda1c,This item has no description,
https://slickdeals.net/?sdtrk=SiteSearchV2Algo1&afsrc=1&trd=Get%20Deal%20at%20Amazon&sdtid=17122435&tid=17122435&prop=diavail-true%7Cdincp-1%7Cdinpd-7%7Cdipgavail-true&pv=3280cac4930811ee99fec258c79c7091&au=4986a2c304b4427a87d3ca1ef45fda1c,This item has no description,
https://slickdeals.net/?sdtrk=SiteSearchV2Algo1&afsrc=1&trd=Get%20Deal%20at%20Amazon&sdtid=17094976&tid=17094976&prop=diavail-true%7Cdincp-2%7Cdinpd-2%7Cdipgavail-true&pv=36ce556a930811eea6247aabb1c97e42&au=4986a2c304b4427a87d3ca1ef45fda1c,This item has no description,
https://slickdeals.net/?sdtrk=SiteSearchV2Algo1&afsrc=1&trd=Get%20Deal%20at%20Amazon&sdtid=17056915&tid=17056915&prop=diavail-true%7Cdincp-0%7Cdinpd-4%7Cdipgavail-false&pv=3b643a36930811eeb18cd6c60b2fd597&au=4986a2c304b4427a87d3ca1ef45fda1c,This item has no description,
https://slickdeals.net/?sdtrk=SiteSearchV2Algo1&afsrc=1&trd=Get%20Deal%20at%20Amazon&sdtid=17100946&tid=17100946&prop=diavail-true%7Cdincp-1%7Cdinpd-3%7Cdipgavail-false&pv=3fbd1292930811eeb0d39a140b1569d6&au=4986a2c304b4427a87d3ca1ef45fda1c,This item has no description,
https://slickdeals.net/?sdtrk=SiteSearchV2Algo1&afsrc=1&trd=Get%20Deal%20at%20Amazon&sdtid=17038660&tid=17038660&pno=884014&prop=diavail-true%7Cdincp-2%7Cdinpd-0%7Cdipgavail-true&pv=441bf650930811ee9647162af5eba7fc&au=4986a2c304b4427a87d3ca1ef45fda1c,This item has no description,
https://slickdeals.net/?sdtrk=SiteSearchV2Algo1&afsrc=1&trd=Get%20Deal%20at%20Amazon&sdtid=17035588&tid=17035588&prop=diavail-false%7Cdincp-0%7Cdinpd-0%7Cdipgavail-false&pv=48780888930811ee88854e3d14269b0d&au=4986a2c304b4427a87d3ca1ef45fda1c,This item has no description,
https://slickdeals.net/?sdtrk=SiteSearchV2Algo1&afsrc=1&trd=Get%20Deal%20at%20Amazon&sdtid=16964371&tid=16964371&pno=872668&prop=diavail-true%7Cdincp-1%7Cdinpd-0%7Cdipgavail-false&pv=4cdfddc4930811eeba8296bc129f10c7&au=4986a2c304b4427a87d3ca1ef45fda1c,This item has no description,
https://slickdeals.net/?sdtrk=SiteSearchV2Algo1&afsrc=1&trd=Get%20Deal%20at%20Amazon&sdtid=17094625&tid=17094625&prop=diavail-true%7Cdincp-1%7Cdinpd-0%7Cdipgavail-false&pv=51327bfc930811eebf1cf2b6c0bebaaf&au=4986a2c304b4427a87d3ca1ef45fda1c,This item has no description,
https://slickdeals.net/?sdtrk=SiteSearchV2Algo1&afsrc=1&trd=Get%20Deal%20at%20Amazon&sdtid=17113717&tid=17113717&prop=diavail-true%7Cdincp-3%7Cdinpd-0%7Cdipgavail-true&pv=558f4324930811ee81115281c35caba3&au=4986a2c304b4427a87d3ca1ef45fda1c,This item has no description,
https://slickdeals.net/?sdtrk=SiteSearchV2Algo1&afsrc=1&trd=Get%20Deal%20at%20Target&sdtid=17138446&tid=17138446&prop=diavail-true%7Cdincp-2%7Cdinpd-1%7Cdipgavail-true&pv=59f23642930811eeb548e6a63278c924&au=4986a2c304b4427a87d3ca1ef45fda1c,This item has no description,
https://slickdeals.net/?sdtrk=SiteSearchV2Algo1&afsrc=1&trd=Get%20Deal%20at%20Amazon&sdtid=17132095&tid=17132095&pno=896896&prop=diavail-true%7Cdincp-1%7Cdinpd-12%7Cdipgavail-true&pv=5e7af7b2930811ee964a9e51afe3efdb&au=4986a2c304b4427a87d3ca1ef45fda1c,This item has no description,
https://slickdeals.net/?sdtrk=SiteSearchV2Algo1&afsrc=1&trd=Get%20Deal%20at%20Chewy&sdtid=17110204&tid=17110204&pno=893584&prop=diavail-true%7Cdincp-0%7Cdinpd-4%7Cdipgavail-false&pv=63075ea6930811eebbfbbafcfc572079&au=4986a2c304b4427a87d3ca1ef45fda1c,This item has no description,
https://slickdeals.net/?sdtrk=SiteSearchV2Algo1&afsrc=1&trd=Get%20Deal%20at%20Chewy&sdtid=17117278&tid=17117278&pno=895363&prop=diavail-true%7Cdincp-2%7Cdinpd-0%7Cdipgavail-true&pv=677140a6930811eeb4ec9a140b1569d6&au=4986a2c304b4427a87d3ca1ef45fda1c,This item has no description,
https://slickdeals.net/?sdtrk=SiteSearchV2Algo1&afsrc=1&trd=Get%20Deal%20at%20Target&sdtid=17080174&tid=17080174&pno=890275&prop=diavail-true%7Cdincp-3%7Cdinpd-2%7Cdipgavail-true&pv=6bee9d40930811eebf8c52d99aef8a32&au=4986a2c304b4427a87d3ca1ef45fda1c,This item has no description,
https://slickdeals.net/?sdtrk=SiteSearchV2Algo1&afsrc=1&trd=Get%20Deal%20at%20Chewy&sdtid=17137240&tid=17137240&pno=897673&prop=diavail-false%7Cdincp-0%7Cdinpd-0%7Cdipgavail-false&pv=7055543c930811eea6a902fafdfe0186&au=4986a2c304b4427a87d3ca1ef45fda1c,"Make your kitty’s gift unforgettable this year with a special holiday-themed Goody Box by Chewy.
This holiday Goody Box includes a penguin plush kicker toy; a pack of 10 bouncy, holiday-colored spring toys; a foldable play tunnel; and delicious treats from Temptations and Hartz Delectables. Plus, all three toys include catnip, for maxed-out holiday excitement.
Each item has been hand-picked by the pet-obsessed experts at Chewy.
Save up to 35% by bundling all these cat-approved products together.
Provides an opportunity to strengthen your bond and make this holiday the best one yet.",
https://slickdeals.net/?sdtrk=SiteSearchV2Algo1&afsrc=1&trd=Get%20Deal%20at%20Woot%21&sdtid=17137948&tid=17137948&prop=diavail-false%7Cdincp-0%7Cdinpd-0%7Cdipgavail-false&pv=72d91ebe930811eeb7dc562d90c88812&au=4986a2c304b4427a87d3ca1ef45fda1c,This item has no description,
https://slickdeals.net/?sdtrk=SiteSearchV2Algo1&afsrc=1&trd=Get%20Deal%20at%20Amazon&sdtid=17108209&tid=17108209&prop=diavail-true%7Cdincp-1%7Cdinpd-7%7Cdipgavail-true&pv=7714f624930811ee91129298aa044935&au=4986a2c304b4427a87d3ca1ef45fda1c,This item has no description,
https://slickdeals.net/?sdtrk=SiteSearchV2Algo1&afsrc=1&trd=Get%20Deal%20at%20Amazon&sdtid=17081947&tid=17081947&prop=diavail-true%7Cdincp-1%7Cdinpd-12%7Cdipgavail-true&pv=7b5da492930811eea25caef906d31fd8&au=4986a2c304b4427a87d3ca1ef45fda1c,This item has no description,
https://slickdeals.net/?sdtrk=SiteSearchV2Algo1&afsrc=1&trd=Get%20Deal%20at%20Amazon&sdtid=17111266&tid=17111266&prop=diavail-true%7Cdincp-0%7Cdinpd-3%7Cdipgavail-false&pv=7fa8f646930811ee96d9b2d9063b0fb6&au=4986a2c304b4427a87d3ca1ef45fda1c,This item has no description,
https://slickdeals.net/?sdtrk=SiteSearchV2Algo1&afsrc=1&trd=Get%20Deal%20at%20Chewy&sdtid=17043058&tid=17043058&pno=885532&prop=diavail-false%7Cdincp-0%7Cdinpd-0%7Cdipgavail-false&pv=83ee6786930811ee91fbeef2e093f679&au=4986a2c304b4427a87d3ca1ef45fda1c,This item has no description,
https://slickdeals.net/?sdtrk=SiteSearchV2Algo1&afsrc=1&trd=Get%20Deal%20at%20Amazon&sdtid=17122435&tid=17122435&prop=diavail-true%7Cdincp-1%7Cdinpd-7%7Cdipgavail-true&pv=8850c7ce930811ee8e3602ced187688b&au=4986a2c304b4427a87d3ca1ef45fda1c,This item has no description,
https://slickdeals.net/?sdtrk=SiteSearchV2Algo1&afsrc=1&trd=Get%20Deal%20at%20Amazon&sdtid=17094976&tid=17094976&prop=diavail-true%7Cdincp-2%7Cdinpd-2%7Cdipgavail-true&pv=8c947ec0930811eeb11312b0c970275b&au=4986a2c304b4427a87d3ca1ef45fda1c,This item has no description,
https://slickdeals.net/?sdtrk=SiteSearchV2Algo1&afsrc=1&trd=Get%20Deal%20at%20Amazon&sdtid=17056915&tid=17056915&prop=diavail-true%7Cdincp-0%7Cdinpd-4%7Cdipgavail-false&pv=90d8885a930811eeb2e8868ec6c9cf1a&au=4986a2c304b4427a87d3ca1ef45fda1c,This item has no description,
https://slickdeals.net/?sdtrk=SiteSearchV2Algo1&afsrc=1&trd=Get%20Deal%20at%20Amazon&sdtid=17100946&tid=17100946&prop=diavail-true%7Cdincp-1%7Cdinpd-3%7Cdipgavail-false&pv=951f89ea930811eebc00562d90c88812&au=4986a2c304b4427a87d3ca1ef45fda1c,This item has no description,
https://slickdeals.net/?sdtrk=SiteSearchV2Algo1&afsrc=1&trd=Get%20Deal%20at%20Amazon&sdtid=17038660&tid=17038660&pno=884014&prop=diavail-true%7Cdincp-2%7Cdinpd-0%7Cdipgavail-true&pv=9967dbce930811ee93ddeef2e093f679&au=4986a2c304b4427a87d3ca1ef45fda1c,This item has no description,
https://slickdeals.net/?sdtrk=SiteSearchV2Algo1&afsrc=1&trd=Get%20Deal%20at%20Amazon&sdtid=17035588&tid=17035588&prop=diavail-false%7Cdincp-0%7Cdinpd-0%7Cdipgavail-false&pv=9dd8c79a930811eea274e6a63278c924&au=4986a2c304b4427a87d3ca1ef45fda1c,This item has no description,
https://slickdeals.net/?sdtrk=SiteSearchV2Algo1&afsrc=1&trd=Get%20Deal%20at%20Amazon&sdtid=16964371&tid=16964371&pno=872668&prop=diavail-true%7Cdincp-1%7Cdinpd-0%7Cdipgavail-false&pv=a211e288930811eebc0216284d3f4263&au=4986a2c304b4427a87d3ca1ef45fda1c,This item has no description,
https://slickdeals.net/?sdtrk=SiteSearchV2Algo1&afsrc=1&trd=Get%20Deal%20at%20Amazon&sdtid=17094625&tid=17094625&prop=diavail-true%7Cdincp-1%7Cdinpd-0%7Cdipgavail-false&pv=a665cd04930811ee9fa846e4c7109be0&au=4986a2c304b4427a87d3ca1ef45fda1c,This item has no description,
https://slickdeals.net/?sdtrk=SiteSearchV2Algo1&afsrc=1&trd=Get%20Deal%20at%20Amazon&sdtid=17113717&tid=17113717&prop=diavail-true%7Cdincp-3%7Cdinpd-0%7Cdipgavail-true&pv=aa9b5a38930811ee934bd6780b5c7112&au=4986a2c304b4427a87d3ca1ef45fda1c,This item has no description,
https://slickdeals.net/?sdtrk=SiteSearchV2Algo1&afsrc=1&trd=Get%20Deal%20at%20Target&sdtid=17138446&tid=17138446&prop=diavail-true%7Cdincp-2%7Cdinpd-1%7Cdipgavail-true&pv=aeee126a930811eebd4bf23d550c2941&au=4986a2c304b4427a87d3ca1ef45fda1c,This item has no description,
https://slickdeals.net/?sdtrk=SiteSearchV2Algo1&afsrc=1&trd=Get%20Deal%20at%20Amazon&sdtid=17132095&tid=17132095&pno=896896&prop=diavail-true%7Cdincp-1%7Cdinpd-12%7Cdipgavail-true&pv=b30da798930811ee9d029e46292aae40&au=4986a2c304b4427a87d3ca1ef45fda1c,This item has no description,
https://slickdeals.net/?sdtrk=SiteSearchV2Algo1&afsrc=1&trd=Get%20Deal%20at%20Chewy&sdtid=17110204&tid=17110204&pno=893584&prop=diavail-true%7Cdincp-0%7Cdinpd-4%7Cdipgavail-false&pv=b7a5e09a930811eebe7af6873aadd9b1&au=4986a2c304b4427a87d3ca1ef45fda1c,This item has no description,
https://slickdeals.net/?sdtrk=SiteSearchV2Algo1&afsrc=1&trd=Get%20Deal%20at%20Chewy&sdtid=17117278&tid=17117278&pno=895363&prop=diavail-true%7Cdincp-2%7Cdinpd-0%7Cdipgavail-true&pv=bc2d7d08930811ee9513fae05afd5f94&au=4986a2c304b4427a87d3ca1ef45fda1c,This item has no description,
https://slickdeals.net/?sdtrk=SiteSearchV2Algo1&afsrc=1&trd=Get%20Deal%20at%20Target&sdtid=17080174&tid=17080174&pno=890275&prop=diavail-true%7Cdincp-3%7Cdinpd-2%7Cdipgavail-true&pv=c0b31266930811ee96e9ee2e757ac07b&au=4986a2c304b4427a87d3ca1ef45fda1c,This item has no description,
https://slickdeals.net/?sdtrk=SiteSearchV2Algo1&afsrc=1&trd=Get%20Deal%20at%20Chewy&sdtid=17137240&tid=17137240&pno=897673&prop=diavail-false%7Cdincp-0%7Cdinpd-0%7Cdipgavail-false&pv=c51c32ec930811eead812ecfd3424a6c&au=4986a2c304b4427a87d3ca1ef45fda1c,"Make your kitty’s gift unforgettable this year with a special holiday-themed Goody Box by Chewy.
This holiday Goody Box includes a penguin plush kicker toy; a pack of 10 bouncy, holiday-colored spring toys; a foldable play tunnel; and delicious treats from Temptations and Hartz Delectables. Plus, all three toys include catnip, for maxed-out holiday excitement.
Each item has been hand-picked by the pet-obsessed experts at Chewy.
Save up to 35% by bundling all these cat-approved products together.
Provides an opportunity to strengthen your bond and make this holiday the best one yet.",
https://slickdeals.net/?sdtrk=SiteSearchV2Algo1&afsrc=1&trd=Get%20Deal%20at%20Woot%21&sdtid=17137948&tid=17137948&prop=diavail-false%7Cdincp-0%7Cdinpd-0%7Cdipgavail-false&pv=c797f916930811eeba3c2e969d48dfac&au=4986a2c304b4427a87d3ca1ef45fda1c,This item has no description,
https://slickdeals.net/?sdtrk=SiteSearchV2Algo1&afsrc=1&trd=Get%20Deal%20at%20Amazon&sdtid=17108209&tid=17108209&prop=diavail-true%7Cdincp-1%7Cdinpd-7%7Cdipgavail-true&pv=cbe09e1a930811eeb31912b6eb2019a4&au=4986a2c304b4427a87d3ca1ef45fda1c,This item has no description,
https://slickdeals.net/?sdtrk=SiteSearchV2Algo1&afsrc=1&trd=Get%20Deal%20at%20Amazon&sdtid=17081947&tid=17081947&prop=diavail-true%7Cdincp-1%7Cdinpd-12%7Cdipgavail-true&pv=d04c0ab6930811ee91f9623216ece0cb&au=4986a2c304b4427a87d3ca1ef45fda1c,This item has no description,
https://slickdeals.net/?sdtrk=SiteSearchV2Algo1&afsrc=1&trd=Get%20Deal%20at%20Amazon&sdtid=17111266&tid=17111266&prop=diavail-true%7Cdincp-0%7Cdinpd-3%7Cdipgavail-false&pv=d496eb72930811eeb6908e47b639583f&au=4986a2c304b4427a87d3ca1ef45fda1c,This item has no description,
https://slickdeals.net/?sdtrk=SiteSearchV2Algo1&afsrc=1&trd=Get%20Deal%20at%20Chewy&sdtid=17043058&tid=17043058&pno=885532&prop=diavail-false%7Cdincp-0%7Cdinpd-0%7Cdipgavail-false&pv=d916080e930811eeae94763100633dd8&au=4986a2c304b4427a87d3ca1ef45fda1c,This item has no description,
https://slickdeals.net/?sdtrk=SiteSearchV2Algo1&afsrc=1&trd=Get%20Deal%20at%20Amazon&sdtid=17122435&tid=17122435&prop=diavail-true%7Cdincp-1%7Cdinpd-7%7Cdipgavail-true&pv=dd6d53ee930811ee9eda4a71662b62f7&au=4986a2c304b4427a87d3ca1ef45fda1c,This item has no description,
https://slickdeals.net/?sdtrk=SiteSearchV2Algo1&afsrc=1&trd=Get%20Deal%20at%20Amazon&sdtid=17094976&tid=17094976&prop=diavail-true%7Cdincp-2%7Cdinpd-2%7Cdipgavail-true&pv=e1cfb558930811eea5b3a66a415f3ee7&au=4986a2c304b4427a87d3ca1ef45fda1c,This item has no description,
https://slickdeals.net/?sdtrk=SiteSearchV2Algo1&afsrc=1&trd=Get%20Deal%20at%20Amazon&sdtid=17056915&tid=17056915&prop=diavail-true%7Cdincp-0%7Cdinpd-4%7Cdipgavail-false&pv=e620df7e930811ee83ff7aabb1c97e42&au=4986a2c304b4427a87d3ca1ef45fda1c,This item has no description,
https://slickdeals.net/?sdtrk=SiteSearchV2Algo1&afsrc=1&trd=Get%20Deal%20at%20Amazon&sdtid=17100946&tid=17100946&prop=diavail-true%7Cdincp-1%7Cdinpd-3%7Cdipgavail-false&pv=ea6c250c930811eeb8de9e46292aae40&au=4986a2c304b4427a87d3ca1ef45fda1c,This item has no description,
https://slickdeals.net/?sdtrk=SiteSearchV2Algo1&afsrc=1&trd=Get%20Deal%20at%20Amazon&sdtid=17038660&tid=17038660&pno=884014&prop=diavail-true%7Cdincp-2%7Cdinpd-0%7Cdipgavail-true&pv=eeb80c8e930811ee8a071ecc22d9047b&au=4986a2c304b4427a87d3ca1ef45fda1c,This item has no description,
https://slickdeals.net/?sdtrk=SiteSearchV2Algo1&afsrc=1&trd=Get%20Deal%20at%20Amazon&sdtid=17035588&tid=17035588&prop=diavail-false%7Cdincp-0%7Cdinpd-0%7Cdipgavail-false&pv=f31f940e930811ee8cddced5612574d3&au=4986a2c304b4427a87d3ca1ef45fda1c,This item has no description,
https://slickdeals.net/?sdtrk=SiteSearchV2Algo1&afsrc=1&trd=Get%20Deal%20at%20Amazon&sdtid=16964371&tid=16964371&pno=872668&prop=diavail-true%7Cdincp-1%7Cdinpd-0%7Cdipgavail-false&pv=f7899594930811eeb2828280f768462e&au=4986a2c304b4427a87d3ca1ef45fda1c,This item has no description,
https://slickdeals.net/?sdtrk=SiteSearchV2Algo1&afsrc=1&trd=Get%20Deal%20at%20Amazon&sdtid=17094625&tid=17094625&prop=diavail-true%7Cdincp-1%7Cdinpd-0%7Cdipgavail-false&pv=fbeb894e930811ee9404763100633dd8&au=4986a2c304b4427a87d3ca1ef45fda1c,This item has no description,
https://slickdeals.net/?sdtrk=SiteSearchV2Algo1&afsrc=1&trd=Get%20Deal%20at%20Amazon&sdtid=17113717&tid=17113717&prop=diavail-true%7Cdincp-3%7Cdinpd-0%7Cdipgavail-true&pv=00ab840c930911ee83023ebc8cc252b3&au=4986a2c304b4427a87d3ca1ef45fda1c,This item has no description,
https://slickdeals.net/?sdtrk=SiteSearchV2Algo1&afsrc=1&trd=Get%20Deal%20at%20Target&sdtid=17138446&tid=17138446&prop=diavail-true%7Cdincp-2%7Cdinpd-1%7Cdipgavail-true&pv=04eb3c88930911ee9e00b2d9063b0fb6&au=4986a2c304b4427a87d3ca1ef45fda1c,This item has no description,
