realBuyLink,description,expired
https://slickdeals.net/?sdtrk=SiteSearchV2Algo1&afsrc=1&trd=Get%20Deal%20at%20Amazon&sdtid=17089717&tid=17089717&pno=891313&prop=diavail-true%7Cdincp-2%7Cdinpd-1%7Cdipgavail-true&pv=9983957e930511ee9f2ef6836995d55b&au=bd327034a0754976835ebc60da0095e3,This item has no description,
https://slickdeals.net/?sdtrk=SiteSearchV2Algo1&afsrc=1&trd=Get%20Deal%20at%20Amazon&sdtid=17094664&tid=17094664&pno=891637&prop=diavail-true%7Cdincp-3%7Cdinpd-7%7Cdipgavail-true&pv=9f47c9a8930511ee9b3652891ca1aa11&au=bd327034a0754976835ebc60da0095e3,This item has no description,
https://slickdeals.net/?sdtrk=SiteSearchV2Algo1&afsrc=1&trd=Get%20Deal%20at%20Chewy&sdtid=17120005&tid=17120005&prop=diavail-false%7Cdincp-0%7Cdinpd-0%7Cdipgavail-false&pv=a4362702930511ee996aa2d0325ecb31&au=bd327034a0754976835ebc60da0095e3,This item has no description,
https://slickdeals.net/?sdtrk=SiteSearchV2Algo1&afsrc=1&trd=Get%20Deal%20at%20Target&sdtid=17080174&tid=17080174&pno=890275&prop=diavail-true%7Cdincp-3%7Cdinpd-2%7Cdipgavail-true&pv=a9158e7a930511ee822a6eb946fa210e&au=bd327034a0754976835ebc60da0095e3,This item has no description,
https://slickdeals.net/?sdtrk=SiteSearchV2Algo1&afsrc=1&trd=Get%20Deal%20at%20Amazon&sdtid=17071219&tid=17071219&prop=diavail-false%7Cdincp-0%7Cdinpd-0%7Cdipgavail-false&pv=adc8bd2a930511ee946296e3530149c0&au=bd327034a0754976835ebc60da0095e3,This item has no description,
https://slickdeals.net/?sdtrk=SiteSearchV2Algo1&afsrc=1&trd=Get%20Deal%20at%20Woot%21&sdtid=17137948&tid=17137948&prop=diavail-false%7Cdincp-0%7Cdinpd-0%7Cdipgavail-false&pv=b284ae82930511ee954c9e46292aae40&au=bd327034a0754976835ebc60da0095e3,This item has no description,
https://slickdeals.net/?sdtrk=SiteSearchV2Algo1&afsrc=1&trd=Get%20Deal%20at%20Amazon&sdtid=17138209&tid=17138209&prop=diavail-false%7Cdincp-0%7Cdinpd-0%7Cdipgavail-false&pv=b7016004930511ee8b9eaa67884b6253&au=bd327034a0754976835ebc60da0095e3,This item has no description,
https://slickdeals.net/?sdtrk=SiteSearchV2Algo1&afsrc=1&trd=Get%20Deal%20at%20Petco&sdtid=17099827&tid=17099827&prop=diavail-false%7Cdincp-0%7Cdinpd-0%7Cdipgavail-false&pv=bb8ecc42930511ee9bab22945b031f96&au=bd327034a0754976835ebc60da0095e3,This item has no description,
https://slickdeals.net/?sdtrk=SiteSearchV2Algo1&afsrc=1&trd=Get%20Deal%20at%20Amazon&sdtid=16964371&tid=16964371&pno=872668&prop=diavail-true%7Cdincp-1%7Cdinpd-0%7Cdipgavail-false&pv=bff73f44930511ee956fd28e2e2cc546&au=bd327034a0754976835ebc60da0095e3,This item has no description,
https://slickdeals.net/?sdtrk=SiteSearchV2Algo1&afsrc=1&trd=Get%20Deal%20at%20Target&sdtid=17126050&tid=17126050&prop=diavail-false%7Cdincp-0%7Cdinpd-0%7Cdipgavail-false&pv=c4daa3ca930511ee82087e9685b86d34&au=bd327034a0754976835ebc60da0095e3,This item has no description,
https://slickdeals.net/?sdtrk=SiteSearchV2Algo1&afsrc=1&trd=Visit%20Amazon&sdtid=17100370&tid=17100370&pno=892309&prop=diavail-true%7Cdincp-1%7Cdinpd-3%7Cdipgavail-false&pv=c93f5870930511eeab5212b0c970275b&au=bd327034a0754976835ebc60da0095e3,This item has no description,Expired Deal
https://slickdeals.net/?sdtrk=SiteSearchV2Algo1&afsrc=1&trd=Get%20Deal%20at%20Amazon&sdtid=16928620&tid=16928620&prop=diavail-true%7Cdincp-1%7Cdinpd-4%7Cdipgavail-false&pv=cc4a1014930511ee9c28c24b30196ae7&au=bd327034a0754976835ebc60da0095e3,This item has no description,
https://slickdeals.net/?sdtrk=SiteSearchV2Algo1&afsrc=1&trd=Get%20Deal%20at%20Amazon&sdtid=17110948&tid=17110948&prop=diavail-true%7Cdincp-1%7Cdinpd-0%7Cdipgavail-false&pv=d0fa2360930511eeae8ee6a63278c924&au=bd327034a0754976835ebc60da0095e3,This item has no description,
https://slickdeals.net/?sdtrk=SiteSearchV2Algo1&afsrc=1&trd=Visit%20Amazon&sdtid=17054584&tid=17054584&pno=886486&prop=diavail-true%7Cdincp-3%7Cdinpd-6%7Cdipgavail-true&pv=d5c56990930511eea9b19a5345c674ba&au=bd327034a0754976835ebc60da0095e3,This item has no description,Expired Deal
https://slickdeals.net/?sdtrk=SiteSearchV2Algo1&afsrc=1&trd=Get%20Deal%20at%20Amazon&sdtid=17063761&tid=17063761&prop=diavail-true%7Cdincp-3%7Cdinpd-1%7Cdipgavail-true&pv=d8b68b20930511eeabf752d99aef8a32&au=bd327034a0754976835ebc60da0095e3,This item has no description,
https://slickdeals.net/?sdtrk=SiteSearchV2Algo1&afsrc=1&trd=Get%20Deal%20at%20Chewy&sdtid=17043826&tid=17043826&prop=diavail-true%7Cdincp-3%7Cdinpd-9%7Cdipgavail-true&pv=dd2997ba930511eea5a6a2d0325ecb31&au=bd327034a0754976835ebc60da0095e3,This item has no description,Expired Deal
https://slickdeals.net/?sdtrk=SiteSearchV2Algo1&afsrc=1&trd=Visit%20Chewy&sdtid=17118031&tid=17118031&pno=894961&prop=diavail-false%7Cdincp-0%7Cdinpd-0%7Cdipgavail-false&pv=e0e72e3a930511ee8bdd763100633dd8&au=bd327034a0754976835ebc60da0095e3,This item has no description,Expired Deal
https://slickdeals.net/?sdtrk=SiteSearchV2Algo1&afsrc=1&trd=Get%20Deal%20at%20Target&sdtid=16872017&tid=16872017&prop=diavail-false%7Cdincp-0%7Cdinpd-0%7Cdipgavail-false&pv=e3ea97c0930511eebc1fa6d63f35ac30&au=bd327034a0754976835ebc60da0095e3,"Woof woof! These dog treats are the perfect homemade snack for your canine companion! The Dash Mini Dog Treat Maker’s nonstick plates heat evenly to cook fresh treats in minutes, and the nonstick surface is easy to wipe down for simple cleanup. Our Recipe Guide contains easy-to-make dog treats that you can create with unprocessed ingredients already in your home kitchen. Simply preheat, add batter, and cook: you’ll have 6 drool-worthy dog treats in no time!",
https://slickdeals.net/?sdtrk=SiteSearchV2Algo1&afsrc=1&trd=Get%20Deal%20at%20Amazon&sdtid=16891984&tid=16891984&pno=862744&prop=diavail-true%7Cdincp-1%7Cdinpd-0%7Cdipgavail-false&pv=e6daa754930511ee81fadeea9ecd979f&au=bd327034a0754976835ebc60da0095e3,This item has no description,
https://slickdeals.net/?sdtrk=SiteSearchV2Algo1&afsrc=1&trd=Get%20Deal%20at%20Amazon&sdtid=17136703&tid=17136703&prop=diavail-true%7Cdincp-2%7Cdinpd-1%7Cdipgavail-true&pv=ec6b2388930511ee8471e6a63278c924&au=bd327034a0754976835ebc60da0095e3,This item has no description,
https://slickdeals.net/?sdtrk=SiteSearchV2Algo1&afsrc=1&trd=Get%20Deal%20at%20Amazon&sdtid=17089717&tid=17089717&pno=891313&prop=diavail-true%7Cdincp-2%7Cdinpd-1%7Cdipgavail-true&pv=f0c039be930511ee97820e86e249807d&au=bd327034a0754976835ebc60da0095e3,This item has no description,
https://slickdeals.net/?sdtrk=SiteSearchV2Algo1&afsrc=1&trd=Get%20Deal%20at%20Amazon&sdtid=17094664&tid=17094664&pno=891637&prop=diavail-true%7Cdincp-3%7Cdinpd-7%7Cdipgavail-true&pv=f541589c930511eea59882142f90b8d8&au=bd327034a0754976835ebc60da0095e3,This item has no description,
https://slickdeals.net/?sdtrk=SiteSearchV2Algo1&afsrc=1&trd=Get%20Deal%20at%20Chewy&sdtid=17120005&tid=17120005&prop=diavail-false%7Cdincp-0%7Cdinpd-0%7Cdipgavail-false&pv=f9c150c0930511ee98dad2652e8437d7&au=bd327034a0754976835ebc60da0095e3,This item has no description,
https://slickdeals.net/?sdtrk=SiteSearchV2Algo1&afsrc=1&trd=Get%20Deal%20at%20Target&sdtid=17080174&tid=17080174&pno=890275&prop=diavail-true%7Cdincp-3%7Cdinpd-2%7Cdipgavail-true&pv=fe018074930511ee9b9eea7718e137e0&au=bd327034a0754976835ebc60da0095e3,This item has no description,
https://slickdeals.net/?sdtrk=SiteSearchV2Algo1&afsrc=1&trd=Get%20Deal%20at%20Amazon&sdtid=17071219&tid=17071219&prop=diavail-false%7Cdincp-0%7Cdinpd-0%7Cdipgavail-false&pv=02762a6a930611eea2a29ee15ae9a4c5&au=bd327034a0754976835ebc60da0095e3,This item has no description,
https://slickdeals.net/?sdtrk=SiteSearchV2Algo1&afsrc=1&trd=Get%20Deal%20at%20Woot%21&sdtid=17137948&tid=17137948&prop=diavail-false%7Cdincp-0%7Cdinpd-0%7Cdipgavail-false&pv=06b51dd4930611ee87310675b876cbfa&au=bd327034a0754976835ebc60da0095e3,This item has no description,
https://slickdeals.net/?sdtrk=SiteSearchV2Algo1&afsrc=1&trd=Get%20Deal%20at%20Amazon&sdtid=17138209&tid=17138209&prop=diavail-false%7Cdincp-0%7Cdinpd-0%7Cdipgavail-false&pv=0b6e7564930611eebce746a353a83649&au=bd327034a0754976835ebc60da0095e3,This item has no description,
https://slickdeals.net/?sdtrk=SiteSearchV2Algo1&afsrc=1&trd=Get%20Deal%20at%20Petco&sdtid=17099827&tid=17099827&prop=diavail-false%7Cdincp-0%7Cdinpd-0%7Cdipgavail-false&pv=0fae5040930611eea78f1ecc22d9047b&au=bd327034a0754976835ebc60da0095e3,This item has no description,
https://slickdeals.net/?sdtrk=SiteSearchV2Algo1&afsrc=1&trd=Get%20Deal%20at%20Amazon&sdtid=16964371&tid=16964371&pno=872668&prop=diavail-true%7Cdincp-1%7Cdinpd-0%7Cdipgavail-false&pv=13f039fc930611ee9a90ce95ad32fc49&au=bd327034a0754976835ebc60da0095e3,This item has no description,
https://slickdeals.net/?sdtrk=SiteSearchV2Algo1&afsrc=1&trd=Get%20Deal%20at%20Target&sdtid=17126050&tid=17126050&prop=diavail-false%7Cdincp-0%7Cdinpd-0%7Cdipgavail-false&pv=1849e7c8930611eea4c1fa97e9bdbaef&au=bd327034a0754976835ebc60da0095e3,This item has no description,
https://slickdeals.net/?sdtrk=SiteSearchV2Algo1&afsrc=1&trd=Visit%20Amazon&sdtid=17100370&tid=17100370&pno=892309&prop=diavail-true%7Cdincp-1%7Cdinpd-3%7Cdipgavail-false&pv=1c8f8ff4930611eeb1c846e4c7109be0&au=bd327034a0754976835ebc60da0095e3,This item has no description,Expired Deal
https://slickdeals.net/?sdtrk=SiteSearchV2Algo1&afsrc=1&trd=Get%20Deal%20at%20Amazon&sdtid=16928620&tid=16928620&prop=diavail-true%7Cdincp-1%7Cdinpd-4%7Cdipgavail-false&pv=1f696d4e930611ee891696097eac0713&au=bd327034a0754976835ebc60da0095e3,This item has no description,
https://slickdeals.net/?sdtrk=SiteSearchV2Algo1&afsrc=1&trd=Get%20Deal%20at%20Amazon&sdtid=17110948&tid=17110948&prop=diavail-true%7Cdincp-1%7Cdinpd-0%7Cdipgavail-false&pv=23b21aea930611ee917fe2ff9c0aef19&au=bd327034a0754976835ebc60da0095e3,This item has no description,
https://slickdeals.net/?sdtrk=SiteSearchV2Algo1&afsrc=1&trd=Visit%20Amazon&sdtid=17054584&tid=17054584&pno=886486&prop=diavail-true%7Cdincp-3%7Cdinpd-6%7Cdipgavail-true&pv=27e9001a930611ee977dd6780b5c7112&au=bd327034a0754976835ebc60da0095e3,This item has no description,Expired Deal
https://slickdeals.net/?sdtrk=SiteSearchV2Algo1&afsrc=1&trd=Get%20Deal%20at%20Amazon&sdtid=17063761&tid=17063761&prop=diavail-true%7Cdincp-3%7Cdinpd-1%7Cdipgavail-true&pv=2c3ea926930611eea05196bc129f10c7&au=bd327034a0754976835ebc60da0095e3,This item has no description,
https://slickdeals.net/?sdtrk=SiteSearchV2Algo1&afsrc=1&trd=Get%20Deal%20at%20Chewy&sdtid=17043826&tid=17043826&prop=diavail-true%7Cdincp-3%7Cdinpd-9%7Cdipgavail-true&pv=309157da930611eeb012ca32e05c6d67&au=bd327034a0754976835ebc60da0095e3,This item has no description,Expired Deal
https://slickdeals.net/?sdtrk=SiteSearchV2Algo1&afsrc=1&trd=Visit%20Chewy&sdtid=17118031&tid=17118031&pno=894961&prop=diavail-false%7Cdincp-0%7Cdinpd-0%7Cdipgavail-false&pv=337b186e930611eebfb986ac4273965d&au=bd327034a0754976835ebc60da0095e3,This item has no description,Expired Deal
https://slickdeals.net/?sdtrk=SiteSearchV2Algo1&afsrc=1&trd=Get%20Deal%20at%20Target&sdtid=16872017&tid=16872017&prop=diavail-false%7Cdincp-0%7Cdinpd-0%7Cdipgavail-false&pv=3686dba6930611ee8a605a85c909964f&au=bd327034a0754976835ebc60da0095e3,"Woof woof! These dog treats are the perfect homemade snack for your canine companion! The Dash Mini Dog Treat Maker’s nonstick plates heat evenly to cook fresh treats in minutes, and the nonstick surface is easy to wipe down for simple cleanup. Our Recipe Guide contains easy-to-make dog treats that you can create with unprocessed ingredients already in your home kitchen. Simply preheat, add batter, and cook: you’ll have 6 drool-worthy dog treats in no time!",
https://slickdeals.net/?sdtrk=SiteSearchV2Algo1&afsrc=1&trd=Get%20Deal%20at%20Amazon&sdtid=16891984&tid=16891984&pno=862744&prop=diavail-true%7Cdincp-1%7Cdinpd-0%7Cdipgavail-false&pv=38ee8402930611ee82bdf6836995d55b&au=bd327034a0754976835ebc60da0095e3,This item has no description,
https://slickdeals.net/?sdtrk=SiteSearchV2Algo1&afsrc=1&trd=Get%20Deal%20at%20Amazon&sdtid=17136703&tid=17136703&prop=diavail-true%7Cdincp-2%7Cdinpd-1%7Cdipgavail-true&pv=3d6a1d84930611eea95a86ac4273965d&au=bd327034a0754976835ebc60da0095e3,This item has no description,
https://slickdeals.net/?sdtrk=SiteSearchV2Algo1&afsrc=1&trd=Get%20Deal%20at%20Amazon&sdtid=17089717&tid=17089717&pno=891313&prop=diavail-true%7Cdincp-2%7Cdinpd-1%7Cdipgavail-true&pv=41b7a6a4930611ee8e3b26bedd00fd3a&au=bd327034a0754976835ebc60da0095e3,This item has no description,
https://slickdeals.net/?sdtrk=SiteSearchV2Algo1&afsrc=1&trd=Get%20Deal%20at%20Amazon&sdtid=17094664&tid=17094664&pno=891637&prop=diavail-true%7Cdincp-3%7Cdinpd-7%7Cdipgavail-true&pv=4605ee3c930611ee979b0640c0794e28&au=bd327034a0754976835ebc60da0095e3,This item has no description,
https://slickdeals.net/?sdtrk=SiteSearchV2Algo1&afsrc=1&trd=Get%20Deal%20at%20Chewy&sdtid=17120005&tid=17120005&prop=diavail-false%7Cdincp-0%7Cdinpd-0%7Cdipgavail-false&pv=4a820a36930611eebf5b8a794a57f3ed&au=bd327034a0754976835ebc60da0095e3,This item has no description,
https://slickdeals.net/?sdtrk=SiteSearchV2Algo1&afsrc=1&trd=Get%20Deal%20at%20Target&sdtid=17080174&tid=17080174&pno=890275&prop=diavail-true%7Cdincp-3%7Cdinpd-2%7Cdipgavail-true&pv=4ec4a3ce930611eebcf02211e560f7e8&au=bd327034a0754976835ebc60da0095e3,This item has no description,
https://slickdeals.net/?sdtrk=SiteSearchV2Algo1&afsrc=1&trd=Get%20Deal%20at%20Amazon&sdtid=17071219&tid=17071219&prop=diavail-false%7Cdincp-0%7Cdinpd-0%7Cdipgavail-false&pv=53246af8930611eea07812b6eb2019a4&au=bd327034a0754976835ebc60da0095e3,This item has no description,
https://slickdeals.net/?sdtrk=SiteSearchV2Algo1&afsrc=1&trd=Get%20Deal%20at%20Woot%21&sdtid=17137948&tid=17137948&prop=diavail-false%7Cdincp-0%7Cdinpd-0%7Cdipgavail-false&pv=578aef22930611eebcb7aeb9af6f605e&au=bd327034a0754976835ebc60da0095e3,This item has no description,
https://slickdeals.net/?sdtrk=SiteSearchV2Algo1&afsrc=1&trd=Get%20Deal%20at%20Amazon&sdtid=17138209&tid=17138209&prop=diavail-false%7Cdincp-0%7Cdinpd-0%7Cdipgavail-false&pv=5bcf6a4a930611eead96aa402ec8805f&au=bd327034a0754976835ebc60da0095e3,This item has no description,
https://slickdeals.net/?sdtrk=SiteSearchV2Algo1&afsrc=1&trd=Get%20Deal%20at%20Petco&sdtid=17099827&tid=17099827&prop=diavail-false%7Cdincp-0%7Cdinpd-0%7Cdipgavail-false&pv=600804aa930611ee9c0156cb78a039dc&au=bd327034a0754976835ebc60da0095e3,This item has no description,
https://slickdeals.net/?sdtrk=SiteSearchV2Algo1&afsrc=1&trd=Get%20Deal%20at%20Amazon&sdtid=16964371&tid=16964371&pno=872668&prop=diavail-true%7Cdincp-1%7Cdinpd-0%7Cdipgavail-false&pv=6447369e930611eeacd1d2917961b292&au=bd327034a0754976835ebc60da0095e3,This item has no description,
https://slickdeals.net/?sdtrk=SiteSearchV2Algo1&afsrc=1&trd=Get%20Deal%20at%20Target&sdtid=17126050&tid=17126050&prop=diavail-false%7Cdincp-0%7Cdinpd-0%7Cdipgavail-false&pv=68a6d3b6930611ee88f2324be198f591&au=bd327034a0754976835ebc60da0095e3,This item has no description,
https://slickdeals.net/?sdtrk=SiteSearchV2Algo1&afsrc=1&trd=Visit%20Amazon&sdtid=17100370&tid=17100370&pno=892309&prop=diavail-true%7Cdincp-1%7Cdinpd-3%7Cdipgavail-false&pv=6ccd16b2930611eeafa2f68da10d4181&au=bd327034a0754976835ebc60da0095e3,This item has no description,Expired Deal
https://slickdeals.net/?sdtrk=SiteSearchV2Algo1&afsrc=1&trd=Get%20Deal%20at%20Amazon&sdtid=16928620&tid=16928620&prop=diavail-true%7Cdincp-1%7Cdinpd-4%7Cdipgavail-false&pv=6f972e00930611eeb2e8ee446ae44d1d&au=bd327034a0754976835ebc60da0095e3,This item has no description,
https://slickdeals.net/?sdtrk=SiteSearchV2Algo1&afsrc=1&trd=Get%20Deal%20at%20Amazon&sdtid=17110948&tid=17110948&prop=diavail-true%7Cdincp-1%7Cdinpd-0%7Cdipgavail-false&pv=73e1fef4930611eebb73d6c60b2fd597&au=bd327034a0754976835ebc60da0095e3,This item has no description,
https://slickdeals.net/?sdtrk=SiteSearchV2Algo1&afsrc=1&trd=Visit%20Amazon&sdtid=17054584&tid=17054584&pno=886486&prop=diavail-true%7Cdincp-3%7Cdinpd-6%7Cdipgavail-true&pv=7836e280930611ee9ee8623216ece0cb&au=bd327034a0754976835ebc60da0095e3,This item has no description,Expired Deal
https://slickdeals.net/?sdtrk=SiteSearchV2Algo1&afsrc=1&trd=Get%20Deal%20at%20Amazon&sdtid=17063761&tid=17063761&prop=diavail-true%7Cdincp-3%7Cdinpd-1%7Cdipgavail-true&pv=7b1ff446930611ee884802fafdfe0186&au=bd327034a0754976835ebc60da0095e3,This item has no description,
https://slickdeals.net/?sdtrk=SiteSearchV2Algo1&afsrc=1&trd=Get%20Deal%20at%20Chewy&sdtid=17043826&tid=17043826&prop=diavail-true%7Cdincp-3%7Cdinpd-9%7Cdipgavail-true&pv=7f81a7a0930611eebf966631cc1e7523&au=bd327034a0754976835ebc60da0095e3,This item has no description,Expired Deal
https://slickdeals.net/?sdtrk=SiteSearchV2Algo1&afsrc=1&trd=Visit%20Chewy&sdtid=17118031&tid=17118031&pno=894961&prop=diavail-false%7Cdincp-0%7Cdinpd-0%7Cdipgavail-false&pv=8224d162930611ee81e142e8039dc599&au=bd327034a0754976835ebc60da0095e3,This item has no description,Expired Deal
https://slickdeals.net/?sdtrk=SiteSearchV2Algo1&afsrc=1&trd=Get%20Deal%20at%20Target&sdtid=16872017&tid=16872017&prop=diavail-false%7Cdincp-0%7Cdinpd-0%7Cdipgavail-false&pv=850e7b58930611ee807c3e70e4f2813c&au=bd327034a0754976835ebc60da0095e3,"Woof woof! These dog treats are the perfect homemade snack for your canine companion! The Dash Mini Dog Treat Maker’s nonstick plates heat evenly to cook fresh treats in minutes, and the nonstick surface is easy to wipe down for simple cleanup. Our Recipe Guide contains easy-to-make dog treats that you can create with unprocessed ingredients already in your home kitchen. Simply preheat, add batter, and cook: you’ll have 6 drool-worthy dog treats in no time!",
https://slickdeals.net/?sdtrk=SiteSearchV2Algo1&afsrc=1&trd=Get%20Deal%20at%20Amazon&sdtid=16891984&tid=16891984&pno=862744&prop=diavail-true%7Cdincp-1%7Cdinpd-0%7Cdipgavail-false&pv=8772725a930611ee95be52891ca1aa11&au=bd327034a0754976835ebc60da0095e3,This item has no description,
https://slickdeals.net/?sdtrk=SiteSearchV2Algo1&afsrc=1&trd=Get%20Deal%20at%20Amazon&sdtid=17136703&tid=17136703&prop=diavail-true%7Cdincp-2%7Cdinpd-1%7Cdipgavail-true&pv=8bcfb95c930611ee891e16284d3f4263&au=bd327034a0754976835ebc60da0095e3,This item has no description,
https://slickdeals.net/?sdtrk=SiteSearchV2Algo1&afsrc=1&trd=Get%20Deal%20at%20Amazon&sdtid=17089717&tid=17089717&pno=891313&prop=diavail-true%7Cdincp-2%7Cdinpd-1%7Cdipgavail-true&pv=9011294c930611ee99f2ce95ad32fc49&au=bd327034a0754976835ebc60da0095e3,This item has no description,
https://slickdeals.net/?sdtrk=SiteSearchV2Algo1&afsrc=1&trd=Get%20Deal%20at%20Amazon&sdtid=17094664&tid=17094664&pno=891637&prop=diavail-true%7Cdincp-3%7Cdinpd-7%7Cdipgavail-true&pv=946c3b9e930611eea5e2ee446ae44d1d&au=bd327034a0754976835ebc60da0095e3,This item has no description,
https://slickdeals.net/?sdtrk=SiteSearchV2Algo1&afsrc=1&trd=Get%20Deal%20at%20Chewy&sdtid=17120005&tid=17120005&prop=diavail-false%7Cdincp-0%7Cdinpd-0%7Cdipgavail-false&pv=98b6886c930611ee9e00b2d9063b0fb6&au=bd327034a0754976835ebc60da0095e3,This item has no description,
https://slickdeals.net/?sdtrk=SiteSearchV2Algo1&afsrc=1&trd=Get%20Deal%20at%20Target&sdtid=17080174&tid=17080174&pno=890275&prop=diavail-true%7Cdincp-3%7Cdinpd-2%7Cdipgavail-true&pv=9cee9e1a930611eea1f8ca32e05c6d67&au=bd327034a0754976835ebc60da0095e3,This item has no description,
https://slickdeals.net/?sdtrk=SiteSearchV2Algo1&afsrc=1&trd=Get%20Deal%20at%20Amazon&sdtid=17071219&tid=17071219&prop=diavail-false%7Cdincp-0%7Cdinpd-0%7Cdipgavail-false&pv=a1625f4a930611eeb8c502fafdfe0186&au=bd327034a0754976835ebc60da0095e3,This item has no description,
https://slickdeals.net/?sdtrk=SiteSearchV2Algo1&afsrc=1&trd=Get%20Deal%20at%20Woot%21&sdtid=17137948&tid=17137948&prop=diavail-false%7Cdincp-0%7Cdinpd-0%7Cdipgavail-false&pv=a5ad9286930611ee91d14e3d14269b0d&au=bd327034a0754976835ebc60da0095e3,This item has no description,
https://slickdeals.net/?sdtrk=SiteSearchV2Algo1&afsrc=1&trd=Get%20Deal%20at%20Amazon&sdtid=17138209&tid=17138209&prop=diavail-false%7Cdincp-0%7Cdinpd-0%7Cdipgavail-false&pv=a9e47ffe930611eea20b8e47b639583f&au=bd327034a0754976835ebc60da0095e3,This item has no description,
https://slickdeals.net/?sdtrk=SiteSearchV2Algo1&afsrc=1&trd=Get%20Deal%20at%20Petco&sdtid=17099827&tid=17099827&prop=diavail-false%7Cdincp-0%7Cdinpd-0%7Cdipgavail-false&pv=ae4334d2930611ee8ffbd6c60b2fd597&au=bd327034a0754976835ebc60da0095e3,This item has no description,
https://slickdeals.net/?sdtrk=SiteSearchV2Algo1&afsrc=1&trd=Get%20Deal%20at%20Amazon&sdtid=16964371&tid=16964371&pno=872668&prop=diavail-true%7Cdincp-1%7Cdinpd-0%7Cdipgavail-false&pv=b28fc17c930611ee845f4a71662b62f7&au=bd327034a0754976835ebc60da0095e3,This item has no description,
https://slickdeals.net/?sdtrk=SiteSearchV2Algo1&afsrc=1&trd=Get%20Deal%20at%20Target&sdtid=17126050&tid=17126050&prop=diavail-false%7Cdincp-0%7Cdinpd-0%7Cdipgavail-false&pv=b6e2288c930611ee8c9a96e3530149c0&au=bd327034a0754976835ebc60da0095e3,This item has no description,
https://slickdeals.net/?sdtrk=SiteSearchV2Algo1&afsrc=1&trd=Visit%20Amazon&sdtid=17100370&tid=17100370&pno=892309&prop=diavail-true%7Cdincp-1%7Cdinpd-3%7Cdipgavail-false&pv=bb29067c930611eea526ee2e757ac07b&au=bd327034a0754976835ebc60da0095e3,This item has no description,Expired Deal
https://slickdeals.net/?sdtrk=SiteSearchV2Algo1&afsrc=1&trd=Get%20Deal%20at%20Amazon&sdtid=16928620&tid=16928620&prop=diavail-true%7Cdincp-1%7Cdinpd-4%7Cdipgavail-false&pv=bdb76230930611ee86ba8e7a0d52cbc4&au=bd327034a0754976835ebc60da0095e3,This item has no description,
https://slickdeals.net/?sdtrk=SiteSearchV2Algo1&afsrc=1&trd=Get%20Deal%20at%20Amazon&sdtid=17110948&tid=17110948&prop=diavail-true%7Cdincp-1%7Cdinpd-0%7Cdipgavail-false&pv=c1f471e4930611ee848f8e7a0d52cbc4&au=bd327034a0754976835ebc60da0095e3,This item has no description,
https://slickdeals.net/?sdtrk=SiteSearchV2Algo1&afsrc=1&trd=Visit%20Amazon&sdtid=17054584&tid=17054584&pno=886486&prop=diavail-true%7Cdincp-3%7Cdinpd-6%7Cdipgavail-true&pv=c637a226930611eebcc1fae05afd5f94&au=bd327034a0754976835ebc60da0095e3,This item has no description,Expired Deal
https://slickdeals.net/?sdtrk=SiteSearchV2Algo1&afsrc=1&trd=Get%20Deal%20at%20Amazon&sdtid=17063761&tid=17063761&prop=diavail-true%7Cdincp-3%7Cdinpd-1%7Cdipgavail-true&pv=c90a6eca930611eea38626cbd3c933ad&au=bd327034a0754976835ebc60da0095e3,This item has no description,
https://slickdeals.net/?sdtrk=SiteSearchV2Algo1&afsrc=1&trd=Get%20Deal%20at%20Chewy&sdtid=17043826&tid=17043826&prop=diavail-true%7Cdincp-3%7Cdinpd-9%7Cdipgavail-true&pv=cd52736a930611ee9d6b36987a0a01ff&au=bd327034a0754976835ebc60da0095e3,This item has no description,Expired Deal
https://slickdeals.net/?sdtrk=SiteSearchV2Algo1&afsrc=1&trd=Visit%20Chewy&sdtid=17118031&tid=17118031&pno=894961&prop=diavail-false%7Cdincp-0%7Cdinpd-0%7Cdipgavail-false&pv=d039eed2930611eead9eeee007a64712&au=bd327034a0754976835ebc60da0095e3,This item has no description,Expired Deal
https://slickdeals.net/?sdtrk=SiteSearchV2Algo1&afsrc=1&trd=Get%20Deal%20at%20Target&sdtid=16872017&tid=16872017&prop=diavail-false%7Cdincp-0%7Cdinpd-0%7Cdipgavail-false&pv=d337728a930611eebbc49ad162da6e65&au=bd327034a0754976835ebc60da0095e3,"Woof woof! These dog treats are the perfect homemade snack for your canine companion! The Dash Mini Dog Treat Maker’s nonstick plates heat evenly to cook fresh treats in minutes, and the nonstick surface is easy to wipe down for simple cleanup. Our Recipe Guide contains easy-to-make dog treats that you can create with unprocessed ingredients already in your home kitchen. Simply preheat, add batter, and cook: you’ll have 6 drool-worthy dog treats in no time!",
https://slickdeals.net/?sdtrk=SiteSearchV2Algo1&afsrc=1&trd=Get%20Deal%20at%20Amazon&sdtid=16891984&tid=16891984&pno=862744&prop=diavail-true%7Cdincp-1%7Cdinpd-0%7Cdipgavail-false&pv=d5a2a328930611eeb1e6f6873aadd9b1&au=bd327034a0754976835ebc60da0095e3,This item has no description,
https://slickdeals.net/?sdtrk=SiteSearchV2Algo1&afsrc=1&trd=Get%20Deal%20at%20Amazon&sdtid=17136703&tid=17136703&prop=diavail-true%7Cdincp-2%7Cdinpd-1%7Cdipgavail-true&pv=d9ecf334930611ee8cdb266c2775f9cb&au=bd327034a0754976835ebc60da0095e3,This item has no description,
https://slickdeals.net/?sdtrk=SiteSearchV2Algo1&afsrc=1&trd=Get%20Deal%20at%20Amazon&sdtid=17089717&tid=17089717&pno=891313&prop=diavail-true%7Cdincp-2%7Cdinpd-1%7Cdipgavail-true&pv=de3d47ea930611ee8ef8f614d5ddb5b2&au=bd327034a0754976835ebc60da0095e3,This item has no description,
https://slickdeals.net/?sdtrk=SiteSearchV2Algo1&afsrc=1&trd=Get%20Deal%20at%20Amazon&sdtid=17094664&tid=17094664&pno=891637&prop=diavail-true%7Cdincp-3%7Cdinpd-7%7Cdipgavail-true&pv=e2ba5a7e930611ee9f6282142f90b8d8&au=bd327034a0754976835ebc60da0095e3,This item has no description,
https://slickdeals.net/?sdtrk=SiteSearchV2Algo1&afsrc=1&trd=Get%20Deal%20at%20Chewy&sdtid=17120005&tid=17120005&prop=diavail-false%7Cdincp-0%7Cdinpd-0%7Cdipgavail-false&pv=e7347b70930611ee9b513e8a4a86d54f&au=bd327034a0754976835ebc60da0095e3,This item has no description,
https://slickdeals.net/?sdtrk=SiteSearchV2Algo1&afsrc=1&trd=Get%20Deal%20at%20Target&sdtid=17080174&tid=17080174&pno=890275&prop=diavail-true%7Cdincp-3%7Cdinpd-2%7Cdipgavail-true&pv=eb8cdd0c930611eeb4d51a5de5c8a3b2&au=bd327034a0754976835ebc60da0095e3,This item has no description,
https://slickdeals.net/?sdtrk=SiteSearchV2Algo1&afsrc=1&trd=Get%20Deal%20at%20Amazon&sdtid=17071219&tid=17071219&prop=diavail-false%7Cdincp-0%7Cdinpd-0%7Cdipgavail-false&pv=f000f54e930611ee8d23aa402ec8805f&au=bd327034a0754976835ebc60da0095e3,This item has no description,
https://slickdeals.net/?sdtrk=SiteSearchV2Algo1&afsrc=1&trd=Get%20Deal%20at%20Woot%21&sdtid=17137948&tid=17137948&prop=diavail-false%7Cdincp-0%7Cdinpd-0%7Cdipgavail-false&pv=f444ffb0930611eeb7f8324be198f591&au=bd327034a0754976835ebc60da0095e3,This item has no description,
https://slickdeals.net/?sdtrk=SiteSearchV2Algo1&afsrc=1&trd=Get%20Deal%20at%20Amazon&sdtid=17138209&tid=17138209&prop=diavail-false%7Cdincp-0%7Cdinpd-0%7Cdipgavail-false&pv=f879903c930611ee93f9363f2c00ba5d&au=bd327034a0754976835ebc60da0095e3,This item has no description,
https://slickdeals.net/?sdtrk=SiteSearchV2Algo1&afsrc=1&trd=Get%20Deal%20at%20Petco&sdtid=17099827&tid=17099827&prop=diavail-false%7Cdincp-0%7Cdinpd-0%7Cdipgavail-false&pv=fcaed36a930611ee93d06a27e9b9ae10&au=bd327034a0754976835ebc60da0095e3,This item has no description,
https://slickdeals.net/?sdtrk=SiteSearchV2Algo1&afsrc=1&trd=Get%20Deal%20at%20Amazon&sdtid=16964371&tid=16964371&pno=872668&prop=diavail-true%7Cdincp-1%7Cdinpd-0%7Cdipgavail-false&pv=00ffaec6930711ee9017ee7b3f3e8d1f&au=bd327034a0754976835ebc60da0095e3,This item has no description,
https://slickdeals.net/?sdtrk=SiteSearchV2Algo1&afsrc=1&trd=Get%20Deal%20at%20Target&sdtid=17126050&tid=17126050&prop=diavail-false%7Cdincp-0%7Cdinpd-0%7Cdipgavail-false&pv=05922360930711ee952aaec59e3f4e02&au=bd327034a0754976835ebc60da0095e3,This item has no description,
https://slickdeals.net/?sdtrk=SiteSearchV2Algo1&afsrc=1&trd=Visit%20Amazon&sdtid=17100370&tid=17100370&pno=892309&prop=diavail-true%7Cdincp-1%7Cdinpd-3%7Cdipgavail-false&pv=09c592f0930711ee96c8ce95ad32fc49&au=bd327034a0754976835ebc60da0095e3,This item has no description,Expired Deal
https://slickdeals.net/?sdtrk=SiteSearchV2Algo1&afsrc=1&trd=Get%20Deal%20at%20Amazon&sdtid=16928620&tid=16928620&prop=diavail-true%7Cdincp-1%7Cdinpd-4%7Cdipgavail-false&pv=0c5595d8930711eeafd3dafb51a00520&au=bd327034a0754976835ebc60da0095e3,This item has no description,
https://slickdeals.net/?sdtrk=SiteSearchV2Algo1&afsrc=1&trd=Get%20Deal%20at%20Amazon&sdtid=17110948&tid=17110948&prop=diavail-true%7Cdincp-1%7Cdinpd-0%7Cdipgavail-false&pv=1092d5b6930711eea1697e1b23435637&au=bd327034a0754976835ebc60da0095e3,This item has no description,
https://slickdeals.net/?sdtrk=SiteSearchV2Algo1&afsrc=1&trd=Visit%20Amazon&sdtid=17054584&tid=17054584&pno=886486&prop=diavail-true%7Cdincp-3%7Cdinpd-6%7Cdipgavail-true&pv=14e751b4930711eebdd1363f2c00ba5d&au=bd327034a0754976835ebc60da0095e3,This item has no description,Expired Deal
https://slickdeals.net/?sdtrk=SiteSearchV2Algo1&afsrc=1&trd=Get%20Deal%20at%20Amazon&sdtid=17063761&tid=17063761&prop=diavail-true%7Cdincp-3%7Cdinpd-1%7Cdipgavail-true&pv=17d57a9a930711ee861aa6d63f35ac30&au=bd327034a0754976835ebc60da0095e3,This item has no description,
https://slickdeals.net/?sdtrk=SiteSearchV2Algo1&afsrc=1&trd=Get%20Deal%20at%20Chewy&sdtid=17043826&tid=17043826&prop=diavail-true%7Cdincp-3%7Cdinpd-9%7Cdipgavail-true&pv=1c42d82a930711ee8f192a338d338185&au=bd327034a0754976835ebc60da0095e3,This item has no description,Expired Deal
https://slickdeals.net/?sdtrk=SiteSearchV2Algo1&afsrc=1&trd=Visit%20Chewy&sdtid=17118031&tid=17118031&pno=894961&prop=diavail-false%7Cdincp-0%7Cdinpd-0%7Cdipgavail-false&pv=1f2d04b6930711eeaf90e645f6083ee1&au=bd327034a0754976835ebc60da0095e3,This item has no description,Expired Deal
https://slickdeals.net/?sdtrk=SiteSearchV2Algo1&afsrc=1&trd=Get%20Deal%20at%20Target&sdtid=16872017&tid=16872017&prop=diavail-false%7Cdincp-0%7Cdinpd-0%7Cdipgavail-false&pv=221043dc930711ee87f8c2ead178cde8&au=bd327034a0754976835ebc60da0095e3,"Woof woof! These dog treats are the perfect homemade snack for your canine companion! The Dash Mini Dog Treat Maker’s nonstick plates heat evenly to cook fresh treats in minutes, and the nonstick surface is easy to wipe down for simple cleanup. Our Recipe Guide contains easy-to-make dog treats that you can create with unprocessed ingredients already in your home kitchen. Simply preheat, add batter, and cook: you’ll have 6 drool-worthy dog treats in no time!",
https://slickdeals.net/?sdtrk=SiteSearchV2Algo1&afsrc=1&trd=Get%20Deal%20at%20Amazon&sdtid=16891984&tid=16891984&pno=862744&prop=diavail-true%7Cdincp-1%7Cdinpd-0%7Cdipgavail-false&pv=247d91ce930711eeb144f614d5ddb5b2&au=bd327034a0754976835ebc60da0095e3,This item has no description,
https://slickdeals.net/?sdtrk=SiteSearchV2Algo1&afsrc=1&trd=Get%20Deal%20at%20Amazon&sdtid=17136703&tid=17136703&prop=diavail-true%7Cdincp-2%7Cdinpd-1%7Cdipgavail-true&pv=28f5043a930711eebdc37e1fa6f2e8ad&au=bd327034a0754976835ebc60da0095e3,This item has no description,
https://slickdeals.net/?sdtrk=SiteSearchV2Algo1&afsrc=1&trd=Get%20Deal%20at%20Amazon&sdtid=17089717&tid=17089717&pno=891313&prop=diavail-true%7Cdincp-2%7Cdinpd-1%7Cdipgavail-true&pv=2d440536930711ee833536987a0a01ff&au=bd327034a0754976835ebc60da0095e3,This item has no description,
https://slickdeals.net/?sdtrk=SiteSearchV2Algo1&afsrc=1&trd=Get%20Deal%20at%20Amazon&sdtid=17094664&tid=17094664&pno=891637&prop=diavail-true%7Cdincp-3%7Cdinpd-7%7Cdipgavail-true&pv=31981ce4930711eeb0522211e560f7e8&au=bd327034a0754976835ebc60da0095e3,This item has no description,
https://slickdeals.net/?sdtrk=SiteSearchV2Algo1&afsrc=1&trd=Get%20Deal%20at%20Chewy&sdtid=17120005&tid=17120005&prop=diavail-false%7Cdincp-0%7Cdinpd-0%7Cdipgavail-false&pv=35fd2522930711ee87ddaa67884b6253&au=bd327034a0754976835ebc60da0095e3,This item has no description,
https://slickdeals.net/?sdtrk=SiteSearchV2Algo1&afsrc=1&trd=Get%20Deal%20at%20Target&sdtid=17080174&tid=17080174&pno=890275&prop=diavail-true%7Cdincp-3%7Cdinpd-2%7Cdipgavail-true&pv=3aadd382930711eeaf748e7a0d52cbc4&au=bd327034a0754976835ebc60da0095e3,This item has no description,
https://slickdeals.net/?sdtrk=SiteSearchV2Algo1&afsrc=1&trd=Get%20Deal%20at%20Amazon&sdtid=17071219&tid=17071219&prop=diavail-false%7Cdincp-0%7Cdinpd-0%7Cdipgavail-false&pv=3f210042930711eea5c9b624ff9acd3a&au=bd327034a0754976835ebc60da0095e3,This item has no description,
https://slickdeals.net/?sdtrk=SiteSearchV2Algo1&afsrc=1&trd=Get%20Deal%20at%20Woot%21&sdtid=17137948&tid=17137948&prop=diavail-false%7Cdincp-0%7Cdinpd-0%7Cdipgavail-false&pv=43644006930711ee976cdee7c78a78dc&au=bd327034a0754976835ebc60da0095e3,This item has no description,
https://slickdeals.net/?sdtrk=SiteSearchV2Algo1&afsrc=1&trd=Get%20Deal%20at%20Amazon&sdtid=17138209&tid=17138209&prop=diavail-false%7Cdincp-0%7Cdinpd-0%7Cdipgavail-false&pv=47b2d898930711ee9b092a70558bfcd6&au=bd327034a0754976835ebc60da0095e3,This item has no description,
https://slickdeals.net/?sdtrk=SiteSearchV2Algo1&afsrc=1&trd=Get%20Deal%20at%20Petco&sdtid=17099827&tid=17099827&prop=diavail-false%7Cdincp-0%7Cdinpd-0%7Cdipgavail-false&pv=4bf4deec930711ee81e822945b031f96&au=bd327034a0754976835ebc60da0095e3,This item has no description,
https://slickdeals.net/?sdtrk=SiteSearchV2Algo1&afsrc=1&trd=Get%20Deal%20at%20Amazon&sdtid=16964371&tid=16964371&pno=872668&prop=diavail-true%7Cdincp-1%7Cdinpd-0%7Cdipgavail-false&pv=502ec978930711eebb698e47b639583f&au=bd327034a0754976835ebc60da0095e3,This item has no description,
https://slickdeals.net/?sdtrk=SiteSearchV2Algo1&afsrc=1&trd=Get%20Deal%20at%20Target&sdtid=17126050&tid=17126050&prop=diavail-false%7Cdincp-0%7Cdinpd-0%7Cdipgavail-false&pv=549564ea930711ee98ea32e1bb81e18c&au=bd327034a0754976835ebc60da0095e3,This item has no description,
https://slickdeals.net/?sdtrk=SiteSearchV2Algo1&afsrc=1&trd=Visit%20Amazon&sdtid=17100370&tid=17100370&pno=892309&prop=diavail-true%7Cdincp-1%7Cdinpd-3%7Cdipgavail-false&pv=58c16b7c930711ee85e5ced5612574d3&au=bd327034a0754976835ebc60da0095e3,This item has no description,Expired Deal
https://slickdeals.net/?sdtrk=SiteSearchV2Algo1&afsrc=1&trd=Get%20Deal%20at%20Amazon&sdtid=16928620&tid=16928620&prop=diavail-true%7Cdincp-1%7Cdinpd-4%7Cdipgavail-false&pv=5be9c056930711ee828a7e1b23435637&au=bd327034a0754976835ebc60da0095e3,This item has no description,
https://slickdeals.net/?sdtrk=SiteSearchV2Algo1&afsrc=1&trd=Get%20Deal%20at%20Amazon&sdtid=17110948&tid=17110948&prop=diavail-true%7Cdincp-1%7Cdinpd-0%7Cdipgavail-false&pv=603eb3b4930711ee90951a5de5c8a3b2&au=bd327034a0754976835ebc60da0095e3,This item has no description,
https://slickdeals.net/?sdtrk=SiteSearchV2Algo1&afsrc=1&trd=Visit%20Amazon&sdtid=17054584&tid=17054584&pno=886486&prop=diavail-true%7Cdincp-3%7Cdinpd-6%7Cdipgavail-true&pv=647d8c48930711ee92fde2ff9c0aef19&au=bd327034a0754976835ebc60da0095e3,This item has no description,Expired Deal
https://slickdeals.net/?sdtrk=SiteSearchV2Algo1&afsrc=1&trd=Get%20Deal%20at%20Amazon&sdtid=17063761&tid=17063761&prop=diavail-true%7Cdincp-3%7Cdinpd-1%7Cdipgavail-true&pv=678846a8930711ee83b20675b876cbfa&au=bd327034a0754976835ebc60da0095e3,This item has no description,
https://slickdeals.net/?sdtrk=SiteSearchV2Algo1&afsrc=1&trd=Get%20Deal%20at%20Chewy&sdtid=17043826&tid=17043826&prop=diavail-true%7Cdincp-3%7Cdinpd-9%7Cdipgavail-true&pv=6bd55778930711eea2942a338d338185&au=bd327034a0754976835ebc60da0095e3,This item has no description,Expired Deal
https://slickdeals.net/?sdtrk=SiteSearchV2Algo1&afsrc=1&trd=Visit%20Chewy&sdtid=17118031&tid=17118031&pno=894961&prop=diavail-false%7Cdincp-0%7Cdinpd-0%7Cdipgavail-false&pv=6edaf504930711eeb8600e6aeaa7f2d9&au=bd327034a0754976835ebc60da0095e3,This item has no description,Expired Deal
https://slickdeals.net/?sdtrk=SiteSearchV2Algo1&afsrc=1&trd=Get%20Deal%20at%20Target&sdtid=16872017&tid=16872017&prop=diavail-false%7Cdincp-0%7Cdinpd-0%7Cdipgavail-false&pv=71ca34aa930711ee88e23a4e4378d870&au=bd327034a0754976835ebc60da0095e3,"Woof woof! These dog treats are the perfect homemade snack for your canine companion! The Dash Mini Dog Treat Maker’s nonstick plates heat evenly to cook fresh treats in minutes, and the nonstick surface is easy to wipe down for simple cleanup. Our Recipe Guide contains easy-to-make dog treats that you can create with unprocessed ingredients already in your home kitchen. Simply preheat, add batter, and cook: you’ll have 6 drool-worthy dog treats in no time!",
https://slickdeals.net/?sdtrk=SiteSearchV2Algo1&afsrc=1&trd=Get%20Deal%20at%20Amazon&sdtid=16891984&tid=16891984&pno=862744&prop=diavail-true%7Cdincp-1%7Cdinpd-0%7Cdipgavail-false&pv=7446c522930711eebb32a6d63f35ac30&au=bd327034a0754976835ebc60da0095e3,This item has no description,
https://slickdeals.net/?sdtrk=SiteSearchV2Algo1&afsrc=1&trd=Get%20Deal%20at%20Amazon&sdtid=17136703&tid=17136703&prop=diavail-true%7Cdincp-2%7Cdinpd-1%7Cdipgavail-true&pv=78b2adb0930711eea10452d99aef8a32&au=bd327034a0754976835ebc60da0095e3,This item has no description,
https://slickdeals.net/?sdtrk=SiteSearchV2Algo1&afsrc=1&trd=Get%20Deal%20at%20Amazon&sdtid=17089717&tid=17089717&pno=891313&prop=diavail-true%7Cdincp-2%7Cdinpd-1%7Cdipgavail-true&pv=7cf378fa930711eead0a0e86e249807d&au=bd327034a0754976835ebc60da0095e3,This item has no description,
https://slickdeals.net/?sdtrk=SiteSearchV2Algo1&afsrc=1&trd=Get%20Deal%20at%20Amazon&sdtid=17094664&tid=17094664&pno=891637&prop=diavail-true%7Cdincp-3%7Cdinpd-7%7Cdipgavail-true&pv=815f620a930711ee977222426bd0a8ca&au=bd327034a0754976835ebc60da0095e3,This item has no description,
https://slickdeals.net/?sdtrk=SiteSearchV2Algo1&afsrc=1&trd=Get%20Deal%20at%20Chewy&sdtid=17120005&tid=17120005&prop=diavail-false%7Cdincp-0%7Cdinpd-0%7Cdipgavail-false&pv=85a890e8930711ee89534267e803f315&au=bd327034a0754976835ebc60da0095e3,This item has no description,
https://slickdeals.net/?sdtrk=SiteSearchV2Algo1&afsrc=1&trd=Get%20Deal%20at%20Target&sdtid=17080174&tid=17080174&pno=890275&prop=diavail-true%7Cdincp-3%7Cdinpd-2%7Cdipgavail-true&pv=89df6a9c930711ee9ac1eef2e093f679&au=bd327034a0754976835ebc60da0095e3,This item has no description,
https://slickdeals.net/?sdtrk=SiteSearchV2Algo1&afsrc=1&trd=Get%20Deal%20at%20Amazon&sdtid=17071219&tid=17071219&prop=diavail-false%7Cdincp-0%7Cdinpd-0%7Cdipgavail-false&pv=8e7136bc930711ee93489298aa044935&au=bd327034a0754976835ebc60da0095e3,This item has no description,
https://slickdeals.net/?sdtrk=SiteSearchV2Algo1&afsrc=1&trd=Get%20Deal%20at%20Woot%21&sdtid=17137948&tid=17137948&prop=diavail-false%7Cdincp-0%7Cdinpd-0%7Cdipgavail-false&pv=92c75b2e930711ee9186868ec6c9cf1a&au=bd327034a0754976835ebc60da0095e3,This item has no description,
https://slickdeals.net/?sdtrk=SiteSearchV2Algo1&afsrc=1&trd=Get%20Deal%20at%20Amazon&sdtid=17138209&tid=17138209&prop=diavail-false%7Cdincp-0%7Cdinpd-0%7Cdipgavail-false&pv=96fbe03e930711eeae2e3e70e4f2813c&au=bd327034a0754976835ebc60da0095e3,This item has no description,
https://slickdeals.net/?sdtrk=SiteSearchV2Algo1&afsrc=1&trd=Get%20Deal%20at%20Petco&sdtid=17099827&tid=17099827&prop=diavail-false%7Cdincp-0%7Cdinpd-0%7Cdipgavail-false&pv=9b4d81ce930711eeab1126bedd00fd3a&au=bd327034a0754976835ebc60da0095e3,This item has no description,
https://slickdeals.net/?sdtrk=SiteSearchV2Algo1&afsrc=1&trd=Get%20Deal%20at%20Amazon&sdtid=16964371&tid=16964371&pno=872668&prop=diavail-true%7Cdincp-1%7Cdinpd-0%7Cdipgavail-false&pv=9f8e46d8930711ee8ee29ee15ae9a4c5&au=bd327034a0754976835ebc60da0095e3,This item has no description,
https://slickdeals.net/?sdtrk=SiteSearchV2Algo1&afsrc=1&trd=Get%20Deal%20at%20Target&sdtid=17126050&tid=17126050&prop=diavail-false%7Cdincp-0%7Cdinpd-0%7Cdipgavail-false&pv=a4b85d10930711ee9d38264570c22ffb&au=bd327034a0754976835ebc60da0095e3,This item has no description,
https://slickdeals.net/?sdtrk=SiteSearchV2Algo1&afsrc=1&trd=Visit%20Amazon&sdtid=17100370&tid=17100370&pno=892309&prop=diavail-true%7Cdincp-1%7Cdinpd-3%7Cdipgavail-false&pv=a939d666930711eeb15e7276c69fe370&au=bd327034a0754976835ebc60da0095e3,This item has no description,Expired Deal
https://slickdeals.net/?sdtrk=SiteSearchV2Algo1&afsrc=1&trd=Get%20Deal%20at%20Amazon&sdtid=16928620&tid=16928620&prop=diavail-true%7Cdincp-1%7Cdinpd-4%7Cdipgavail-false&pv=ac592888930711ee9611d2652e8437d7&au=bd327034a0754976835ebc60da0095e3,This item has no description,
https://slickdeals.net/?sdtrk=SiteSearchV2Algo1&afsrc=1&trd=Get%20Deal%20at%20Amazon&sdtid=17110948&tid=17110948&prop=diavail-true%7Cdincp-1%7Cdinpd-0%7Cdipgavail-false&pv=b11258fe930711ee9d336631cc1e7523&au=bd327034a0754976835ebc60da0095e3,This item has no description,
https://slickdeals.net/?sdtrk=SiteSearchV2Algo1&afsrc=1&trd=Visit%20Amazon&sdtid=17054584&tid=17054584&pno=886486&prop=diavail-true%7Cdincp-3%7Cdinpd-6%7Cdipgavail-true&pv=b5f8b840930711ee97d19ae98ab22c26&au=bd327034a0754976835ebc60da0095e3,This item has no description,Expired Deal
https://slickdeals.net/?sdtrk=SiteSearchV2Algo1&afsrc=1&trd=Get%20Deal%20at%20Amazon&sdtid=17063761&tid=17063761&prop=diavail-true%7Cdincp-3%7Cdinpd-1%7Cdipgavail-true&pv=b9e5de42930711eea58cee2e757ac07b&au=bd327034a0754976835ebc60da0095e3,This item has no description,
https://slickdeals.net/?sdtrk=SiteSearchV2Algo1&afsrc=1&trd=Get%20Deal%20at%20Chewy&sdtid=17043826&tid=17043826&prop=diavail-true%7Cdincp-3%7Cdinpd-9%7Cdipgavail-true&pv=be9b5b9c930711ee9d7ed2917961b292&au=bd327034a0754976835ebc60da0095e3,This item has no description,Expired Deal
https://slickdeals.net/?sdtrk=SiteSearchV2Algo1&afsrc=1&trd=Visit%20Chewy&sdtid=17118031&tid=17118031&pno=894961&prop=diavail-false%7Cdincp-0%7Cdinpd-0%7Cdipgavail-false&pv=c226e07e930711ee8e69fae05afd5f94&au=bd327034a0754976835ebc60da0095e3,This item has no description,Expired Deal
https://slickdeals.net/?sdtrk=SiteSearchV2Algo1&afsrc=1&trd=Get%20Deal%20at%20Target&sdtid=16872017&tid=16872017&prop=diavail-false%7Cdincp-0%7Cdinpd-0%7Cdipgavail-false&pv=c604aeb0930711ee95c716284d3f4263&au=bd327034a0754976835ebc60da0095e3,"Woof woof! These dog treats are the perfect homemade snack for your canine companion! The Dash Mini Dog Treat Maker’s nonstick plates heat evenly to cook fresh treats in minutes, and the nonstick surface is easy to wipe down for simple cleanup. Our Recipe Guide contains easy-to-make dog treats that you can create with unprocessed ingredients already in your home kitchen. Simply preheat, add batter, and cook: you’ll have 6 drool-worthy dog treats in no time!",
https://slickdeals.net/?sdtrk=SiteSearchV2Algo1&afsrc=1&trd=Get%20Deal%20at%20Amazon&sdtid=16891984&tid=16891984&pno=862744&prop=diavail-true%7Cdincp-1%7Cdinpd-0%7Cdipgavail-false&pv=c8deebe6930711eeba7b4e3d14269b0d&au=bd327034a0754976835ebc60da0095e3,This item has no description,
https://slickdeals.net/?sdtrk=SiteSearchV2Algo1&afsrc=1&trd=Get%20Deal%20at%20Amazon&sdtid=17136703&tid=17136703&prop=diavail-true%7Cdincp-2%7Cdinpd-1%7Cdipgavail-true&pv=cec0273c930711eebcc346e4c7109be0&au=bd327034a0754976835ebc60da0095e3,This item has no description,
https://slickdeals.net/?sdtrk=SiteSearchV2Algo1&afsrc=1&trd=Get%20Deal%20at%20Amazon&sdtid=17089717&tid=17089717&pno=891313&prop=diavail-true%7Cdincp-2%7Cdinpd-1%7Cdipgavail-true&pv=d3730f42930711eeaf18aa569a0b14b4&au=bd327034a0754976835ebc60da0095e3,This item has no description,
https://slickdeals.net/?sdtrk=SiteSearchV2Algo1&afsrc=1&trd=Get%20Deal%20at%20Amazon&sdtid=17094664&tid=17094664&pno=891637&prop=diavail-true%7Cdincp-3%7Cdinpd-7%7Cdipgavail-true&pv=d848d45c930711ee8a250e6aeaa7f2d9&au=bd327034a0754976835ebc60da0095e3,This item has no description,
https://slickdeals.net/?sdtrk=SiteSearchV2Algo1&afsrc=1&trd=Get%20Deal%20at%20Chewy&sdtid=17120005&tid=17120005&prop=diavail-false%7Cdincp-0%7Cdinpd-0%7Cdipgavail-false&pv=ddbceba8930711eeadb082142f90b8d8&au=bd327034a0754976835ebc60da0095e3,This item has no description,
https://slickdeals.net/?sdtrk=SiteSearchV2Algo1&afsrc=1&trd=Get%20Deal%20at%20Target&sdtid=17080174&tid=17080174&pno=890275&prop=diavail-true%7Cdincp-3%7Cdinpd-2%7Cdipgavail-true&pv=e277ecd8930711ee9d6a36a3be4491b7&au=bd327034a0754976835ebc60da0095e3,This item has no description,
https://slickdeals.net/?sdtrk=SiteSearchV2Algo1&afsrc=1&trd=Get%20Deal%20at%20Amazon&sdtid=17071219&tid=17071219&prop=diavail-false%7Cdincp-0%7Cdinpd-0%7Cdipgavail-false&pv=e83ff8fe930711eebdfeb213d4e1265c&au=bd327034a0754976835ebc60da0095e3,This item has no description,
https://slickdeals.net/?sdtrk=SiteSearchV2Algo1&afsrc=1&trd=Get%20Deal%20at%20Woot%21&sdtid=17137948&tid=17137948&prop=diavail-false%7Cdincp-0%7Cdinpd-0%7Cdipgavail-false&pv=ed46bec8930711ee95907e1b23435637&au=bd327034a0754976835ebc60da0095e3,This item has no description,
https://slickdeals.net/?sdtrk=SiteSearchV2Algo1&afsrc=1&trd=Get%20Deal%20at%20Amazon&sdtid=17138209&tid=17138209&prop=diavail-false%7Cdincp-0%7Cdinpd-0%7Cdipgavail-false&pv=f27211fe930711eeb4e84e3d14269b0d&au=bd327034a0754976835ebc60da0095e3,This item has no description,
https://slickdeals.net/?sdtrk=SiteSearchV2Algo1&afsrc=1&trd=Get%20Deal%20at%20Petco&sdtid=17099827&tid=17099827&prop=diavail-false%7Cdincp-0%7Cdinpd-0%7Cdipgavail-false&pv=f7420dd8930711ee9fb7d265bfc59192&au=bd327034a0754976835ebc60da0095e3,This item has no description,
https://slickdeals.net/?sdtrk=SiteSearchV2Algo1&afsrc=1&trd=Get%20Deal%20at%20Amazon&sdtid=16964371&tid=16964371&pno=872668&prop=diavail-true%7Cdincp-1%7Cdinpd-0%7Cdipgavail-false&pv=fc025490930711ee8b17ce95ad32fc49&au=bd327034a0754976835ebc60da0095e3,This item has no description,
https://slickdeals.net/?sdtrk=SiteSearchV2Algo1&afsrc=1&trd=Get%20Deal%20at%20Target&sdtid=17126050&tid=17126050&prop=diavail-false%7Cdincp-0%7Cdinpd-0%7Cdipgavail-false&pv=017088ac930811eeb9d4eee007a64712&au=bd327034a0754976835ebc60da0095e3,This item has no description,
https://slickdeals.net/?sdtrk=SiteSearchV2Algo1&afsrc=1&trd=Visit%20Amazon&sdtid=17100370&tid=17100370&pno=892309&prop=diavail-true%7Cdincp-1%7Cdinpd-3%7Cdipgavail-false&pv=065d340a930811ee8bee56cb78a039dc&au=bd327034a0754976835ebc60da0095e3,This item has no description,Expired Deal
https://slickdeals.net/?sdtrk=SiteSearchV2Algo1&afsrc=1&trd=Get%20Deal%20at%20Amazon&sdtid=16928620&tid=16928620&prop=diavail-true%7Cdincp-1%7Cdinpd-4%7Cdipgavail-false&pv=0a4dddf8930811ee9b047e9685b86d34&au=bd327034a0754976835ebc60da0095e3,This item has no description,
https://slickdeals.net/?sdtrk=SiteSearchV2Algo1&afsrc=1&trd=Get%20Deal%20at%20Amazon&sdtid=17110948&tid=17110948&prop=diavail-true%7Cdincp-1%7Cdinpd-0%7Cdipgavail-false&pv=0f3682c0930811ee88a6d2e5958396b2&au=bd327034a0754976835ebc60da0095e3,This item has no description,
https://slickdeals.net/?sdtrk=SiteSearchV2Algo1&afsrc=1&trd=Visit%20Amazon&sdtid=17054584&tid=17054584&pno=886486&prop=diavail-true%7Cdincp-3%7Cdinpd-6%7Cdipgavail-true&pv=139e9ff0930811eeac826eb946fa210e&au=bd327034a0754976835ebc60da0095e3,This item has no description,Expired Deal
https://slickdeals.net/?sdtrk=SiteSearchV2Algo1&afsrc=1&trd=Get%20Deal%20at%20Amazon&sdtid=17063761&tid=17063761&prop=diavail-true%7Cdincp-3%7Cdinpd-1%7Cdipgavail-true&pv=16aefa64930811ee80abb2d9063b0fb6&au=bd327034a0754976835ebc60da0095e3,This item has no description,
https://slickdeals.net/?sdtrk=SiteSearchV2Algo1&afsrc=1&trd=Get%20Deal%20at%20Chewy&sdtid=17043826&tid=17043826&prop=diavail-true%7Cdincp-3%7Cdinpd-9%7Cdipgavail-true&pv=1b0c9b98930811eebd0d9a140b1569d6&au=bd327034a0754976835ebc60da0095e3,This item has no description,Expired Deal
https://slickdeals.net/?sdtrk=SiteSearchV2Algo1&afsrc=1&trd=Visit%20Chewy&sdtid=17118031&tid=17118031&pno=894961&prop=diavail-false%7Cdincp-0%7Cdinpd-0%7Cdipgavail-false&pv=1dfc73d2930811ee8060266c2775f9cb&au=bd327034a0754976835ebc60da0095e3,This item has no description,Expired Deal
https://slickdeals.net/?sdtrk=SiteSearchV2Algo1&afsrc=1&trd=Get%20Deal%20at%20Target&sdtid=16872017&tid=16872017&prop=diavail-false%7Cdincp-0%7Cdinpd-0%7Cdipgavail-false&pv=20d23eac930811eeae41eef2e093f679&au=bd327034a0754976835ebc60da0095e3,"Woof woof! These dog treats are the perfect homemade snack for your canine companion! The Dash Mini Dog Treat Maker’s nonstick plates heat evenly to cook fresh treats in minutes, and the nonstick surface is easy to wipe down for simple cleanup. Our Recipe Guide contains easy-to-make dog treats that you can create with unprocessed ingredients already in your home kitchen. Simply preheat, add batter, and cook: you’ll have 6 drool-worthy dog treats in no time!",
https://slickdeals.net/?sdtrk=SiteSearchV2Algo1&afsrc=1&trd=Get%20Deal%20at%20Amazon&sdtid=16891984&tid=16891984&pno=862744&prop=diavail-true%7Cdincp-1%7Cdinpd-0%7Cdipgavail-false&pv=236e0bb4930811ee96c9363f2c00ba5d&au=bd327034a0754976835ebc60da0095e3,This item has no description,
https://slickdeals.net/?sdtrk=SiteSearchV2Algo1&afsrc=1&trd=Get%20Deal%20at%20Amazon&sdtid=17136703&tid=17136703&prop=diavail-true%7Cdincp-2%7Cdinpd-1%7Cdipgavail-true&pv=27e691d4930811eeaf898e47b639583f&au=bd327034a0754976835ebc60da0095e3,This item has no description,
https://slickdeals.net/?sdtrk=SiteSearchV2Algo1&afsrc=1&trd=Get%20Deal%20at%20Amazon&sdtid=17089717&tid=17089717&pno=891313&prop=diavail-true%7Cdincp-2%7Cdinpd-1%7Cdipgavail-true&pv=2c2ed08a930811eeb4a55a783dfab57c&au=bd327034a0754976835ebc60da0095e3,This item has no description,
https://slickdeals.net/?sdtrk=SiteSearchV2Algo1&afsrc=1&trd=Get%20Deal%20at%20Amazon&sdtid=17094664&tid=17094664&pno=891637&prop=diavail-true%7Cdincp-3%7Cdinpd-7%7Cdipgavail-true&pv=30983792930811ee91405a85c909964f&au=bd327034a0754976835ebc60da0095e3,This item has no description,
https://slickdeals.net/?sdtrk=SiteSearchV2Algo1&afsrc=1&trd=Get%20Deal%20at%20Chewy&sdtid=17120005&tid=17120005&prop=diavail-false%7Cdincp-0%7Cdinpd-0%7Cdipgavail-false&pv=34e6b184930811eea44482142f90b8d8&au=bd327034a0754976835ebc60da0095e3,This item has no description,
https://slickdeals.net/?sdtrk=SiteSearchV2Algo1&afsrc=1&trd=Get%20Deal%20at%20Target&sdtid=17080174&tid=17080174&pno=890275&prop=diavail-true%7Cdincp-3%7Cdinpd-2%7Cdipgavail-true&pv=39324082930811eebf3f22426bd0a8ca&au=bd327034a0754976835ebc60da0095e3,This item has no description,
https://slickdeals.net/?sdtrk=SiteSearchV2Algo1&afsrc=1&trd=Get%20Deal%20at%20Amazon&sdtid=17071219&tid=17071219&prop=diavail-false%7Cdincp-0%7Cdinpd-0%7Cdipgavail-false&pv=3da451aa930811eeb5d33ebc8cc252b3&au=bd327034a0754976835ebc60da0095e3,This item has no description,
https://slickdeals.net/?sdtrk=SiteSearchV2Algo1&afsrc=1&trd=Get%20Deal%20at%20Woot%21&sdtid=17137948&tid=17137948&prop=diavail-false%7Cdincp-0%7Cdinpd-0%7Cdipgavail-false&pv=41f9f520930811ee8e17362f91a0a8f9&au=bd327034a0754976835ebc60da0095e3,This item has no description,
https://slickdeals.net/?sdtrk=SiteSearchV2Algo1&afsrc=1&trd=Get%20Deal%20at%20Amazon&sdtid=17138209&tid=17138209&prop=diavail-false%7Cdincp-0%7Cdinpd-0%7Cdipgavail-false&pv=4667b408930811ee868f4e3d14269b0d&au=bd327034a0754976835ebc60da0095e3,This item has no description,
https://slickdeals.net/?sdtrk=SiteSearchV2Algo1&afsrc=1&trd=Get%20Deal%20at%20Petco&sdtid=17099827&tid=17099827&prop=diavail-false%7Cdincp-0%7Cdinpd-0%7Cdipgavail-false&pv=4ab7a86a930811eeaf656e29dea6a24e&au=bd327034a0754976835ebc60da0095e3,This item has no description,
https://slickdeals.net/?sdtrk=SiteSearchV2Algo1&afsrc=1&trd=Get%20Deal%20at%20Amazon&sdtid=16964371&tid=16964371&pno=872668&prop=diavail-true%7Cdincp-1%7Cdinpd-0%7Cdipgavail-false&pv=4ef73fee930811eea7a1ae84f36f74ac&au=bd327034a0754976835ebc60da0095e3,This item has no description,
https://slickdeals.net/?sdtrk=SiteSearchV2Algo1&afsrc=1&trd=Get%20Deal%20at%20Target&sdtid=17126050&tid=17126050&prop=diavail-false%7Cdincp-0%7Cdinpd-0%7Cdipgavail-false&pv=537355e4930811ee971f9298aa044935&au=bd327034a0754976835ebc60da0095e3,This item has no description,
https://slickdeals.net/?sdtrk=SiteSearchV2Algo1&afsrc=1&trd=Visit%20Amazon&sdtid=17100370&tid=17100370&pno=892309&prop=diavail-true%7Cdincp-1%7Cdinpd-3%7Cdipgavail-false&pv=57ad55e2930811eeba03a644d253a384&au=bd327034a0754976835ebc60da0095e3,This item has no description,Expired Deal
https://slickdeals.net/?sdtrk=SiteSearchV2Algo1&afsrc=1&trd=Get%20Deal%20at%20Amazon&sdtid=16928620&tid=16928620&prop=diavail-true%7Cdincp-1%7Cdinpd-4%7Cdipgavail-false&pv=5a69d468930811ee8bbe3ae2af341a1d&au=bd327034a0754976835ebc60da0095e3,This item has no description,
https://slickdeals.net/?sdtrk=SiteSearchV2Algo1&afsrc=1&trd=Get%20Deal%20at%20Amazon&sdtid=17110948&tid=17110948&prop=diavail-true%7Cdincp-1%7Cdinpd-0%7Cdipgavail-false&pv=5ea428da930811ee955daa569a0b14b4&au=bd327034a0754976835ebc60da0095e3,This item has no description,
https://slickdeals.net/?sdtrk=SiteSearchV2Algo1&afsrc=1&trd=Visit%20Amazon&sdtid=17054584&tid=17054584&pno=886486&prop=diavail-true%7Cdincp-3%7Cdinpd-6%7Cdipgavail-true&pv=62fcebe2930811ee9a99a6d63f35ac30&au=bd327034a0754976835ebc60da0095e3,This item has no description,Expired Deal
https://slickdeals.net/?sdtrk=SiteSearchV2Algo1&afsrc=1&trd=Get%20Deal%20at%20Amazon&sdtid=17063761&tid=17063761&prop=diavail-true%7Cdincp-3%7Cdinpd-1%7Cdipgavail-true&pv=662331c8930811ee828cf6873aadd9b1&au=bd327034a0754976835ebc60da0095e3,This item has no description,
https://slickdeals.net/?sdtrk=SiteSearchV2Algo1&afsrc=1&trd=Get%20Deal%20at%20Chewy&sdtid=17043826&tid=17043826&prop=diavail-true%7Cdincp-3%7Cdinpd-9%7Cdipgavail-true&pv=6a8168fc930811eea8044e42ddacaef7&au=bd327034a0754976835ebc60da0095e3,This item has no description,Expired Deal
https://slickdeals.net/?sdtrk=SiteSearchV2Algo1&afsrc=1&trd=Visit%20Chewy&sdtid=17118031&tid=17118031&pno=894961&prop=diavail-false%7Cdincp-0%7Cdinpd-0%7Cdipgavail-false&pv=6d6deeaa930811ee9ddb7e1fa6f2e8ad&au=bd327034a0754976835ebc60da0095e3,This item has no description,Expired Deal
https://slickdeals.net/?sdtrk=SiteSearchV2Algo1&afsrc=1&trd=Get%20Deal%20at%20Target&sdtid=16872017&tid=16872017&prop=diavail-false%7Cdincp-0%7Cdinpd-0%7Cdipgavail-false&pv=703f897c930811ee88e96ea02c65049f&au=bd327034a0754976835ebc60da0095e3,"Woof woof! These dog treats are the perfect homemade snack for your canine companion! The Dash Mini Dog Treat Maker’s nonstick plates heat evenly to cook fresh treats in minutes, and the nonstick surface is easy to wipe down for simple cleanup. Our Recipe Guide contains easy-to-make dog treats that you can create with unprocessed ingredients already in your home kitchen. Simply preheat, add batter, and cook: you’ll have 6 drool-worthy dog treats in no time!",
https://slickdeals.net/?sdtrk=SiteSearchV2Algo1&afsrc=1&trd=Get%20Deal%20at%20Amazon&sdtid=16891984&tid=16891984&pno=862744&prop=diavail-true%7Cdincp-1%7Cdinpd-0%7Cdipgavail-false&pv=72c207a6930811eea32b52891ca1aa11&au=bd327034a0754976835ebc60da0095e3,This item has no description,
https://slickdeals.net/?sdtrk=SiteSearchV2Algo1&afsrc=1&trd=Get%20Deal%20at%20Amazon&sdtid=17136703&tid=17136703&prop=diavail-true%7Cdincp-2%7Cdinpd-1%7Cdipgavail-true&pv=7712419a930811eea9f632155b593741&au=bd327034a0754976835ebc60da0095e3,This item has no description,
https://slickdeals.net/?sdtrk=SiteSearchV2Algo1&afsrc=1&trd=Get%20Deal%20at%20Amazon&sdtid=17089717&tid=17089717&pno=891313&prop=diavail-true%7Cdincp-2%7Cdinpd-1%7Cdipgavail-true&pv=7b78f8fa930811ee981b9a140b1569d6&au=bd327034a0754976835ebc60da0095e3,This item has no description,
https://slickdeals.net/?sdtrk=SiteSearchV2Algo1&afsrc=1&trd=Get%20Deal%20at%20Amazon&sdtid=17094664&tid=17094664&pno=891637&prop=diavail-true%7Cdincp-3%7Cdinpd-7%7Cdipgavail-true&pv=80350064930811ee815f9a5345c674ba&au=bd327034a0754976835ebc60da0095e3,This item has no description,
https://slickdeals.net/?sdtrk=SiteSearchV2Algo1&afsrc=1&trd=Get%20Deal%20at%20Chewy&sdtid=17120005&tid=17120005&prop=diavail-false%7Cdincp-0%7Cdinpd-0%7Cdipgavail-false&pv=84d7ff5e930811ee87193a4e4378d870&au=bd327034a0754976835ebc60da0095e3,This item has no description,
https://slickdeals.net/?sdtrk=SiteSearchV2Algo1&afsrc=1&trd=Get%20Deal%20at%20Target&sdtid=17080174&tid=17080174&pno=890275&prop=diavail-true%7Cdincp-3%7Cdinpd-2%7Cdipgavail-true&pv=891df0dc930811eeac1726bedd00fd3a&au=bd327034a0754976835ebc60da0095e3,This item has no description,
https://slickdeals.net/?sdtrk=SiteSearchV2Algo1&afsrc=1&trd=Get%20Deal%20at%20Amazon&sdtid=17071219&tid=17071219&prop=diavail-false%7Cdincp-0%7Cdinpd-0%7Cdipgavail-false&pv=8d6a2a7a930811ee93a3763100633dd8&au=bd327034a0754976835ebc60da0095e3,This item has no description,
https://slickdeals.net/?sdtrk=SiteSearchV2Algo1&afsrc=1&trd=Get%20Deal%20at%20Woot%21&sdtid=17137948&tid=17137948&prop=diavail-false%7Cdincp-0%7Cdinpd-0%7Cdipgavail-false&pv=91af05c4930811ee9b99ea10a259d0d4&au=bd327034a0754976835ebc60da0095e3,This item has no description,
https://slickdeals.net/?sdtrk=SiteSearchV2Algo1&afsrc=1&trd=Get%20Deal%20at%20Amazon&sdtid=17138209&tid=17138209&prop=diavail-false%7Cdincp-0%7Cdinpd-0%7Cdipgavail-false&pv=95fbcdd8930811eea0ad2a34d537341f&au=bd327034a0754976835ebc60da0095e3,This item has no description,
https://slickdeals.net/?sdtrk=SiteSearchV2Algo1&afsrc=1&trd=Get%20Deal%20at%20Petco&sdtid=17099827&tid=17099827&prop=diavail-false%7Cdincp-0%7Cdinpd-0%7Cdipgavail-false&pv=9a362aba930811ee9772967b084cc5f5&au=bd327034a0754976835ebc60da0095e3,This item has no description,
https://slickdeals.net/?sdtrk=SiteSearchV2Algo1&afsrc=1&trd=Get%20Deal%20at%20Amazon&sdtid=16964371&tid=16964371&pno=872668&prop=diavail-true%7Cdincp-1%7Cdinpd-0%7Cdipgavail-false&pv=9e7038f0930811eea21642e8039dc599&au=bd327034a0754976835ebc60da0095e3,This item has no description,
https://slickdeals.net/?sdtrk=SiteSearchV2Algo1&afsrc=1&trd=Get%20Deal%20at%20Target&sdtid=17126050&tid=17126050&prop=diavail-false%7Cdincp-0%7Cdinpd-0%7Cdipgavail-false&pv=a2d367f0930811eea1e8ce95ad32fc49&au=bd327034a0754976835ebc60da0095e3,This item has no description,
https://slickdeals.net/?sdtrk=SiteSearchV2Algo1&afsrc=1&trd=Visit%20Amazon&sdtid=17100370&tid=17100370&pno=892309&prop=diavail-true%7Cdincp-1%7Cdinpd-3%7Cdipgavail-false&pv=a75973f0930811ee8f3852d99aef8a32&au=bd327034a0754976835ebc60da0095e3,This item has no description,Expired Deal
https://slickdeals.net/?sdtrk=SiteSearchV2Algo1&afsrc=1&trd=Get%20Deal%20at%20Amazon&sdtid=16928620&tid=16928620&prop=diavail-true%7Cdincp-1%7Cdinpd-4%7Cdipgavail-false&pv=aa2fd556930811ee9e278a8c03570672&au=bd327034a0754976835ebc60da0095e3,This item has no description,
https://slickdeals.net/?sdtrk=SiteSearchV2Algo1&afsrc=1&trd=Get%20Deal%20at%20Amazon&sdtid=17110948&tid=17110948&prop=diavail-true%7Cdincp-1%7Cdinpd-0%7Cdipgavail-false&pv=ae742fb8930811ee9c8b9ee15ae9a4c5&au=bd327034a0754976835ebc60da0095e3,This item has no description,
This item has no redirect purchase link,This item has no description,
https://slickdeals.net/?sdtrk=SiteSearchV2Algo1&afsrc=1&trd=Get%20Deal%20at%20Amazon&sdtid=17063761&tid=17063761&prop=diavail-true%7Cdincp-3%7Cdinpd-1%7Cdipgavail-true&pv=b8405c1a930811eead2b9a5345c674ba&au=bd327034a0754976835ebc60da0095e3,This item has no description,
https://slickdeals.net/?sdtrk=SiteSearchV2Algo1&afsrc=1&trd=Get%20Deal%20at%20Chewy&sdtid=17043826&tid=17043826&prop=diavail-true%7Cdincp-3%7Cdinpd-9%7Cdipgavail-true&pv=bca2b99c930811ee819abe70f872a18d&au=bd327034a0754976835ebc60da0095e3,This item has no description,Expired Deal
https://slickdeals.net/?sdtrk=SiteSearchV2Algo1&afsrc=1&trd=Visit%20Chewy&sdtid=17118031&tid=17118031&pno=894961&prop=diavail-false%7Cdincp-0%7Cdinpd-0%7Cdipgavail-false&pv=bf982894930811ee81fd96bc129f10c7&au=bd327034a0754976835ebc60da0095e3,This item has no description,Expired Deal
https://slickdeals.net/?sdtrk=SiteSearchV2Algo1&afsrc=1&trd=Get%20Deal%20at%20Target&sdtid=16872017&tid=16872017&prop=diavail-false%7Cdincp-0%7Cdinpd-0%7Cdipgavail-false&pv=c2818c3a930811eeb666bafcfc572079&au=bd327034a0754976835ebc60da0095e3,"Woof woof! These dog treats are the perfect homemade snack for your canine companion! The Dash Mini Dog Treat Maker’s nonstick plates heat evenly to cook fresh treats in minutes, and the nonstick surface is easy to wipe down for simple cleanup. Our Recipe Guide contains easy-to-make dog treats that you can create with unprocessed ingredients already in your home kitchen. Simply preheat, add batter, and cook: you’ll have 6 drool-worthy dog treats in no time!",
https://slickdeals.net/?sdtrk=SiteSearchV2Algo1&afsrc=1&trd=Get%20Deal%20at%20Amazon&sdtid=16891984&tid=16891984&pno=862744&prop=diavail-true%7Cdincp-1%7Cdinpd-0%7Cdipgavail-false&pv=c4fc9e0a930811ee998e9ad162da6e65&au=bd327034a0754976835ebc60da0095e3,This item has no description,
https://slickdeals.net/?sdtrk=SiteSearchV2Algo1&afsrc=1&trd=Get%20Deal%20at%20Amazon&sdtid=17136703&tid=17136703&prop=diavail-true%7Cdincp-2%7Cdinpd-1%7Cdipgavail-true&pv=c96fdbdc930811ee80e4aeb9af6f605e&au=bd327034a0754976835ebc60da0095e3,This item has no description,
