title,dealLink,buyLink,store,price,redPrice,thumbs,views,pic
Goody Box Holiday Pet Cat or Dog Toys & Treats from $13,https://slickdeals.net/f/17137240-goody-box-holiday-pet-cat-or-dog-toys-treats-from-13-free-shipping-on-49?src=SiteSearchV2Algo1,,Chewy,from $13,$43.49,+26,"8,212",https://static.slickdealscdn.com/attachment/3/1/7/4/5/4/0/4/150x150/14677927.thumb
"22"" Frisco Cactus Cat Scratching Post $13.35 + Free S&H on $49+",https://slickdeals.net/f/17105881-22-frisco-cactus-cat-scratching-post-13-33-free-s-h-on-49?src=SiteSearchV2Algo1,,Chewy,$13.35,$26.65,+25,"17,117",https://static.slickdealscdn.com/attachment/2/4/9/7/4/4/3/8/150x150/14621134.thumb
Gabby's Dollhouse Magical Musical Cat Ears $7.75,https://slickdeals.net/f/17122240-gabby-s-dollhouse-magical-musical-cat-ears-8-42-free-shipping-w-prime-or-on-35?src=SiteSearchV2Algo1,,Amazon,$7.75,$16.49,+27,"9,511",https://static.slickdealscdn.com/attachment/2/5/5/9/8/9/2/7/150x150/14648431.thumb
"Chewy: First Autoship of Select Pet Products (Dog, Cat & Other Loved Pets) Up to 50% Off + Free Shipping on $49+",https://slickdeals.net/f/17043058-chewy-up-to-50-off-your-first-autoship-of-select-products-dog-cat-other-loved-pets-free-shipping-on-49?src=SiteSearchV2Algo1,,Chewy,Up to 50% Off,,+28,"12,196",https://static.slickdealscdn.com/attachment/3/1/1/9/6/7/1/6/150x150/14484631.thumb
PETLIBRO Interactive Rechargeable Cat Toy w/ LED Lights (Blue or Orange) $18.99 + Free Ship w/Prime or on orders $35+,https://slickdeals.net/f/17126134-petlibro-interactive-rechargeable-cat-toy-w-led-lights-blue-or-orange-18-99-free-ship-w-prime-or-on-orders-35?src=SiteSearchV2Algo1,,Amazon,$18.99,$25.99,+1,639,https://static.slickdealscdn.com/attachment/3/7/4/7/9/3/150x150/14655652.thumb
"15-Piece Toy Tin (Cat, Ballerina or Llama) Tea Set with Case (Tea Pot, Cup, Tray, Saucers, Plates) $13.49 + Free Shipping w/ Prime or on $35+",https://slickdeals.net/f/17132515-15-piece-toy-tin-cat-ballerina-or-llama-tea-set-with-case-tea-pot-cup-tray-saucers-plates-13-49-free-shipping-w-prime-or-on-35?src=SiteSearchV2Algo1,,Amazon,$13.49,$26.99,+1,"1,594",https://static.slickdealscdn.com/attachment/3/7/4/7/9/3/150x150/14669032.thumb
58-Piece LEGO City Vet Van Rescue Ambulance Building Toy Set $8,https://slickdeals.net/f/17038660-58-piece-lego-city-vet-van-rescue-toy-animal-ambulance-set-7-99-free-shipping-w-prime-or-on-35?src=SiteSearchV2Algo1,,Amazon,$8,$9.99,+24,"13,592",https://static.slickdealscdn.com/attachment/9/3/0/4/6/1/9/150x150/14474995.thumb
Amazon Basics Multi-Platform Cat Condo Tree Tower w/ Scratching Post $35 + Free Shipping,https://slickdeals.net/f/17071792-amazon-basics-multi-platform-cat-condo-tree-tower-w-scratching-post-35-free-shipping?src=SiteSearchV2Algo1,,Rack To Door,$35.00,$99.99,+5,"3,935",https://static.slickdealscdn.com/attachment/3/0/6/6/3/5/5/9/150x150/14552617.thumb
"12"" Star Wars for Pets Cat Bouncy Teaser Toy w/ Feathers $4.91 + Free Shipping w/ Prime or on $35+",https://slickdeals.net/f/17000392-12-star-wars-for-pets-cat-bouncy-teaser-toy-w-feathers-4-91-free-shipping-w-prime-or-on-35?src=SiteSearchV2Algo1,,Amazon,$4.91,$6.99,+7,"3,060",https://static.slickdealscdn.com/attachment/3/1/7/1/9/9/0/1/150x150/14389906.thumb
"Chewy: Up to 50% off on Pet Apparel, Food & Treats + Up to 50% off First Autoship ($20 Max) & More + Free Shipping on $35+",https://slickdeals.net/f/17083981-chewy-up-to-50-off-on-pet-apparel-food-treats-up-to-50-off-first-autoship-20-max-more-free-shipping-on-35?src=SiteSearchV2Algo1,,Chewy,,,+8,"1,366",https://static.slickdealscdn.com/attachment/2/8/2/3/2/8/9/3/150x150/14576740.thumb
Trixie Fantasy Board Cat Toy $21,https://slickdeals.net/f/16902964-trixie-fantasy-board-cat-toy-21?src=SiteSearchV2Algo1,,PetSmart,$21.00,$45.00,+4,"1,701",https://static.slickdealscdn.com/attachment/1/6/8/7/8/7/4/7/150x150/14162572.thumb
New Chewy Accounts: 40-lbs Arm & Hammer Multi-Cat Clumping Cat Litter (Clean Burst) from 3 for $0.65 w/ Autoship & Save,https://slickdeals.net/f/17093428-40-lbs-arm-hammer-multi-cat-clumping-cat-litter-w-clean-burst-3-for-0-65-or-more-w-filler-item-free-shipping?src=SiteSearchV2Algo1,,Chewy,from 3 for $0.65,$68.97,+24,"22,283",https://static.slickdealscdn.com/attachment/2/8/2/3/2/8/9/3/150x150/14597941.thumb
"$10.00: CatToysOfficial Gazillion, CAT Construction 7"" Mini Crew with Dump Truck and Loader",https://slickdeals.net/f/16991269-10-00-cattoysofficial-gazillion-cat-construction-7-mini-crew-with-dump-truck-and-loader?src=SiteSearchV2Algo1,,Amazon,$10.00,$20.99,+2,"2,285",https://static.slickdealscdn.com/attachment/1/1/7/1/5/2/7/150x150/14367562.thumb
"10"" Squishmallows: Laura the Pink Tabby Cat, Coco the Mint Green Koala $5 each & More + Free Store Pickup",https://slickdeals.net/f/17086315-10-squishmallows-laura-the-pink-tabby-cat-coco-the-mint-green-koala-5-each-more-free-store-pickup?src=SiteSearchV2Algo1,,Walmart,$5 each,$24.99,+56,"52,957",https://static.slickdealscdn.com/attachment/3/9/1/5/9/5/0/150x150/14582110.thumb
Meow Cat Treat Dispenser Toy $3.90 + Free Store Pickup,https://slickdeals.net/f/16788287-meow-cat-treat-dispenser-toy-3-90-free-store-pickup?src=SiteSearchV2Algo1,,Kohl's,$3.90,$12.99,+38,"13,815",https://static.slickdealscdn.com/attachment/1/3/5/8/6/2/3/150x150/13900970.thumb
$5 Target GiftCard when you buy 2 select dog & cat supplies + 30% off all cat & dog food - stacking Target Circle offers,https://slickdeals.net/f/17126056-5-target-giftcard-when-you-buy-2-select-dog-cat-supplies-30-off-all-cat-dog-food-stacking-target-circle-offers?src=SiteSearchV2Algo1,,Target,,,+10,"2,882",https://static.slickdealscdn.com/attachment/8/0/4/2/5/150x150/14658076.thumb
Wizarding World Harry Potter Magical Minis Deluxe Hogwarts Castle Playsets w/ 22 Accessories & 3 Figures $20 + Free Shipping w/ Prime or on $35+,https://slickdeals.net/f/17071465-wizarding-world-harry-potter-magical-minis-deluxe-hogwarts-castle-playsets-w-22-accessories-3-figures-20-free-shipping-w-prime-or-on-35?src=SiteSearchV2Algo1,,Amazon,$20.00,$37.99,+5,"2,110",https://static.slickdealscdn.com/attachment/3/8/9/0/8/6/150x150/14551891.thumb
"Digital HD Films: The Aristocats (‪1970‬), Alice Through the Looking Glass (2016) $5 & More",https://slickdeals.net/f/17011141-digital-hd-films-the-aristocats-1970-alice-through-the-looking-glass-2016-5-more?src=SiteSearchV2Algo1,,Microsoft Store,$5,$14.99,+19,"8,791",https://static.slickdealscdn.com/attachment/1/4/9/7/0/7/3/9/150x150/14414242.thumb
"Dog & Cat Toys: 20% Off + BOGO 50% Off + Free Pickup - $0.59 Per Toy (Kong, Whisker City, etc.) & More at PetSmart",https://slickdeals.net/f/16847459-dog-cat-toys-20-off-bogo-50-off-free-pickup-0-59-per-toy-kong-whisker-city-etc-more-at-petsmart?src=SiteSearchV2Algo1,,PetSmart,$1.18,$1.98,+9,"5,337",https://static.slickdealscdn.com/attachment/3/0/6/6/3/5/5/9/150x150/14032931.thumb
Our Pets Play-N-Squeak Mouse Hunter Cat Toy $3,https://slickdeals.net/f/16956592-ourpets-play-n-squeak-mouse-hunter-interactive-catnip-cat-toy-3-free-shipping-w-prime-or-on-35?src=SiteSearchV2Algo1,,Amazon,$3,$5.59,+28,"8,309",https://static.slickdealscdn.com/attachment/2/4/9/7/4/4/3/8/150x150/14285440.thumb
Goody Box Holiday Pet Cat or Dog Toys & Treats from $13,https://slickdeals.net/f/17137240-goody-box-holiday-pet-cat-or-dog-toys-treats-from-13-free-shipping-on-49?src=SiteSearchV2Algo1,,Chewy,from $13,$43.49,+26,"8,212",https://static.slickdealscdn.com/attachment/3/1/7/4/5/4/0/4/150x150/14677927.thumb
"22"" Frisco Cactus Cat Scratching Post $13.35 + Free S&H on $49+",https://slickdeals.net/f/17105881-22-frisco-cactus-cat-scratching-post-13-33-free-s-h-on-49?src=SiteSearchV2Algo1,,Chewy,$13.35,$26.65,+25,"17,117",https://static.slickdealscdn.com/attachment/2/4/9/7/4/4/3/8/150x150/14621134.thumb
Gabby's Dollhouse Magical Musical Cat Ears $7.75,https://slickdeals.net/f/17122240-gabby-s-dollhouse-magical-musical-cat-ears-8-42-free-shipping-w-prime-or-on-35?src=SiteSearchV2Algo1,,Amazon,$7.75,$16.49,+27,"9,511",https://static.slickdealscdn.com/attachment/2/5/5/9/8/9/2/7/150x150/14648431.thumb
"Chewy: First Autoship of Select Pet Products (Dog, Cat & Other Loved Pets) Up to 50% Off + Free Shipping on $49+",https://slickdeals.net/f/17043058-chewy-up-to-50-off-your-first-autoship-of-select-products-dog-cat-other-loved-pets-free-shipping-on-49?src=SiteSearchV2Algo1,,Chewy,Up to 50% Off,,+28,"12,196",https://static.slickdealscdn.com/attachment/3/1/1/9/6/7/1/6/150x150/14484631.thumb
PETLIBRO Interactive Rechargeable Cat Toy w/ LED Lights (Blue or Orange) $18.99 + Free Ship w/Prime or on orders $35+,https://slickdeals.net/f/17126134-petlibro-interactive-rechargeable-cat-toy-w-led-lights-blue-or-orange-18-99-free-ship-w-prime-or-on-orders-35?src=SiteSearchV2Algo1,,Amazon,$18.99,$25.99,+1,639,https://static.slickdealscdn.com/attachment/3/7/4/7/9/3/150x150/14655652.thumb
"15-Piece Toy Tin (Cat, Ballerina or Llama) Tea Set with Case (Tea Pot, Cup, Tray, Saucers, Plates) $13.49 + Free Shipping w/ Prime or on $35+",https://slickdeals.net/f/17132515-15-piece-toy-tin-cat-ballerina-or-llama-tea-set-with-case-tea-pot-cup-tray-saucers-plates-13-49-free-shipping-w-prime-or-on-35?src=SiteSearchV2Algo1,,Amazon,$13.49,$26.99,+1,"1,594",https://static.slickdealscdn.com/attachment/3/7/4/7/9/3/150x150/14669032.thumb
58-Piece LEGO City Vet Van Rescue Ambulance Building Toy Set $8,https://slickdeals.net/f/17038660-58-piece-lego-city-vet-van-rescue-toy-animal-ambulance-set-7-99-free-shipping-w-prime-or-on-35?src=SiteSearchV2Algo1,,Amazon,$8,$9.99,+24,"13,592",https://static.slickdealscdn.com/attachment/9/3/0/4/6/1/9/150x150/14474995.thumb
Amazon Basics Multi-Platform Cat Condo Tree Tower w/ Scratching Post $35 + Free Shipping,https://slickdeals.net/f/17071792-amazon-basics-multi-platform-cat-condo-tree-tower-w-scratching-post-35-free-shipping?src=SiteSearchV2Algo1,,Rack To Door,$35.00,$99.99,+5,"3,935",https://static.slickdealscdn.com/attachment/3/0/6/6/3/5/5/9/150x150/14552617.thumb
"12"" Star Wars for Pets Cat Bouncy Teaser Toy w/ Feathers $4.91 + Free Shipping w/ Prime or on $35+",https://slickdeals.net/f/17000392-12-star-wars-for-pets-cat-bouncy-teaser-toy-w-feathers-4-91-free-shipping-w-prime-or-on-35?src=SiteSearchV2Algo1,,Amazon,$4.91,$6.99,+7,"3,060",https://static.slickdealscdn.com/attachment/3/1/7/1/9/9/0/1/150x150/14389906.thumb
"Chewy: Up to 50% off on Pet Apparel, Food & Treats + Up to 50% off First Autoship ($20 Max) & More + Free Shipping on $35+",https://slickdeals.net/f/17083981-chewy-up-to-50-off-on-pet-apparel-food-treats-up-to-50-off-first-autoship-20-max-more-free-shipping-on-35?src=SiteSearchV2Algo1,,Chewy,,,+8,"1,366",https://static.slickdealscdn.com/attachment/2/8/2/3/2/8/9/3/150x150/14576740.thumb
Trixie Fantasy Board Cat Toy $21,https://slickdeals.net/f/16902964-trixie-fantasy-board-cat-toy-21?src=SiteSearchV2Algo1,,PetSmart,$21.00,$45.00,+4,"1,701",https://static.slickdealscdn.com/attachment/1/6/8/7/8/7/4/7/150x150/14162572.thumb
New Chewy Accounts: 40-lbs Arm & Hammer Multi-Cat Clumping Cat Litter (Clean Burst) from 3 for $0.65 w/ Autoship & Save,https://slickdeals.net/f/17093428-40-lbs-arm-hammer-multi-cat-clumping-cat-litter-w-clean-burst-3-for-0-65-or-more-w-filler-item-free-shipping?src=SiteSearchV2Algo1,,Chewy,from 3 for $0.65,$68.97,+24,"22,283",https://static.slickdealscdn.com/attachment/2/8/2/3/2/8/9/3/150x150/14597941.thumb
"$10.00: CatToysOfficial Gazillion, CAT Construction 7"" Mini Crew with Dump Truck and Loader",https://slickdeals.net/f/16991269-10-00-cattoysofficial-gazillion-cat-construction-7-mini-crew-with-dump-truck-and-loader?src=SiteSearchV2Algo1,,Amazon,$10.00,$20.99,+2,"2,285",https://static.slickdealscdn.com/attachment/1/1/7/1/5/2/7/150x150/14367562.thumb
"10"" Squishmallows: Laura the Pink Tabby Cat, Coco the Mint Green Koala $5 each & More + Free Store Pickup",https://slickdeals.net/f/17086315-10-squishmallows-laura-the-pink-tabby-cat-coco-the-mint-green-koala-5-each-more-free-store-pickup?src=SiteSearchV2Algo1,,Walmart,$5 each,$24.99,+56,"52,957",https://static.slickdealscdn.com/attachment/3/9/1/5/9/5/0/150x150/14582110.thumb
Meow Cat Treat Dispenser Toy $3.90 + Free Store Pickup,https://slickdeals.net/f/16788287-meow-cat-treat-dispenser-toy-3-90-free-store-pickup?src=SiteSearchV2Algo1,,Kohl's,$3.90,$12.99,+38,"13,815",https://static.slickdealscdn.com/attachment/1/3/5/8/6/2/3/150x150/13900970.thumb
$5 Target GiftCard when you buy 2 select dog & cat supplies + 30% off all cat & dog food - stacking Target Circle offers,https://slickdeals.net/f/17126056-5-target-giftcard-when-you-buy-2-select-dog-cat-supplies-30-off-all-cat-dog-food-stacking-target-circle-offers?src=SiteSearchV2Algo1,,Target,,,+10,"2,882",https://static.slickdealscdn.com/attachment/8/0/4/2/5/150x150/14658076.thumb
Wizarding World Harry Potter Magical Minis Deluxe Hogwarts Castle Playsets w/ 22 Accessories & 3 Figures $20 + Free Shipping w/ Prime or on $35+,https://slickdeals.net/f/17071465-wizarding-world-harry-potter-magical-minis-deluxe-hogwarts-castle-playsets-w-22-accessories-3-figures-20-free-shipping-w-prime-or-on-35?src=SiteSearchV2Algo1,,Amazon,$20.00,$37.99,+5,"2,110",https://static.slickdealscdn.com/attachment/3/8/9/0/8/6/150x150/14551891.thumb
"Digital HD Films: The Aristocats (‪1970‬), Alice Through the Looking Glass (2016) $5 & More",https://slickdeals.net/f/17011141-digital-hd-films-the-aristocats-1970-alice-through-the-looking-glass-2016-5-more?src=SiteSearchV2Algo1,,Microsoft Store,$5,$14.99,+19,"8,791",https://static.slickdealscdn.com/attachment/1/4/9/7/0/7/3/9/150x150/14414242.thumb
"Dog & Cat Toys: 20% Off + BOGO 50% Off + Free Pickup - $0.59 Per Toy (Kong, Whisker City, etc.) & More at PetSmart",https://slickdeals.net/f/16847459-dog-cat-toys-20-off-bogo-50-off-free-pickup-0-59-per-toy-kong-whisker-city-etc-more-at-petsmart?src=SiteSearchV2Algo1,,PetSmart,$1.18,$1.98,+9,"5,337",https://static.slickdealscdn.com/attachment/3/0/6/6/3/5/5/9/150x150/14032931.thumb
Our Pets Play-N-Squeak Mouse Hunter Cat Toy $3,https://slickdeals.net/f/16956592-ourpets-play-n-squeak-mouse-hunter-interactive-catnip-cat-toy-3-free-shipping-w-prime-or-on-35?src=SiteSearchV2Algo1,,Amazon,$3,$5.59,+28,"8,309",https://static.slickdealscdn.com/attachment/2/4/9/7/4/4/3/8/150x150/14285440.thumb
Goody Box Holiday Pet Cat or Dog Toys & Treats from $13,https://slickdeals.net/f/17137240-goody-box-holiday-pet-cat-or-dog-toys-treats-from-13-free-shipping-on-49?src=SiteSearchV2Algo1,,Chewy,from $13,$43.49,+26,"8,212",https://static.slickdealscdn.com/attachment/3/1/7/4/5/4/0/4/150x150/14677927.thumb
"22"" Frisco Cactus Cat Scratching Post $13.35 + Free S&H on $49+",https://slickdeals.net/f/17105881-22-frisco-cactus-cat-scratching-post-13-33-free-s-h-on-49?src=SiteSearchV2Algo1,,Chewy,$13.35,$26.65,+25,"17,117",https://static.slickdealscdn.com/attachment/2/4/9/7/4/4/3/8/150x150/14621134.thumb
Gabby's Dollhouse Magical Musical Cat Ears $7.75,https://slickdeals.net/f/17122240-gabby-s-dollhouse-magical-musical-cat-ears-8-42-free-shipping-w-prime-or-on-35?src=SiteSearchV2Algo1,,Amazon,$7.75,$16.49,+27,"9,511",https://static.slickdealscdn.com/attachment/2/5/5/9/8/9/2/7/150x150/14648431.thumb
"Chewy: First Autoship of Select Pet Products (Dog, Cat & Other Loved Pets) Up to 50% Off + Free Shipping on $49+",https://slickdeals.net/f/17043058-chewy-up-to-50-off-your-first-autoship-of-select-products-dog-cat-other-loved-pets-free-shipping-on-49?src=SiteSearchV2Algo1,,Chewy,Up to 50% Off,,+28,"12,196",https://static.slickdealscdn.com/attachment/3/1/1/9/6/7/1/6/150x150/14484631.thumb
PETLIBRO Interactive Rechargeable Cat Toy w/ LED Lights (Blue or Orange) $18.99 + Free Ship w/Prime or on orders $35+,https://slickdeals.net/f/17126134-petlibro-interactive-rechargeable-cat-toy-w-led-lights-blue-or-orange-18-99-free-ship-w-prime-or-on-orders-35?src=SiteSearchV2Algo1,,Amazon,$18.99,$25.99,+1,639,https://static.slickdealscdn.com/attachment/3/7/4/7/9/3/150x150/14655652.thumb
"15-Piece Toy Tin (Cat, Ballerina or Llama) Tea Set with Case (Tea Pot, Cup, Tray, Saucers, Plates) $13.49 + Free Shipping w/ Prime or on $35+",https://slickdeals.net/f/17132515-15-piece-toy-tin-cat-ballerina-or-llama-tea-set-with-case-tea-pot-cup-tray-saucers-plates-13-49-free-shipping-w-prime-or-on-35?src=SiteSearchV2Algo1,,Amazon,$13.49,$26.99,+1,"1,594",https://static.slickdealscdn.com/attachment/3/7/4/7/9/3/150x150/14669032.thumb
58-Piece LEGO City Vet Van Rescue Ambulance Building Toy Set $8,https://slickdeals.net/f/17038660-58-piece-lego-city-vet-van-rescue-toy-animal-ambulance-set-7-99-free-shipping-w-prime-or-on-35?src=SiteSearchV2Algo1,,Amazon,$8,$9.99,+24,"13,592",https://static.slickdealscdn.com/attachment/9/3/0/4/6/1/9/150x150/14474995.thumb
Amazon Basics Multi-Platform Cat Condo Tree Tower w/ Scratching Post $35 + Free Shipping,https://slickdeals.net/f/17071792-amazon-basics-multi-platform-cat-condo-tree-tower-w-scratching-post-35-free-shipping?src=SiteSearchV2Algo1,,Rack To Door,$35.00,$99.99,+5,"3,935",https://static.slickdealscdn.com/attachment/3/0/6/6/3/5/5/9/150x150/14552617.thumb
"12"" Star Wars for Pets Cat Bouncy Teaser Toy w/ Feathers $4.91 + Free Shipping w/ Prime or on $35+",https://slickdeals.net/f/17000392-12-star-wars-for-pets-cat-bouncy-teaser-toy-w-feathers-4-91-free-shipping-w-prime-or-on-35?src=SiteSearchV2Algo1,,Amazon,$4.91,$6.99,+7,"3,060",https://static.slickdealscdn.com/attachment/3/1/7/1/9/9/0/1/150x150/14389906.thumb
"Chewy: Up to 50% off on Pet Apparel, Food & Treats + Up to 50% off First Autoship ($20 Max) & More + Free Shipping on $35+",https://slickdeals.net/f/17083981-chewy-up-to-50-off-on-pet-apparel-food-treats-up-to-50-off-first-autoship-20-max-more-free-shipping-on-35?src=SiteSearchV2Algo1,,Chewy,,,+8,"1,366",https://static.slickdealscdn.com/attachment/2/8/2/3/2/8/9/3/150x150/14576740.thumb
Trixie Fantasy Board Cat Toy $21,https://slickdeals.net/f/16902964-trixie-fantasy-board-cat-toy-21?src=SiteSearchV2Algo1,,PetSmart,$21.00,$45.00,+4,"1,701",https://static.slickdealscdn.com/attachment/1/6/8/7/8/7/4/7/150x150/14162572.thumb
New Chewy Accounts: 40-lbs Arm & Hammer Multi-Cat Clumping Cat Litter (Clean Burst) from 3 for $0.65 w/ Autoship & Save,https://slickdeals.net/f/17093428-40-lbs-arm-hammer-multi-cat-clumping-cat-litter-w-clean-burst-3-for-0-65-or-more-w-filler-item-free-shipping?src=SiteSearchV2Algo1,,Chewy,from 3 for $0.65,$68.97,+24,"22,283",https://static.slickdealscdn.com/attachment/2/8/2/3/2/8/9/3/150x150/14597941.thumb
"$10.00: CatToysOfficial Gazillion, CAT Construction 7"" Mini Crew with Dump Truck and Loader",https://slickdeals.net/f/16991269-10-00-cattoysofficial-gazillion-cat-construction-7-mini-crew-with-dump-truck-and-loader?src=SiteSearchV2Algo1,,Amazon,$10.00,$20.99,+2,"2,285",https://static.slickdealscdn.com/attachment/1/1/7/1/5/2/7/150x150/14367562.thumb
"10"" Squishmallows: Laura the Pink Tabby Cat, Coco the Mint Green Koala $5 each & More + Free Store Pickup",https://slickdeals.net/f/17086315-10-squishmallows-laura-the-pink-tabby-cat-coco-the-mint-green-koala-5-each-more-free-store-pickup?src=SiteSearchV2Algo1,,Walmart,$5 each,$24.99,+56,"52,957",https://static.slickdealscdn.com/attachment/3/9/1/5/9/5/0/150x150/14582110.thumb
Meow Cat Treat Dispenser Toy $3.90 + Free Store Pickup,https://slickdeals.net/f/16788287-meow-cat-treat-dispenser-toy-3-90-free-store-pickup?src=SiteSearchV2Algo1,,Kohl's,$3.90,$12.99,+38,"13,815",https://static.slickdealscdn.com/attachment/1/3/5/8/6/2/3/150x150/13900970.thumb
$5 Target GiftCard when you buy 2 select dog & cat supplies + 30% off all cat & dog food - stacking Target Circle offers,https://slickdeals.net/f/17126056-5-target-giftcard-when-you-buy-2-select-dog-cat-supplies-30-off-all-cat-dog-food-stacking-target-circle-offers?src=SiteSearchV2Algo1,,Target,,,+10,"2,882",https://static.slickdealscdn.com/attachment/8/0/4/2/5/150x150/14658076.thumb
Wizarding World Harry Potter Magical Minis Deluxe Hogwarts Castle Playsets w/ 22 Accessories & 3 Figures $20 + Free Shipping w/ Prime or on $35+,https://slickdeals.net/f/17071465-wizarding-world-harry-potter-magical-minis-deluxe-hogwarts-castle-playsets-w-22-accessories-3-figures-20-free-shipping-w-prime-or-on-35?src=SiteSearchV2Algo1,,Amazon,$20.00,$37.99,+5,"2,110",https://static.slickdealscdn.com/attachment/3/8/9/0/8/6/150x150/14551891.thumb
"Dog & Cat Toys: 20% Off + BOGO 50% Off + Free Pickup - $0.59 Per Toy (Kong, Whisker City, etc.) & More at PetSmart",https://slickdeals.net/f/16847459-dog-cat-toys-20-off-bogo-50-off-free-pickup-0-59-per-toy-kong-whisker-city-etc-more-at-petsmart?src=SiteSearchV2Algo1,,PetSmart,$1.18,$1.98,+9,"5,337",https://static.slickdealscdn.com/attachment/3/0/6/6/3/5/5/9/150x150/14032931.thumb
"Digital HD Films: The Aristocats (‪1970‬), Alice Through the Looking Glass (2016) $5 & More",https://slickdeals.net/f/17011141-digital-hd-films-the-aristocats-1970-alice-through-the-looking-glass-2016-5-more?src=SiteSearchV2Algo1,,Microsoft Store,$5,$14.99,+19,"8,791",https://static.slickdealscdn.com/attachment/1/4/9/7/0/7/3/9/150x150/14414242.thumb
Our Pets Play-N-Squeak Mouse Hunter Cat Toy $3,https://slickdeals.net/f/16956592-ourpets-play-n-squeak-mouse-hunter-interactive-catnip-cat-toy-3-free-shipping-w-prime-or-on-35?src=SiteSearchV2Algo1,,Amazon,$3,$5.59,+28,"8,309",https://static.slickdealscdn.com/attachment/2/4/9/7/4/4/3/8/150x150/14285440.thumb
Goody Box Holiday Pet Cat or Dog Toys & Treats from $13,https://slickdeals.net/f/17137240-goody-box-holiday-pet-cat-or-dog-toys-treats-from-13-free-shipping-on-49?src=SiteSearchV2Algo1,,Chewy,from $13,$43.49,+26,"8,212",https://static.slickdealscdn.com/attachment/3/1/7/4/5/4/0/4/150x150/14677927.thumb
"22"" Frisco Cactus Cat Scratching Post $13.35 + Free S&H on $49+",https://slickdeals.net/f/17105881-22-frisco-cactus-cat-scratching-post-13-33-free-s-h-on-49?src=SiteSearchV2Algo1,,Chewy,$13.35,$26.65,+25,"17,117",https://static.slickdealscdn.com/attachment/2/4/9/7/4/4/3/8/150x150/14621134.thumb
Gabby's Dollhouse Magical Musical Cat Ears $7.75,https://slickdeals.net/f/17122240-gabby-s-dollhouse-magical-musical-cat-ears-8-42-free-shipping-w-prime-or-on-35?src=SiteSearchV2Algo1,,Amazon,$7.75,$16.49,+27,"9,511",https://static.slickdealscdn.com/attachment/2/5/5/9/8/9/2/7/150x150/14648431.thumb
"Chewy: First Autoship of Select Pet Products (Dog, Cat & Other Loved Pets) Up to 50% Off + Free Shipping on $49+",https://slickdeals.net/f/17043058-chewy-up-to-50-off-your-first-autoship-of-select-products-dog-cat-other-loved-pets-free-shipping-on-49?src=SiteSearchV2Algo1,,Chewy,Up to 50% Off,,+28,"12,196",https://static.slickdealscdn.com/attachment/3/1/1/9/6/7/1/6/150x150/14484631.thumb
PETLIBRO Interactive Rechargeable Cat Toy w/ LED Lights (Blue or Orange) $18.99 + Free Ship w/Prime or on orders $35+,https://slickdeals.net/f/17126134-petlibro-interactive-rechargeable-cat-toy-w-led-lights-blue-or-orange-18-99-free-ship-w-prime-or-on-orders-35?src=SiteSearchV2Algo1,,Amazon,$18.99,$25.99,+1,639,https://static.slickdealscdn.com/attachment/3/7/4/7/9/3/150x150/14655652.thumb
"15-Piece Toy Tin (Cat, Ballerina or Llama) Tea Set with Case (Tea Pot, Cup, Tray, Saucers, Plates) $13.49 + Free Shipping w/ Prime or on $35+",https://slickdeals.net/f/17132515-15-piece-toy-tin-cat-ballerina-or-llama-tea-set-with-case-tea-pot-cup-tray-saucers-plates-13-49-free-shipping-w-prime-or-on-35?src=SiteSearchV2Algo1,,Amazon,$13.49,$26.99,+1,"1,594",https://static.slickdealscdn.com/attachment/3/7/4/7/9/3/150x150/14669032.thumb
58-Piece LEGO City Vet Van Rescue Ambulance Building Toy Set $8,https://slickdeals.net/f/17038660-58-piece-lego-city-vet-van-rescue-toy-animal-ambulance-set-7-99-free-shipping-w-prime-or-on-35?src=SiteSearchV2Algo1,,Amazon,$8,$9.99,+24,"13,592",https://static.slickdealscdn.com/attachment/9/3/0/4/6/1/9/150x150/14474995.thumb
Amazon Basics Multi-Platform Cat Condo Tree Tower w/ Scratching Post $35 + Free Shipping,https://slickdeals.net/f/17071792-amazon-basics-multi-platform-cat-condo-tree-tower-w-scratching-post-35-free-shipping?src=SiteSearchV2Algo1,,Rack To Door,$35.00,$99.99,+5,"3,935",https://static.slickdealscdn.com/attachment/3/0/6/6/3/5/5/9/150x150/14552617.thumb
"12"" Star Wars for Pets Cat Bouncy Teaser Toy w/ Feathers $4.91 + Free Shipping w/ Prime or on $35+",https://slickdeals.net/f/17000392-12-star-wars-for-pets-cat-bouncy-teaser-toy-w-feathers-4-91-free-shipping-w-prime-or-on-35?src=SiteSearchV2Algo1,,Amazon,$4.91,$6.99,+7,"3,060",https://static.slickdealscdn.com/attachment/3/1/7/1/9/9/0/1/150x150/14389906.thumb
"Chewy: Up to 50% off on Pet Apparel, Food & Treats + Up to 50% off First Autoship ($20 Max) & More + Free Shipping on $35+",https://slickdeals.net/f/17083981-chewy-up-to-50-off-on-pet-apparel-food-treats-up-to-50-off-first-autoship-20-max-more-free-shipping-on-35?src=SiteSearchV2Algo1,,Chewy,,,+8,"1,366",https://static.slickdealscdn.com/attachment/2/8/2/3/2/8/9/3/150x150/14576740.thumb
Trixie Fantasy Board Cat Toy $21,https://slickdeals.net/f/16902964-trixie-fantasy-board-cat-toy-21?src=SiteSearchV2Algo1,,PetSmart,$21.00,$45.00,+4,"1,701",https://static.slickdealscdn.com/attachment/1/6/8/7/8/7/4/7/150x150/14162572.thumb
New Chewy Accounts: 40-lbs Arm & Hammer Multi-Cat Clumping Cat Litter (Clean Burst) from 3 for $0.65 w/ Autoship & Save,https://slickdeals.net/f/17093428-40-lbs-arm-hammer-multi-cat-clumping-cat-litter-w-clean-burst-3-for-0-65-or-more-w-filler-item-free-shipping?src=SiteSearchV2Algo1,,Chewy,from 3 for $0.65,$68.97,+24,"22,283",https://static.slickdealscdn.com/attachment/2/8/2/3/2/8/9/3/150x150/14597941.thumb
"$10.00: CatToysOfficial Gazillion, CAT Construction 7"" Mini Crew with Dump Truck and Loader",https://slickdeals.net/f/16991269-10-00-cattoysofficial-gazillion-cat-construction-7-mini-crew-with-dump-truck-and-loader?src=SiteSearchV2Algo1,,Amazon,$10.00,$20.99,+2,"2,285",https://static.slickdealscdn.com/attachment/1/1/7/1/5/2/7/150x150/14367562.thumb
"10"" Squishmallows: Laura the Pink Tabby Cat, Coco the Mint Green Koala $5 each & More + Free Store Pickup",https://slickdeals.net/f/17086315-10-squishmallows-laura-the-pink-tabby-cat-coco-the-mint-green-koala-5-each-more-free-store-pickup?src=SiteSearchV2Algo1,,Walmart,$5 each,$24.99,+56,"52,957",https://static.slickdealscdn.com/attachment/3/9/1/5/9/5/0/150x150/14582110.thumb
Meow Cat Treat Dispenser Toy $3.90 + Free Store Pickup,https://slickdeals.net/f/16788287-meow-cat-treat-dispenser-toy-3-90-free-store-pickup?src=SiteSearchV2Algo1,,Kohl's,$3.90,$12.99,+38,"13,815",https://static.slickdealscdn.com/attachment/1/3/5/8/6/2/3/150x150/13900970.thumb
$5 Target GiftCard when you buy 2 select dog & cat supplies + 30% off all cat & dog food - stacking Target Circle offers,https://slickdeals.net/f/17126056-5-target-giftcard-when-you-buy-2-select-dog-cat-supplies-30-off-all-cat-dog-food-stacking-target-circle-offers?src=SiteSearchV2Algo1,,Target,,,+10,"2,882",https://static.slickdealscdn.com/attachment/8/0/4/2/5/150x150/14658076.thumb
Wizarding World Harry Potter Magical Minis Deluxe Hogwarts Castle Playsets w/ 22 Accessories & 3 Figures $20 + Free Shipping w/ Prime or on $35+,https://slickdeals.net/f/17071465-wizarding-world-harry-potter-magical-minis-deluxe-hogwarts-castle-playsets-w-22-accessories-3-figures-20-free-shipping-w-prime-or-on-35?src=SiteSearchV2Algo1,,Amazon,$20.00,$37.99,+5,"2,110",https://static.slickdealscdn.com/attachment/3/8/9/0/8/6/150x150/14551891.thumb
"Digital HD Films: The Aristocats (‪1970‬), Alice Through the Looking Glass (2016) $5 & More",https://slickdeals.net/f/17011141-digital-hd-films-the-aristocats-1970-alice-through-the-looking-glass-2016-5-more?src=SiteSearchV2Algo1,,Microsoft Store,$5,$14.99,+19,"8,791",https://static.slickdealscdn.com/attachment/1/4/9/7/0/7/3/9/150x150/14414242.thumb
"Dog & Cat Toys: 20% Off + BOGO 50% Off + Free Pickup - $0.59 Per Toy (Kong, Whisker City, etc.) & More at PetSmart",https://slickdeals.net/f/16847459-dog-cat-toys-20-off-bogo-50-off-free-pickup-0-59-per-toy-kong-whisker-city-etc-more-at-petsmart?src=SiteSearchV2Algo1,,PetSmart,$1.18,$1.98,+9,"5,337",https://static.slickdealscdn.com/attachment/3/0/6/6/3/5/5/9/150x150/14032931.thumb
Our Pets Play-N-Squeak Mouse Hunter Cat Toy $3,https://slickdeals.net/f/16956592-ourpets-play-n-squeak-mouse-hunter-interactive-catnip-cat-toy-3-free-shipping-w-prime-or-on-35?src=SiteSearchV2Algo1,,Amazon,$3,$5.59,+28,"8,309",https://static.slickdealscdn.com/attachment/2/4/9/7/4/4/3/8/150x150/14285440.thumb
Goody Box Holiday Pet Cat or Dog Toys & Treats from $13,https://slickdeals.net/f/17137240-goody-box-holiday-pet-cat-or-dog-toys-treats-from-13-free-shipping-on-49?src=SiteSearchV2Algo1,,Chewy,from $13,$43.49,+26,"8,212",https://static.slickdealscdn.com/attachment/3/1/7/4/5/4/0/4/150x150/14677927.thumb
"22"" Frisco Cactus Cat Scratching Post $13.35 + Free S&H on $49+",https://slickdeals.net/f/17105881-22-frisco-cactus-cat-scratching-post-13-33-free-s-h-on-49?src=SiteSearchV2Algo1,,Chewy,$13.35,$26.65,+25,"17,117",https://static.slickdealscdn.com/attachment/2/4/9/7/4/4/3/8/150x150/14621134.thumb
Gabby's Dollhouse Magical Musical Cat Ears $7.75,https://slickdeals.net/f/17122240-gabby-s-dollhouse-magical-musical-cat-ears-8-42-free-shipping-w-prime-or-on-35?src=SiteSearchV2Algo1,,Amazon,$7.75,$16.49,+27,"9,511",https://static.slickdealscdn.com/attachment/2/5/5/9/8/9/2/7/150x150/14648431.thumb
"Chewy: First Autoship of Select Pet Products (Dog, Cat & Other Loved Pets) Up to 50% Off + Free Shipping on $49+",https://slickdeals.net/f/17043058-chewy-up-to-50-off-your-first-autoship-of-select-products-dog-cat-other-loved-pets-free-shipping-on-49?src=SiteSearchV2Algo1,,Chewy,Up to 50% Off,,+28,"12,196",https://static.slickdealscdn.com/attachment/3/1/1/9/6/7/1/6/150x150/14484631.thumb
PETLIBRO Interactive Rechargeable Cat Toy w/ LED Lights (Blue or Orange) $18.99 + Free Ship w/Prime or on orders $35+,https://slickdeals.net/f/17126134-petlibro-interactive-rechargeable-cat-toy-w-led-lights-blue-or-orange-18-99-free-ship-w-prime-or-on-orders-35?src=SiteSearchV2Algo1,,Amazon,$18.99,$25.99,+1,639,https://static.slickdealscdn.com/attachment/3/7/4/7/9/3/150x150/14655652.thumb
"15-Piece Toy Tin (Cat, Ballerina or Llama) Tea Set with Case (Tea Pot, Cup, Tray, Saucers, Plates) $13.49 + Free Shipping w/ Prime or on $35+",https://slickdeals.net/f/17132515-15-piece-toy-tin-cat-ballerina-or-llama-tea-set-with-case-tea-pot-cup-tray-saucers-plates-13-49-free-shipping-w-prime-or-on-35?src=SiteSearchV2Algo1,,Amazon,$13.49,$26.99,+1,"1,594",https://static.slickdealscdn.com/attachment/3/7/4/7/9/3/150x150/14669032.thumb
58-Piece LEGO City Vet Van Rescue Ambulance Building Toy Set $8,https://slickdeals.net/f/17038660-58-piece-lego-city-vet-van-rescue-toy-animal-ambulance-set-7-99-free-shipping-w-prime-or-on-35?src=SiteSearchV2Algo1,,Amazon,$8,$9.99,+24,"13,592",https://static.slickdealscdn.com/attachment/9/3/0/4/6/1/9/150x150/14474995.thumb
Amazon Basics Multi-Platform Cat Condo Tree Tower w/ Scratching Post $35 + Free Shipping,https://slickdeals.net/f/17071792-amazon-basics-multi-platform-cat-condo-tree-tower-w-scratching-post-35-free-shipping?src=SiteSearchV2Algo1,,Rack To Door,$35.00,$99.99,+5,"3,935",https://static.slickdealscdn.com/attachment/3/0/6/6/3/5/5/9/150x150/14552617.thumb
"12"" Star Wars for Pets Cat Bouncy Teaser Toy w/ Feathers $4.91 + Free Shipping w/ Prime or on $35+",https://slickdeals.net/f/17000392-12-star-wars-for-pets-cat-bouncy-teaser-toy-w-feathers-4-91-free-shipping-w-prime-or-on-35?src=SiteSearchV2Algo1,,Amazon,$4.91,$6.99,+7,"3,060",https://static.slickdealscdn.com/attachment/3/1/7/1/9/9/0/1/150x150/14389906.thumb
"Chewy: Up to 50% off on Pet Apparel, Food & Treats + Up to 50% off First Autoship ($20 Max) & More + Free Shipping on $35+",https://slickdeals.net/f/17083981-chewy-up-to-50-off-on-pet-apparel-food-treats-up-to-50-off-first-autoship-20-max-more-free-shipping-on-35?src=SiteSearchV2Algo1,,Chewy,,,+8,"1,366",https://static.slickdealscdn.com/attachment/2/8/2/3/2/8/9/3/150x150/14576740.thumb
Trixie Fantasy Board Cat Toy $21,https://slickdeals.net/f/16902964-trixie-fantasy-board-cat-toy-21?src=SiteSearchV2Algo1,,PetSmart,$21.00,$45.00,+4,"1,701",https://static.slickdealscdn.com/attachment/1/6/8/7/8/7/4/7/150x150/14162572.thumb
New Chewy Accounts: 40-lbs Arm & Hammer Multi-Cat Clumping Cat Litter (Clean Burst) from 3 for $0.65 w/ Autoship & Save,https://slickdeals.net/f/17093428-40-lbs-arm-hammer-multi-cat-clumping-cat-litter-w-clean-burst-3-for-0-65-or-more-w-filler-item-free-shipping?src=SiteSearchV2Algo1,,Chewy,from 3 for $0.65,$68.97,+24,"22,283",https://static.slickdealscdn.com/attachment/2/8/2/3/2/8/9/3/150x150/14597941.thumb
"$10.00: CatToysOfficial Gazillion, CAT Construction 7"" Mini Crew with Dump Truck and Loader",https://slickdeals.net/f/16991269-10-00-cattoysofficial-gazillion-cat-construction-7-mini-crew-with-dump-truck-and-loader?src=SiteSearchV2Algo1,,Amazon,$10.00,$20.99,+2,"2,285",https://static.slickdealscdn.com/attachment/1/1/7/1/5/2/7/150x150/14367562.thumb
"10"" Squishmallows: Laura the Pink Tabby Cat, Coco the Mint Green Koala $5 each & More + Free Store Pickup",https://slickdeals.net/f/17086315-10-squishmallows-laura-the-pink-tabby-cat-coco-the-mint-green-koala-5-each-more-free-store-pickup?src=SiteSearchV2Algo1,,Walmart,$5 each,$24.99,+56,"52,957",https://static.slickdealscdn.com/attachment/3/9/1/5/9/5/0/150x150/14582110.thumb
Meow Cat Treat Dispenser Toy $3.90 + Free Store Pickup,https://slickdeals.net/f/16788287-meow-cat-treat-dispenser-toy-3-90-free-store-pickup?src=SiteSearchV2Algo1,,Kohl's,$3.90,$12.99,+38,"13,815",https://static.slickdealscdn.com/attachment/1/3/5/8/6/2/3/150x150/13900970.thumb
$5 Target GiftCard when you buy 2 select dog & cat supplies + 30% off all cat & dog food - stacking Target Circle offers,https://slickdeals.net/f/17126056-5-target-giftcard-when-you-buy-2-select-dog-cat-supplies-30-off-all-cat-dog-food-stacking-target-circle-offers?src=SiteSearchV2Algo1,,Target,,,+10,"2,882",https://static.slickdealscdn.com/attachment/8/0/4/2/5/150x150/14658076.thumb
Wizarding World Harry Potter Magical Minis Deluxe Hogwarts Castle Playsets w/ 22 Accessories & 3 Figures $20 + Free Shipping w/ Prime or on $35+,https://slickdeals.net/f/17071465-wizarding-world-harry-potter-magical-minis-deluxe-hogwarts-castle-playsets-w-22-accessories-3-figures-20-free-shipping-w-prime-or-on-35?src=SiteSearchV2Algo1,,Amazon,$20.00,$37.99,+5,"2,110",https://static.slickdealscdn.com/attachment/3/8/9/0/8/6/150x150/14551891.thumb
"Dog & Cat Toys: 20% Off + BOGO 50% Off + Free Pickup - $0.59 Per Toy (Kong, Whisker City, etc.) & More at PetSmart",https://slickdeals.net/f/16847459-dog-cat-toys-20-off-bogo-50-off-free-pickup-0-59-per-toy-kong-whisker-city-etc-more-at-petsmart?src=SiteSearchV2Algo1,,PetSmart,$1.18,$1.98,+9,"5,337",https://static.slickdealscdn.com/attachment/3/0/6/6/3/5/5/9/150x150/14032931.thumb
"Digital HD Films: The Aristocats (‪1970‬), Alice Through the Looking Glass (2016) $5 & More",https://slickdeals.net/f/17011141-digital-hd-films-the-aristocats-1970-alice-through-the-looking-glass-2016-5-more?src=SiteSearchV2Algo1,,Microsoft Store,$5,$14.99,+19,"8,791",https://static.slickdealscdn.com/attachment/1/4/9/7/0/7/3/9/150x150/14414242.thumb
Our Pets Play-N-Squeak Mouse Hunter Cat Toy $3,https://slickdeals.net/f/16956592-ourpets-play-n-squeak-mouse-hunter-interactive-catnip-cat-toy-3-free-shipping-w-prime-or-on-35?src=SiteSearchV2Algo1,,Amazon,$3,$5.59,+28,"8,309",https://static.slickdealscdn.com/attachment/2/4/9/7/4/4/3/8/150x150/14285440.thumb
Goody Box Holiday Pet Cat or Dog Toys & Treats from $13,https://slickdeals.net/f/17137240-goody-box-holiday-pet-cat-or-dog-toys-treats-from-13-free-shipping-on-49?src=SiteSearchV2Algo1,,Chewy,from $13,$43.49,+26,"8,212",https://static.slickdealscdn.com/attachment/3/1/7/4/5/4/0/4/150x150/14677927.thumb
"22"" Frisco Cactus Cat Scratching Post $13.35 + Free S&H on $49+",https://slickdeals.net/f/17105881-22-frisco-cactus-cat-scratching-post-13-33-free-s-h-on-49?src=SiteSearchV2Algo1,,Chewy,$13.35,$26.65,+25,"17,117",https://static.slickdealscdn.com/attachment/2/4/9/7/4/4/3/8/150x150/14621134.thumb
Gabby's Dollhouse Magical Musical Cat Ears $7.75,https://slickdeals.net/f/17122240-gabby-s-dollhouse-magical-musical-cat-ears-8-42-free-shipping-w-prime-or-on-35?src=SiteSearchV2Algo1,,Amazon,$7.75,$16.49,+27,"9,511",https://static.slickdealscdn.com/attachment/2/5/5/9/8/9/2/7/150x150/14648431.thumb
"Chewy: First Autoship of Select Pet Products (Dog, Cat & Other Loved Pets) Up to 50% Off + Free Shipping on $49+",https://slickdeals.net/f/17043058-chewy-up-to-50-off-your-first-autoship-of-select-products-dog-cat-other-loved-pets-free-shipping-on-49?src=SiteSearchV2Algo1,,Chewy,Up to 50% Off,,+28,"12,196",https://static.slickdealscdn.com/attachment/3/1/1/9/6/7/1/6/150x150/14484631.thumb
PETLIBRO Interactive Rechargeable Cat Toy w/ LED Lights (Blue or Orange) $18.99 + Free Ship w/Prime or on orders $35+,https://slickdeals.net/f/17126134-petlibro-interactive-rechargeable-cat-toy-w-led-lights-blue-or-orange-18-99-free-ship-w-prime-or-on-orders-35?src=SiteSearchV2Algo1,,Amazon,$18.99,$25.99,+1,639,https://static.slickdealscdn.com/attachment/3/7/4/7/9/3/150x150/14655652.thumb
"15-Piece Toy Tin (Cat, Ballerina or Llama) Tea Set with Case (Tea Pot, Cup, Tray, Saucers, Plates) $13.49 + Free Shipping w/ Prime or on $35+",https://slickdeals.net/f/17132515-15-piece-toy-tin-cat-ballerina-or-llama-tea-set-with-case-tea-pot-cup-tray-saucers-plates-13-49-free-shipping-w-prime-or-on-35?src=SiteSearchV2Algo1,,Amazon,$13.49,$26.99,+1,"1,594",https://static.slickdealscdn.com/attachment/3/7/4/7/9/3/150x150/14669032.thumb
58-Piece LEGO City Vet Van Rescue Ambulance Building Toy Set $8,https://slickdeals.net/f/17038660-58-piece-lego-city-vet-van-rescue-toy-animal-ambulance-set-7-99-free-shipping-w-prime-or-on-35?src=SiteSearchV2Algo1,,Amazon,$8,$9.99,+24,"13,592",https://static.slickdealscdn.com/attachment/9/3/0/4/6/1/9/150x150/14474995.thumb
Amazon Basics Multi-Platform Cat Condo Tree Tower w/ Scratching Post $35 + Free Shipping,https://slickdeals.net/f/17071792-amazon-basics-multi-platform-cat-condo-tree-tower-w-scratching-post-35-free-shipping?src=SiteSearchV2Algo1,,Rack To Door,$35.00,$99.99,+5,"3,935",https://static.slickdealscdn.com/attachment/3/0/6/6/3/5/5/9/150x150/14552617.thumb
"12"" Star Wars for Pets Cat Bouncy Teaser Toy w/ Feathers $4.91 + Free Shipping w/ Prime or on $35+",https://slickdeals.net/f/17000392-12-star-wars-for-pets-cat-bouncy-teaser-toy-w-feathers-4-91-free-shipping-w-prime-or-on-35?src=SiteSearchV2Algo1,,Amazon,$4.91,$6.99,+7,"3,060",https://static.slickdealscdn.com/attachment/3/1/7/1/9/9/0/1/150x150/14389906.thumb
"Chewy: Up to 50% off on Pet Apparel, Food & Treats + Up to 50% off First Autoship ($20 Max) & More + Free Shipping on $35+",https://slickdeals.net/f/17083981-chewy-up-to-50-off-on-pet-apparel-food-treats-up-to-50-off-first-autoship-20-max-more-free-shipping-on-35?src=SiteSearchV2Algo1,,Chewy,,,+8,"1,366",https://static.slickdealscdn.com/attachment/2/8/2/3/2/8/9/3/150x150/14576740.thumb
Trixie Fantasy Board Cat Toy $21,https://slickdeals.net/f/16902964-trixie-fantasy-board-cat-toy-21?src=SiteSearchV2Algo1,,PetSmart,$21.00,$45.00,+4,"1,701",https://static.slickdealscdn.com/attachment/1/6/8/7/8/7/4/7/150x150/14162572.thumb
New Chewy Accounts: 40-lbs Arm & Hammer Multi-Cat Clumping Cat Litter (Clean Burst) from 3 for $0.65 w/ Autoship & Save,https://slickdeals.net/f/17093428-40-lbs-arm-hammer-multi-cat-clumping-cat-litter-w-clean-burst-3-for-0-65-or-more-w-filler-item-free-shipping?src=SiteSearchV2Algo1,,Chewy,from 3 for $0.65,$68.97,+24,"22,283",https://static.slickdealscdn.com/attachment/2/8/2/3/2/8/9/3/150x150/14597941.thumb
"$10.00: CatToysOfficial Gazillion, CAT Construction 7"" Mini Crew with Dump Truck and Loader",https://slickdeals.net/f/16991269-10-00-cattoysofficial-gazillion-cat-construction-7-mini-crew-with-dump-truck-and-loader?src=SiteSearchV2Algo1,,Amazon,$10.00,$20.99,+2,"2,285",https://static.slickdealscdn.com/attachment/1/1/7/1/5/2/7/150x150/14367562.thumb
"10"" Squishmallows: Laura the Pink Tabby Cat, Coco the Mint Green Koala $5 each & More + Free Store Pickup",https://slickdeals.net/f/17086315-10-squishmallows-laura-the-pink-tabby-cat-coco-the-mint-green-koala-5-each-more-free-store-pickup?src=SiteSearchV2Algo1,,Walmart,$5 each,$24.99,+56,"52,957",https://static.slickdealscdn.com/attachment/3/9/1/5/9/5/0/150x150/14582110.thumb
Meow Cat Treat Dispenser Toy $3.90 + Free Store Pickup,https://slickdeals.net/f/16788287-meow-cat-treat-dispenser-toy-3-90-free-store-pickup?src=SiteSearchV2Algo1,,Kohl's,$3.90,$12.99,+38,"13,815",https://static.slickdealscdn.com/attachment/1/3/5/8/6/2/3/150x150/13900970.thumb
$5 Target GiftCard when you buy 2 select dog & cat supplies + 30% off all cat & dog food - stacking Target Circle offers,https://slickdeals.net/f/17126056-5-target-giftcard-when-you-buy-2-select-dog-cat-supplies-30-off-all-cat-dog-food-stacking-target-circle-offers?src=SiteSearchV2Algo1,,Target,,,+10,"2,882",https://static.slickdealscdn.com/attachment/8/0/4/2/5/150x150/14658076.thumb
Wizarding World Harry Potter Magical Minis Deluxe Hogwarts Castle Playsets w/ 22 Accessories & 3 Figures $20 + Free Shipping w/ Prime or on $35+,https://slickdeals.net/f/17071465-wizarding-world-harry-potter-magical-minis-deluxe-hogwarts-castle-playsets-w-22-accessories-3-figures-20-free-shipping-w-prime-or-on-35?src=SiteSearchV2Algo1,,Amazon,$20.00,$37.99,+5,"2,110",https://static.slickdealscdn.com/attachment/3/8/9/0/8/6/150x150/14551891.thumb
"Digital HD Films: The Aristocats (‪1970‬), Alice Through the Looking Glass (2016) $5 & More",https://slickdeals.net/f/17011141-digital-hd-films-the-aristocats-1970-alice-through-the-looking-glass-2016-5-more?src=SiteSearchV2Algo1,,Microsoft Store,$5,$14.99,+19,"8,791",https://static.slickdealscdn.com/attachment/1/4/9/7/0/7/3/9/150x150/14414242.thumb
"Dog & Cat Toys: 20% Off + BOGO 50% Off + Free Pickup - $0.59 Per Toy (Kong, Whisker City, etc.) & More at PetSmart",https://slickdeals.net/f/16847459-dog-cat-toys-20-off-bogo-50-off-free-pickup-0-59-per-toy-kong-whisker-city-etc-more-at-petsmart?src=SiteSearchV2Algo1,,PetSmart,$1.18,$1.98,+9,"5,337",https://static.slickdealscdn.com/attachment/3/0/6/6/3/5/5/9/150x150/14032931.thumb
Our Pets Play-N-Squeak Mouse Hunter Cat Toy $3,https://slickdeals.net/f/16956592-ourpets-play-n-squeak-mouse-hunter-interactive-catnip-cat-toy-3-free-shipping-w-prime-or-on-35?src=SiteSearchV2Algo1,,Amazon,$3,$5.59,+28,"8,309",https://static.slickdealscdn.com/attachment/2/4/9/7/4/4/3/8/150x150/14285440.thumb
Goody Box Holiday Pet Cat or Dog Toys & Treats from $13,https://slickdeals.net/f/17137240-goody-box-holiday-pet-cat-or-dog-toys-treats-from-13-free-shipping-on-49?src=SiteSearchV2Algo1,,Chewy,from $13,$43.49,+26,"8,212",https://static.slickdealscdn.com/attachment/3/1/7/4/5/4/0/4/150x150/14677927.thumb
"22"" Frisco Cactus Cat Scratching Post $13.35 + Free S&H on $49+",https://slickdeals.net/f/17105881-22-frisco-cactus-cat-scratching-post-13-33-free-s-h-on-49?src=SiteSearchV2Algo1,,Chewy,$13.35,$26.65,+25,"17,117",https://static.slickdealscdn.com/attachment/2/4/9/7/4/4/3/8/150x150/14621134.thumb
Gabby's Dollhouse Magical Musical Cat Ears $7.75,https://slickdeals.net/f/17122240-gabby-s-dollhouse-magical-musical-cat-ears-8-42-free-shipping-w-prime-or-on-35?src=SiteSearchV2Algo1,,Amazon,$7.75,$16.49,+27,"9,511",https://static.slickdealscdn.com/attachment/2/5/5/9/8/9/2/7/150x150/14648431.thumb
"Chewy: First Autoship of Select Pet Products (Dog, Cat & Other Loved Pets) Up to 50% Off + Free Shipping on $49+",https://slickdeals.net/f/17043058-chewy-up-to-50-off-your-first-autoship-of-select-products-dog-cat-other-loved-pets-free-shipping-on-49?src=SiteSearchV2Algo1,,Chewy,Up to 50% Off,,+28,"12,196",https://static.slickdealscdn.com/attachment/3/1/1/9/6/7/1/6/150x150/14484631.thumb
PETLIBRO Interactive Rechargeable Cat Toy w/ LED Lights (Blue or Orange) $18.99 + Free Ship w/Prime or on orders $35+,https://slickdeals.net/f/17126134-petlibro-interactive-rechargeable-cat-toy-w-led-lights-blue-or-orange-18-99-free-ship-w-prime-or-on-orders-35?src=SiteSearchV2Algo1,,Amazon,$18.99,$25.99,+1,639,https://static.slickdealscdn.com/attachment/3/7/4/7/9/3/150x150/14655652.thumb
"15-Piece Toy Tin (Cat, Ballerina or Llama) Tea Set with Case (Tea Pot, Cup, Tray, Saucers, Plates) $13.49 + Free Shipping w/ Prime or on $35+",https://slickdeals.net/f/17132515-15-piece-toy-tin-cat-ballerina-or-llama-tea-set-with-case-tea-pot-cup-tray-saucers-plates-13-49-free-shipping-w-prime-or-on-35?src=SiteSearchV2Algo1,,Amazon,$13.49,$26.99,+1,"1,594",https://static.slickdealscdn.com/attachment/3/7/4/7/9/3/150x150/14669032.thumb
58-Piece LEGO City Vet Van Rescue Ambulance Building Toy Set $8,https://slickdeals.net/f/17038660-58-piece-lego-city-vet-van-rescue-toy-animal-ambulance-set-7-99-free-shipping-w-prime-or-on-35?src=SiteSearchV2Algo1,,Amazon,$8,$9.99,+24,"13,592",https://static.slickdealscdn.com/attachment/9/3/0/4/6/1/9/150x150/14474995.thumb
Amazon Basics Multi-Platform Cat Condo Tree Tower w/ Scratching Post $35 + Free Shipping,https://slickdeals.net/f/17071792-amazon-basics-multi-platform-cat-condo-tree-tower-w-scratching-post-35-free-shipping?src=SiteSearchV2Algo1,,Rack To Door,$35.00,$99.99,+5,"3,935",https://static.slickdealscdn.com/attachment/3/0/6/6/3/5/5/9/150x150/14552617.thumb
"12"" Star Wars for Pets Cat Bouncy Teaser Toy w/ Feathers $4.91 + Free Shipping w/ Prime or on $35+",https://slickdeals.net/f/17000392-12-star-wars-for-pets-cat-bouncy-teaser-toy-w-feathers-4-91-free-shipping-w-prime-or-on-35?src=SiteSearchV2Algo1,,Amazon,$4.91,$6.99,+7,"3,060",https://static.slickdealscdn.com/attachment/3/1/7/1/9/9/0/1/150x150/14389906.thumb
"Chewy: Up to 50% off on Pet Apparel, Food & Treats + Up to 50% off First Autoship ($20 Max) & More + Free Shipping on $35+",https://slickdeals.net/f/17083981-chewy-up-to-50-off-on-pet-apparel-food-treats-up-to-50-off-first-autoship-20-max-more-free-shipping-on-35?src=SiteSearchV2Algo1,,Chewy,,,+8,"1,366",https://static.slickdealscdn.com/attachment/2/8/2/3/2/8/9/3/150x150/14576740.thumb
Trixie Fantasy Board Cat Toy $21,https://slickdeals.net/f/16902964-trixie-fantasy-board-cat-toy-21?src=SiteSearchV2Algo1,,PetSmart,$21.00,$45.00,+4,"1,701",https://static.slickdealscdn.com/attachment/1/6/8/7/8/7/4/7/150x150/14162572.thumb
New Chewy Accounts: 40-lbs Arm & Hammer Multi-Cat Clumping Cat Litter (Clean Burst) from 3 for $0.65 w/ Autoship & Save,https://slickdeals.net/f/17093428-40-lbs-arm-hammer-multi-cat-clumping-cat-litter-w-clean-burst-3-for-0-65-or-more-w-filler-item-free-shipping?src=SiteSearchV2Algo1,,Chewy,from 3 for $0.65,$68.97,+24,"22,283",https://static.slickdealscdn.com/attachment/2/8/2/3/2/8/9/3/150x150/14597941.thumb
"$10.00: CatToysOfficial Gazillion, CAT Construction 7"" Mini Crew with Dump Truck and Loader",https://slickdeals.net/f/16991269-10-00-cattoysofficial-gazillion-cat-construction-7-mini-crew-with-dump-truck-and-loader?src=SiteSearchV2Algo1,,Amazon,$10.00,$20.99,+2,"2,285",https://static.slickdealscdn.com/attachment/1/1/7/1/5/2/7/150x150/14367562.thumb
"10"" Squishmallows: Laura the Pink Tabby Cat, Coco the Mint Green Koala $5 each & More + Free Store Pickup",https://slickdeals.net/f/17086315-10-squishmallows-laura-the-pink-tabby-cat-coco-the-mint-green-koala-5-each-more-free-store-pickup?src=SiteSearchV2Algo1,,Walmart,$5 each,$24.99,+56,"52,957",https://static.slickdealscdn.com/attachment/3/9/1/5/9/5/0/150x150/14582110.thumb
Meow Cat Treat Dispenser Toy $3.90 + Free Store Pickup,https://slickdeals.net/f/16788287-meow-cat-treat-dispenser-toy-3-90-free-store-pickup?src=SiteSearchV2Algo1,,Kohl's,$3.90,$12.99,+38,"13,815",https://static.slickdealscdn.com/attachment/1/3/5/8/6/2/3/150x150/13900970.thumb
$5 Target GiftCard when you buy 2 select dog & cat supplies + 30% off all cat & dog food - stacking Target Circle offers,https://slickdeals.net/f/17126056-5-target-giftcard-when-you-buy-2-select-dog-cat-supplies-30-off-all-cat-dog-food-stacking-target-circle-offers?src=SiteSearchV2Algo1,,Target,,,+10,"2,882",https://static.slickdealscdn.com/attachment/8/0/4/2/5/150x150/14658076.thumb
Wizarding World Harry Potter Magical Minis Deluxe Hogwarts Castle Playsets w/ 22 Accessories & 3 Figures $20 + Free Shipping w/ Prime or on $35+,https://slickdeals.net/f/17071465-wizarding-world-harry-potter-magical-minis-deluxe-hogwarts-castle-playsets-w-22-accessories-3-figures-20-free-shipping-w-prime-or-on-35?src=SiteSearchV2Algo1,,Amazon,$20.00,$37.99,+5,"2,110",https://static.slickdealscdn.com/attachment/3/8/9/0/8/6/150x150/14551891.thumb
"Dog & Cat Toys: 20% Off + BOGO 50% Off + Free Pickup - $0.59 Per Toy (Kong, Whisker City, etc.) & More at PetSmart",https://slickdeals.net/f/16847459-dog-cat-toys-20-off-bogo-50-off-free-pickup-0-59-per-toy-kong-whisker-city-etc-more-at-petsmart?src=SiteSearchV2Algo1,,PetSmart,$1.18,$1.98,+9,"5,337",https://static.slickdealscdn.com/attachment/3/0/6/6/3/5/5/9/150x150/14032931.thumb
"Digital HD Films: The Aristocats (‪1970‬), Alice Through the Looking Glass (2016) $5 & More",https://slickdeals.net/f/17011141-digital-hd-films-the-aristocats-1970-alice-through-the-looking-glass-2016-5-more?src=SiteSearchV2Algo1,,Microsoft Store,$5,$14.99,+19,"8,791",https://static.slickdealscdn.com/attachment/1/4/9/7/0/7/3/9/150x150/14414242.thumb
Our Pets Play-N-Squeak Mouse Hunter Cat Toy $3,https://slickdeals.net/f/16956592-ourpets-play-n-squeak-mouse-hunter-interactive-catnip-cat-toy-3-free-shipping-w-prime-or-on-35?src=SiteSearchV2Algo1,,Amazon,$3,$5.59,+28,"8,309",https://static.slickdealscdn.com/attachment/2/4/9/7/4/4/3/8/150x150/14285440.thumb
Goody Box Holiday Pet Cat or Dog Toys & Treats from $13,https://slickdeals.net/f/17137240-goody-box-holiday-pet-cat-or-dog-toys-treats-from-13-free-shipping-on-49?src=SiteSearchV2Algo1,,Chewy,from $13,$43.49,+26,"8,212",https://static.slickdealscdn.com/attachment/3/1/7/4/5/4/0/4/150x150/14677927.thumb
"22"" Frisco Cactus Cat Scratching Post $13.35 + Free S&H on $49+",https://slickdeals.net/f/17105881-22-frisco-cactus-cat-scratching-post-13-33-free-s-h-on-49?src=SiteSearchV2Algo1,,Chewy,$13.35,$26.65,+25,"17,117",https://static.slickdealscdn.com/attachment/2/4/9/7/4/4/3/8/150x150/14621134.thumb
Gabby's Dollhouse Magical Musical Cat Ears $7.75,https://slickdeals.net/f/17122240-gabby-s-dollhouse-magical-musical-cat-ears-8-42-free-shipping-w-prime-or-on-35?src=SiteSearchV2Algo1,,Amazon,$7.75,$16.49,+27,"9,511",https://static.slickdealscdn.com/attachment/2/5/5/9/8/9/2/7/150x150/14648431.thumb
"Chewy: First Autoship of Select Pet Products (Dog, Cat & Other Loved Pets) Up to 50% Off + Free Shipping on $49+",https://slickdeals.net/f/17043058-chewy-up-to-50-off-your-first-autoship-of-select-products-dog-cat-other-loved-pets-free-shipping-on-49?src=SiteSearchV2Algo1,,Chewy,Up to 50% Off,,+28,"12,196",https://static.slickdealscdn.com/attachment/3/1/1/9/6/7/1/6/150x150/14484631.thumb
PETLIBRO Interactive Rechargeable Cat Toy w/ LED Lights (Blue or Orange) $18.99 + Free Ship w/Prime or on orders $35+,https://slickdeals.net/f/17126134-petlibro-interactive-rechargeable-cat-toy-w-led-lights-blue-or-orange-18-99-free-ship-w-prime-or-on-orders-35?src=SiteSearchV2Algo1,,Amazon,$18.99,$25.99,+1,639,https://static.slickdealscdn.com/attachment/3/7/4/7/9/3/150x150/14655652.thumb
"15-Piece Toy Tin (Cat, Ballerina or Llama) Tea Set with Case (Tea Pot, Cup, Tray, Saucers, Plates) $13.49 + Free Shipping w/ Prime or on $35+",https://slickdeals.net/f/17132515-15-piece-toy-tin-cat-ballerina-or-llama-tea-set-with-case-tea-pot-cup-tray-saucers-plates-13-49-free-shipping-w-prime-or-on-35?src=SiteSearchV2Algo1,,Amazon,$13.49,$26.99,+1,"1,594",https://static.slickdealscdn.com/attachment/3/7/4/7/9/3/150x150/14669032.thumb
58-Piece LEGO City Vet Van Rescue Ambulance Building Toy Set $8,https://slickdeals.net/f/17038660-58-piece-lego-city-vet-van-rescue-toy-animal-ambulance-set-7-99-free-shipping-w-prime-or-on-35?src=SiteSearchV2Algo1,,Amazon,$8,$9.99,+24,"13,592",https://static.slickdealscdn.com/attachment/9/3/0/4/6/1/9/150x150/14474995.thumb
Amazon Basics Multi-Platform Cat Condo Tree Tower w/ Scratching Post $35 + Free Shipping,https://slickdeals.net/f/17071792-amazon-basics-multi-platform-cat-condo-tree-tower-w-scratching-post-35-free-shipping?src=SiteSearchV2Algo1,,Rack To Door,$35.00,$99.99,+5,"3,935",https://static.slickdealscdn.com/attachment/3/0/6/6/3/5/5/9/150x150/14552617.thumb
"12"" Star Wars for Pets Cat Bouncy Teaser Toy w/ Feathers $4.91 + Free Shipping w/ Prime or on $35+",https://slickdeals.net/f/17000392-12-star-wars-for-pets-cat-bouncy-teaser-toy-w-feathers-4-91-free-shipping-w-prime-or-on-35?src=SiteSearchV2Algo1,,Amazon,$4.91,$6.99,+7,"3,060",https://static.slickdealscdn.com/attachment/3/1/7/1/9/9/0/1/150x150/14389906.thumb
"Chewy: Up to 50% off on Pet Apparel, Food & Treats + Up to 50% off First Autoship ($20 Max) & More + Free Shipping on $35+",https://slickdeals.net/f/17083981-chewy-up-to-50-off-on-pet-apparel-food-treats-up-to-50-off-first-autoship-20-max-more-free-shipping-on-35?src=SiteSearchV2Algo1,,Chewy,,,+8,"1,366",https://static.slickdealscdn.com/attachment/2/8/2/3/2/8/9/3/150x150/14576740.thumb
Trixie Fantasy Board Cat Toy $21,https://slickdeals.net/f/16902964-trixie-fantasy-board-cat-toy-21?src=SiteSearchV2Algo1,,PetSmart,$21.00,$45.00,+4,"1,701",https://static.slickdealscdn.com/attachment/1/6/8/7/8/7/4/7/150x150/14162572.thumb
New Chewy Accounts: 40-lbs Arm & Hammer Multi-Cat Clumping Cat Litter (Clean Burst) from 3 for $0.65 w/ Autoship & Save,https://slickdeals.net/f/17093428-40-lbs-arm-hammer-multi-cat-clumping-cat-litter-w-clean-burst-3-for-0-65-or-more-w-filler-item-free-shipping?src=SiteSearchV2Algo1,,Chewy,from 3 for $0.65,$68.97,+24,"22,283",https://static.slickdealscdn.com/attachment/2/8/2/3/2/8/9/3/150x150/14597941.thumb
"$10.00: CatToysOfficial Gazillion, CAT Construction 7"" Mini Crew with Dump Truck and Loader",https://slickdeals.net/f/16991269-10-00-cattoysofficial-gazillion-cat-construction-7-mini-crew-with-dump-truck-and-loader?src=SiteSearchV2Algo1,,Amazon,$10.00,$20.99,+2,"2,285",https://static.slickdealscdn.com/attachment/1/1/7/1/5/2/7/150x150/14367562.thumb
"10"" Squishmallows: Laura the Pink Tabby Cat, Coco the Mint Green Koala $5 each & More + Free Store Pickup",https://slickdeals.net/f/17086315-10-squishmallows-laura-the-pink-tabby-cat-coco-the-mint-green-koala-5-each-more-free-store-pickup?src=SiteSearchV2Algo1,,Walmart,$5 each,$24.99,+56,"52,957",https://static.slickdealscdn.com/attachment/3/9/1/5/9/5/0/150x150/14582110.thumb
Meow Cat Treat Dispenser Toy $3.90 + Free Store Pickup,https://slickdeals.net/f/16788287-meow-cat-treat-dispenser-toy-3-90-free-store-pickup?src=SiteSearchV2Algo1,,Kohl's,$3.90,$12.99,+38,"13,815",https://static.slickdealscdn.com/attachment/1/3/5/8/6/2/3/150x150/13900970.thumb
$5 Target GiftCard when you buy 2 select dog & cat supplies + 30% off all cat & dog food - stacking Target Circle offers,https://slickdeals.net/f/17126056-5-target-giftcard-when-you-buy-2-select-dog-cat-supplies-30-off-all-cat-dog-food-stacking-target-circle-offers?src=SiteSearchV2Algo1,,Target,,,+10,"2,882",https://static.slickdealscdn.com/attachment/8/0/4/2/5/150x150/14658076.thumb
Wizarding World Harry Potter Magical Minis Deluxe Hogwarts Castle Playsets w/ 22 Accessories & 3 Figures $20 + Free Shipping w/ Prime or on $35+,https://slickdeals.net/f/17071465-wizarding-world-harry-potter-magical-minis-deluxe-hogwarts-castle-playsets-w-22-accessories-3-figures-20-free-shipping-w-prime-or-on-35?src=SiteSearchV2Algo1,,Amazon,$20.00,$37.99,+5,"2,110",https://static.slickdealscdn.com/attachment/3/8/9/0/8/6/150x150/14551891.thumb
"Digital HD Films: The Aristocats (‪1970‬), Alice Through the Looking Glass (2016) $5 & More",https://slickdeals.net/f/17011141-digital-hd-films-the-aristocats-1970-alice-through-the-looking-glass-2016-5-more?src=SiteSearchV2Algo1,,Microsoft Store,$5,$14.99,+19,"8,791",https://static.slickdealscdn.com/attachment/1/4/9/7/0/7/3/9/150x150/14414242.thumb
"Dog & Cat Toys: 20% Off + BOGO 50% Off + Free Pickup - $0.59 Per Toy (Kong, Whisker City, etc.) & More at PetSmart",https://slickdeals.net/f/16847459-dog-cat-toys-20-off-bogo-50-off-free-pickup-0-59-per-toy-kong-whisker-city-etc-more-at-petsmart?src=SiteSearchV2Algo1,,PetSmart,$1.18,$1.98,+9,"5,337",https://static.slickdealscdn.com/attachment/3/0/6/6/3/5/5/9/150x150/14032931.thumb
Our Pets Play-N-Squeak Mouse Hunter Cat Toy $3,https://slickdeals.net/f/16956592-ourpets-play-n-squeak-mouse-hunter-interactive-catnip-cat-toy-3-free-shipping-w-prime-or-on-35?src=SiteSearchV2Algo1,,Amazon,$3,$5.59,+28,"8,309",https://static.slickdealscdn.com/attachment/2/4/9/7/4/4/3/8/150x150/14285440.thumb
Goody Box Holiday Pet Cat or Dog Toys & Treats from $13,https://slickdeals.net/f/17137240-goody-box-holiday-pet-cat-or-dog-toys-treats-from-13-free-shipping-on-49?src=SiteSearchV2Algo1,,Chewy,from $13,$43.49,+26,"8,212",https://static.slickdealscdn.com/attachment/3/1/7/4/5/4/0/4/150x150/14677927.thumb
"22"" Frisco Cactus Cat Scratching Post $13.35 + Free S&H on $49+",https://slickdeals.net/f/17105881-22-frisco-cactus-cat-scratching-post-13-33-free-s-h-on-49?src=SiteSearchV2Algo1,,Chewy,$13.35,$26.65,+25,"17,117",https://static.slickdealscdn.com/attachment/2/4/9/7/4/4/3/8/150x150/14621134.thumb
Gabby's Dollhouse Magical Musical Cat Ears $7.75,https://slickdeals.net/f/17122240-gabby-s-dollhouse-magical-musical-cat-ears-8-42-free-shipping-w-prime-or-on-35?src=SiteSearchV2Algo1,,Amazon,$7.75,$16.49,+27,"9,511",https://static.slickdealscdn.com/attachment/2/5/5/9/8/9/2/7/150x150/14648431.thumb
"Chewy: First Autoship of Select Pet Products (Dog, Cat & Other Loved Pets) Up to 50% Off + Free Shipping on $49+",https://slickdeals.net/f/17043058-chewy-up-to-50-off-your-first-autoship-of-select-products-dog-cat-other-loved-pets-free-shipping-on-49?src=SiteSearchV2Algo1,,Chewy,Up to 50% Off,,+28,"12,196",https://static.slickdealscdn.com/attachment/3/1/1/9/6/7/1/6/150x150/14484631.thumb
PETLIBRO Interactive Rechargeable Cat Toy w/ LED Lights (Blue or Orange) $18.99 + Free Ship w/Prime or on orders $35+,https://slickdeals.net/f/17126134-petlibro-interactive-rechargeable-cat-toy-w-led-lights-blue-or-orange-18-99-free-ship-w-prime-or-on-orders-35?src=SiteSearchV2Algo1,,Amazon,$18.99,$25.99,+1,639,https://static.slickdealscdn.com/attachment/3/7/4/7/9/3/150x150/14655652.thumb
"15-Piece Toy Tin (Cat, Ballerina or Llama) Tea Set with Case (Tea Pot, Cup, Tray, Saucers, Plates) $13.49 + Free Shipping w/ Prime or on $35+",https://slickdeals.net/f/17132515-15-piece-toy-tin-cat-ballerina-or-llama-tea-set-with-case-tea-pot-cup-tray-saucers-plates-13-49-free-shipping-w-prime-or-on-35?src=SiteSearchV2Algo1,,Amazon,$13.49,$26.99,+1,"1,594",https://static.slickdealscdn.com/attachment/3/7/4/7/9/3/150x150/14669032.thumb
58-Piece LEGO City Vet Van Rescue Ambulance Building Toy Set $8,https://slickdeals.net/f/17038660-58-piece-lego-city-vet-van-rescue-toy-animal-ambulance-set-7-99-free-shipping-w-prime-or-on-35?src=SiteSearchV2Algo1,,Amazon,$8,$9.99,+24,"13,592",https://static.slickdealscdn.com/attachment/9/3/0/4/6/1/9/150x150/14474995.thumb
Amazon Basics Multi-Platform Cat Condo Tree Tower w/ Scratching Post $35 + Free Shipping,https://slickdeals.net/f/17071792-amazon-basics-multi-platform-cat-condo-tree-tower-w-scratching-post-35-free-shipping?src=SiteSearchV2Algo1,,Rack To Door,$35.00,$99.99,+5,"3,935",https://static.slickdealscdn.com/attachment/3/0/6/6/3/5/5/9/150x150/14552617.thumb
"12"" Star Wars for Pets Cat Bouncy Teaser Toy w/ Feathers $4.91 + Free Shipping w/ Prime or on $35+",https://slickdeals.net/f/17000392-12-star-wars-for-pets-cat-bouncy-teaser-toy-w-feathers-4-91-free-shipping-w-prime-or-on-35?src=SiteSearchV2Algo1,,Amazon,$4.91,$6.99,+7,"3,060",https://static.slickdealscdn.com/attachment/3/1/7/1/9/9/0/1/150x150/14389906.thumb
"Chewy: Up to 50% off on Pet Apparel, Food & Treats + Up to 50% off First Autoship ($20 Max) & More + Free Shipping on $35+",https://slickdeals.net/f/17083981-chewy-up-to-50-off-on-pet-apparel-food-treats-up-to-50-off-first-autoship-20-max-more-free-shipping-on-35?src=SiteSearchV2Algo1,,Chewy,,,+8,"1,366",https://static.slickdealscdn.com/attachment/2/8/2/3/2/8/9/3/150x150/14576740.thumb
Trixie Fantasy Board Cat Toy $21,https://slickdeals.net/f/16902964-trixie-fantasy-board-cat-toy-21?src=SiteSearchV2Algo1,,PetSmart,$21.00,$45.00,+4,"1,701",https://static.slickdealscdn.com/attachment/1/6/8/7/8/7/4/7/150x150/14162572.thumb
New Chewy Accounts: 40-lbs Arm & Hammer Multi-Cat Clumping Cat Litter (Clean Burst) from 3 for $0.65 w/ Autoship & Save,https://slickdeals.net/f/17093428-40-lbs-arm-hammer-multi-cat-clumping-cat-litter-w-clean-burst-3-for-0-65-or-more-w-filler-item-free-shipping?src=SiteSearchV2Algo1,,Chewy,from 3 for $0.65,$68.97,+24,"22,283",https://static.slickdealscdn.com/attachment/2/8/2/3/2/8/9/3/150x150/14597941.thumb
"$10.00: CatToysOfficial Gazillion, CAT Construction 7"" Mini Crew with Dump Truck and Loader",https://slickdeals.net/f/16991269-10-00-cattoysofficial-gazillion-cat-construction-7-mini-crew-with-dump-truck-and-loader?src=SiteSearchV2Algo1,,Amazon,$10.00,$20.99,+2,"2,285",https://static.slickdealscdn.com/attachment/1/1/7/1/5/2/7/150x150/14367562.thumb
"10"" Squishmallows: Laura the Pink Tabby Cat, Coco the Mint Green Koala $5 each & More + Free Store Pickup",https://slickdeals.net/f/17086315-10-squishmallows-laura-the-pink-tabby-cat-coco-the-mint-green-koala-5-each-more-free-store-pickup?src=SiteSearchV2Algo1,,Walmart,$5 each,$24.99,+56,"52,957",https://static.slickdealscdn.com/attachment/3/9/1/5/9/5/0/150x150/14582110.thumb
Meow Cat Treat Dispenser Toy $3.90 + Free Store Pickup,https://slickdeals.net/f/16788287-meow-cat-treat-dispenser-toy-3-90-free-store-pickup?src=SiteSearchV2Algo1,,Kohl's,$3.90,$12.99,+38,"13,815",https://static.slickdealscdn.com/attachment/1/3/5/8/6/2/3/150x150/13900970.thumb
$5 Target GiftCard when you buy 2 select dog & cat supplies + 30% off all cat & dog food - stacking Target Circle offers,https://slickdeals.net/f/17126056-5-target-giftcard-when-you-buy-2-select-dog-cat-supplies-30-off-all-cat-dog-food-stacking-target-circle-offers?src=SiteSearchV2Algo1,,Target,,,+10,"2,882",https://static.slickdealscdn.com/attachment/8/0/4/2/5/150x150/14658076.thumb
Wizarding World Harry Potter Magical Minis Deluxe Hogwarts Castle Playsets w/ 22 Accessories & 3 Figures $20 + Free Shipping w/ Prime or on $35+,https://slickdeals.net/f/17071465-wizarding-world-harry-potter-magical-minis-deluxe-hogwarts-castle-playsets-w-22-accessories-3-figures-20-free-shipping-w-prime-or-on-35?src=SiteSearchV2Algo1,,Amazon,$20.00,$37.99,+5,"2,110",https://static.slickdealscdn.com/attachment/3/8/9/0/8/6/150x150/14551891.thumb
"Dog & Cat Toys: 20% Off + BOGO 50% Off + Free Pickup - $0.59 Per Toy (Kong, Whisker City, etc.) & More at PetSmart",https://slickdeals.net/f/16847459-dog-cat-toys-20-off-bogo-50-off-free-pickup-0-59-per-toy-kong-whisker-city-etc-more-at-petsmart?src=SiteSearchV2Algo1,,PetSmart,$1.18,$1.98,+9,"5,337",https://static.slickdealscdn.com/attachment/3/0/6/6/3/5/5/9/150x150/14032931.thumb
"Digital HD Films: The Aristocats (‪1970‬), Alice Through the Looking Glass (2016) $5 & More",https://slickdeals.net/f/17011141-digital-hd-films-the-aristocats-1970-alice-through-the-looking-glass-2016-5-more?src=SiteSearchV2Algo1,,Microsoft Store,$5,$14.99,+19,"8,791",https://static.slickdealscdn.com/attachment/1/4/9/7/0/7/3/9/150x150/14414242.thumb
Our Pets Play-N-Squeak Mouse Hunter Cat Toy $3,https://slickdeals.net/f/16956592-ourpets-play-n-squeak-mouse-hunter-interactive-catnip-cat-toy-3-free-shipping-w-prime-or-on-35?src=SiteSearchV2Algo1,,Amazon,$3,$5.59,+28,"8,309",https://static.slickdealscdn.com/attachment/2/4/9/7/4/4/3/8/150x150/14285440.thumb
Goody Box Holiday Pet Cat or Dog Toys & Treats from $13,https://slickdeals.net/f/17137240-goody-box-holiday-pet-cat-or-dog-toys-treats-from-13-free-shipping-on-49?src=SiteSearchV2Algo1,,Chewy,from $13,$43.49,+26,"8,212",https://static.slickdealscdn.com/attachment/3/1/7/4/5/4/0/4/150x150/14677927.thumb
"22"" Frisco Cactus Cat Scratching Post $13.35 + Free S&H on $49+",https://slickdeals.net/f/17105881-22-frisco-cactus-cat-scratching-post-13-33-free-s-h-on-49?src=SiteSearchV2Algo1,,Chewy,$13.35,$26.65,+25,"17,117",https://static.slickdealscdn.com/attachment/2/4/9/7/4/4/3/8/150x150/14621134.thumb
Gabby's Dollhouse Magical Musical Cat Ears $7.75,https://slickdeals.net/f/17122240-gabby-s-dollhouse-magical-musical-cat-ears-8-42-free-shipping-w-prime-or-on-35?src=SiteSearchV2Algo1,,Amazon,$7.75,$16.49,+27,"9,511",https://static.slickdealscdn.com/attachment/2/5/5/9/8/9/2/7/150x150/14648431.thumb
"Chewy: First Autoship of Select Pet Products (Dog, Cat & Other Loved Pets) Up to 50% Off + Free Shipping on $49+",https://slickdeals.net/f/17043058-chewy-up-to-50-off-your-first-autoship-of-select-products-dog-cat-other-loved-pets-free-shipping-on-49?src=SiteSearchV2Algo1,,Chewy,Up to 50% Off,,+28,"12,196",https://static.slickdealscdn.com/attachment/3/1/1/9/6/7/1/6/150x150/14484631.thumb
PETLIBRO Interactive Rechargeable Cat Toy w/ LED Lights (Blue or Orange) $18.99 + Free Ship w/Prime or on orders $35+,https://slickdeals.net/f/17126134-petlibro-interactive-rechargeable-cat-toy-w-led-lights-blue-or-orange-18-99-free-ship-w-prime-or-on-orders-35?src=SiteSearchV2Algo1,,Amazon,$18.99,$25.99,+1,639,https://static.slickdealscdn.com/attachment/3/7/4/7/9/3/150x150/14655652.thumb
"15-Piece Toy Tin (Cat, Ballerina or Llama) Tea Set with Case (Tea Pot, Cup, Tray, Saucers, Plates) $13.49 + Free Shipping w/ Prime or on $35+",https://slickdeals.net/f/17132515-15-piece-toy-tin-cat-ballerina-or-llama-tea-set-with-case-tea-pot-cup-tray-saucers-plates-13-49-free-shipping-w-prime-or-on-35?src=SiteSearchV2Algo1,,Amazon,$13.49,$26.99,+1,"1,594",https://static.slickdealscdn.com/attachment/3/7/4/7/9/3/150x150/14669032.thumb
58-Piece LEGO City Vet Van Rescue Ambulance Building Toy Set $8,https://slickdeals.net/f/17038660-58-piece-lego-city-vet-van-rescue-toy-animal-ambulance-set-7-99-free-shipping-w-prime-or-on-35?src=SiteSearchV2Algo1,,Amazon,$8,$9.99,+24,"13,592",https://static.slickdealscdn.com/attachment/9/3/0/4/6/1/9/150x150/14474995.thumb
Amazon Basics Multi-Platform Cat Condo Tree Tower w/ Scratching Post $35 + Free Shipping,https://slickdeals.net/f/17071792-amazon-basics-multi-platform-cat-condo-tree-tower-w-scratching-post-35-free-shipping?src=SiteSearchV2Algo1,,Rack To Door,$35.00,$99.99,+5,"3,935",https://static.slickdealscdn.com/attachment/3/0/6/6/3/5/5/9/150x150/14552617.thumb
"12"" Star Wars for Pets Cat Bouncy Teaser Toy w/ Feathers $4.91 + Free Shipping w/ Prime or on $35+",https://slickdeals.net/f/17000392-12-star-wars-for-pets-cat-bouncy-teaser-toy-w-feathers-4-91-free-shipping-w-prime-or-on-35?src=SiteSearchV2Algo1,,Amazon,$4.91,$6.99,+7,"3,060",https://static.slickdealscdn.com/attachment/3/1/7/1/9/9/0/1/150x150/14389906.thumb
"Chewy: Up to 50% off on Pet Apparel, Food & Treats + Up to 50% off First Autoship ($20 Max) & More + Free Shipping on $35+",https://slickdeals.net/f/17083981-chewy-up-to-50-off-on-pet-apparel-food-treats-up-to-50-off-first-autoship-20-max-more-free-shipping-on-35?src=SiteSearchV2Algo1,,Chewy,,,+8,"1,366",https://static.slickdealscdn.com/attachment/2/8/2/3/2/8/9/3/150x150/14576740.thumb
Trixie Fantasy Board Cat Toy $21,https://slickdeals.net/f/16902964-trixie-fantasy-board-cat-toy-21?src=SiteSearchV2Algo1,,PetSmart,$21.00,$45.00,+4,"1,701",https://static.slickdealscdn.com/attachment/1/6/8/7/8/7/4/7/150x150/14162572.thumb
New Chewy Accounts: 40-lbs Arm & Hammer Multi-Cat Clumping Cat Litter (Clean Burst) from 3 for $0.65 w/ Autoship & Save,https://slickdeals.net/f/17093428-40-lbs-arm-hammer-multi-cat-clumping-cat-litter-w-clean-burst-3-for-0-65-or-more-w-filler-item-free-shipping?src=SiteSearchV2Algo1,,Chewy,from 3 for $0.65,$68.97,+24,"22,283",https://static.slickdealscdn.com/attachment/2/8/2/3/2/8/9/3/150x150/14597941.thumb
"$10.00: CatToysOfficial Gazillion, CAT Construction 7"" Mini Crew with Dump Truck and Loader",https://slickdeals.net/f/16991269-10-00-cattoysofficial-gazillion-cat-construction-7-mini-crew-with-dump-truck-and-loader?src=SiteSearchV2Algo1,,Amazon,$10.00,$20.99,+2,"2,285",https://static.slickdealscdn.com/attachment/1/1/7/1/5/2/7/150x150/14367562.thumb
"10"" Squishmallows: Laura the Pink Tabby Cat, Coco the Mint Green Koala $5 each & More + Free Store Pickup",https://slickdeals.net/f/17086315-10-squishmallows-laura-the-pink-tabby-cat-coco-the-mint-green-koala-5-each-more-free-store-pickup?src=SiteSearchV2Algo1,,Walmart,$5 each,$24.99,+56,"52,957",https://static.slickdealscdn.com/attachment/3/9/1/5/9/5/0/150x150/14582110.thumb
Meow Cat Treat Dispenser Toy $3.90 + Free Store Pickup,https://slickdeals.net/f/16788287-meow-cat-treat-dispenser-toy-3-90-free-store-pickup?src=SiteSearchV2Algo1,,Kohl's,$3.90,$12.99,+38,"13,815",https://static.slickdealscdn.com/attachment/1/3/5/8/6/2/3/150x150/13900970.thumb
$5 Target GiftCard when you buy 2 select dog & cat supplies + 30% off all cat & dog food - stacking Target Circle offers,https://slickdeals.net/f/17126056-5-target-giftcard-when-you-buy-2-select-dog-cat-supplies-30-off-all-cat-dog-food-stacking-target-circle-offers?src=SiteSearchV2Algo1,,Target,,,+10,"2,882",https://static.slickdealscdn.com/attachment/8/0/4/2/5/150x150/14658076.thumb
Wizarding World Harry Potter Magical Minis Deluxe Hogwarts Castle Playsets w/ 22 Accessories & 3 Figures $20 + Free Shipping w/ Prime or on $35+,https://slickdeals.net/f/17071465-wizarding-world-harry-potter-magical-minis-deluxe-hogwarts-castle-playsets-w-22-accessories-3-figures-20-free-shipping-w-prime-or-on-35?src=SiteSearchV2Algo1,,Amazon,$20.00,$37.99,+5,"2,110",https://static.slickdealscdn.com/attachment/3/8/9/0/8/6/150x150/14551891.thumb
"Digital HD Films: The Aristocats (‪1970‬), Alice Through the Looking Glass (2016) $5 & More",https://slickdeals.net/f/17011141-digital-hd-films-the-aristocats-1970-alice-through-the-looking-glass-2016-5-more?src=SiteSearchV2Algo1,,Microsoft Store,$5,$14.99,+19,"8,791",https://static.slickdealscdn.com/attachment/1/4/9/7/0/7/3/9/150x150/14414242.thumb
"Dog & Cat Toys: 20% Off + BOGO 50% Off + Free Pickup - $0.59 Per Toy (Kong, Whisker City, etc.) & More at PetSmart",https://slickdeals.net/f/16847459-dog-cat-toys-20-off-bogo-50-off-free-pickup-0-59-per-toy-kong-whisker-city-etc-more-at-petsmart?src=SiteSearchV2Algo1,,PetSmart,$1.18,$1.98,+9,"5,337",https://static.slickdealscdn.com/attachment/3/0/6/6/3/5/5/9/150x150/14032931.thumb
Our Pets Play-N-Squeak Mouse Hunter Cat Toy $3,https://slickdeals.net/f/16956592-ourpets-play-n-squeak-mouse-hunter-interactive-catnip-cat-toy-3-free-shipping-w-prime-or-on-35?src=SiteSearchV2Algo1,,Amazon,$3,$5.59,+28,"8,309",https://static.slickdealscdn.com/attachment/2/4/9/7/4/4/3/8/150x150/14285440.thumb
